job_id,cohort,model,data_version,imputation,threshold_name,threshold,seed,method,fold,split,record_id,source_id,y_true,y_pred,p_high
full_DT_V_raw_A0_T_main_seed0,full,DT,V_raw,A0,T_main,0.000269,0,holdout,-1,val,148,38,1,1,1.0
full_DT_V_raw_A0_T_main_seed0,full,DT,V_raw,A0,T_main,0.000269,0,holdout,-1,val,145,37,1,1,1.0
full_DT_V_raw_A0_T_main_seed0,full,DT,V_raw,A0,T_main,0.000269,0,holdout,-1,val,89,31,0,0,0.0
full_DT_V_raw_A0_T_main_seed0,full,DT,V_raw,A0,T_main,0.000269,0,holdout,-1,val,217,54,1,1,1.0
full_DT_V_raw_A0_T_main_seed0,full,DT,V_raw,A0,T_main,0.000269,0,holdout,-1,val,107,32,0,0,0.0
full_DT_V_raw_A0_T_main_seed0,full,DT,V_raw,A0,T_main,0.000269,0,holdout,-1,val,42,19,0,0,0.0
full_DT_V_raw_A0_T_main_seed0,full,DT,V_raw,A0,T_main,0.000269,0,holdout,-1,val,73,27,0,0,0.0
full_DT_V_raw_A0_T_main_seed0,full,DT,V_raw,A0,T_main,0.000269,0,holdout,-1,val,113,32,0,0,0.0
full_DT_V_raw_A0_T_main_seed0,full,DT,V_raw,A0,T_main,0.000269,0,holdout,-1,val,52,21,1,1,1.0
full_DT_V_raw_A0_T_main_seed0,full,DT,V_raw,A0,T_main,0.000269,0,holdout,-1,val,35,16,1,1,1.0
full_DT_V_raw_A0_T_main_seed0,full,DT,V_raw,A0,T_main,0.000269,0,holdout,-1,val,152,39,0,0,0.0
full_DT_V_raw_A0_T_main_seed0,full,DT,V_raw,A0,T_main,0.000269,0,holdout,-1,val,216,54,1,0,0.0
full_DT_V_raw_A0_T_main_seed0,full,DT,V_raw,A0,T_main,0.000269,0,holdout,-1,val,31,13,0,1,1.0
full_DT_V_raw_A0_T_main_seed0,full,DT,V_raw,A0,T_main,0.000269,0,holdout,-1,val,212,54,1,1,1.0
full_DT_V_raw_A0_T_main_seed0,full,DT,V_raw,A0,T_main,0.000269,0,holdout,-1,val,172,43,0,0,0.0
full_DT_V_raw_A0_T_main_seed0,full,DT,V_raw,A0,T_main,0.000269,0,holdout,-1,val,125,34,1,1,1.0
full_DT_V_raw_A0_T_main_seed0,full,DT,V_raw,A0,T_main,0.000269,0,holdout,-1,val,93,31,1,1,1.0
full_DT_V_raw_A0_T_main_seed0,full,DT,V_raw,A0,T_main,0.000269,0,holdout,-1,val,178,45,1,1,1.0
full_DT_V_raw_A0_T_main_seed0,full,DT,V_raw,A0,T_main,0.000269,0,holdout,-1,val,213,54,0,0,0.0
full_DT_V_raw_A0_T_main_seed0,full,DT,V_raw,A0,T_main,0.000269,0,holdout,-1,val,163,41,0,1,1.0
full_DT_V_raw_A0_T_main_seed0,full,DT,V_raw,A0,T_main,0.000269,0,holdout,-1,val,60,22,0,0,0.0
full_DT_V_raw_A0_T_main_seed0,full,DT,V_raw,A0,T_main,0.000269,0,holdout,-1,val,11,4,0,0,0.0
full_DT_V_raw_A0_T_main_seed0,full,DT,V_raw,A0,T_main,0.000269,0,holdout,-1,val,27,11,1,1,1.0
full_DT_V_raw_A0_T_main_seed0,full,DT,V_raw,A0,T_main,0.000269,0,holdout,-1,val,137,36,0,1,1.0
full_DT_V_raw_A0_T_main_seed0,full,DT,V_raw,A0,T_main,0.000269,0,holdout,-1,val,199,50,1,0,0.0
full_DT_V_raw_A0_T_main_seed0,full,DT,V_raw,A0,T_main,0.000269,0,holdout,-1,val,160,40,1,1,1.0
full_DT_V_raw_A0_T_main_seed0,full,DT,V_raw,A0,T_main,0.000269,0,holdout,-1,val,33,15,0,0,0.0
full_DT_V_raw_A0_T_main_seed0,full,DT,V_raw,A0,T_main,0.000269,0,holdout,-1,val,82,29,1,1,1.0
full_DT_V_raw_A0_T_main_seed0,full,DT,V_raw,A0,T_main,0.000269,0,holdout,-1,val,86,30,1,1,1.0
full_DT_V_raw_A0_T_main_seed0,full,DT,V_raw,A0,T_main,0.000269,0,holdout,-1,val,108,32,0,0,0.0
full_DT_V_raw_A0_T_main_seed0,full,DT,V_raw,A0,T_main,0.000269,0,holdout,-1,val,208,54,0,0,0.0
full_DT_V_raw_A0_T_main_seed0,full,DT,V_raw,A0,T_main,0.000269,0,holdout,-1,val,165,41,1,1,1.0
full_DT_V_raw_A0_T_main_seed0,full,DT,V_raw,A0,T_main,0.000269,0,holdout,-1,val,16,5,1,1,1.0
full_DT_V_raw_A0_T_main_seed0,full,DT,V_raw,A0,T_main,0.000269,0,holdout,-1,test,211,54,1,1,1.0
full_DT_V_raw_A0_T_main_seed0,full,DT,V_raw,A0,T_main,0.000269,0,holdout,-1,test,169,41,0,0,0.0
full_DT_V_raw_A0_T_main_seed0,full,DT,V_raw,A0,T_main,0.000269,0,holdout,-1,test,94,31,1,1,1.0
full_DT_V_raw_A0_T_main_seed0,full,DT,V_raw,A0,T_main,0.000269,0,holdout,-1,test,109,32,0,0,0.0
full_DT_V_raw_A0_T_main_seed0,full,DT,V_raw,A0,T_main,0.000269,0,holdout,-1,test,21,9,0,0,0.0
full_DT_V_raw_A0_T_main_seed0,full,DT,V_raw,A0,T_main,0.000269,0,holdout,-1,test,162,40,1,1,1.0
full_DT_V_raw_A0_T_main_seed0,full,DT,V_raw,A0,T_main,0.000269,0,holdout,-1,test,143,37,1,1,1.0
full_DT_V_raw_A0_T_main_seed0,full,DT,V_raw,A0,T_main,0.000269,0,holdout,-1,test,123,34,0,0,0.0
full_DT_V_raw_A0_T_main_seed0,full,DT,V_raw,A0,T_main,0.000269,0,holdout,-1,test,115,32,0,1,1.0
full_DT_V_raw_A0_T_main_seed0,full,DT,V_raw,A0,T_main,0.000269,0,holdout,-1,test,158,40,1,1,1.0
full_DT_V_raw_A0_T_main_seed0,full,DT,V_raw,A0,T_main,0.000269,0,holdout,-1,test,72,26,0,0,0.0
full_DT_V_raw_A0_T_main_seed0,full,DT,V_raw,A0,T_main,0.000269,0,holdout,-1,test,30,12,0,1,1.0
full_DT_V_raw_A0_T_main_seed0,full,DT,V_raw,A0,T_main,0.000269,0,holdout,-1,test,75,27,0,0,0.0
full_DT_V_raw_A0_T_main_seed0,full,DT,V_raw,A0,T_main,0.000269,0,holdout,-1,test,129,35,0,0,0.0
full_DT_V_raw_A0_T_main_seed0,full,DT,V_raw,A0,T_main,0.000269,0,holdout,-1,test,117,32,1,1,1.0
full_DT_V_raw_A0_T_main_seed0,full,DT,V_raw,A0,T_main,0.000269,0,holdout,-1,test,6,1,1,1,1.0
full_DT_V_raw_A0_T_main_seed0,full,DT,V_raw,A0,T_main,0.000269,0,holdout,-1,test,46,20,0,0,0.0
full_DT_V_raw_A0_T_main_seed0,full,DT,V_raw,A0,T_main,0.000269,0,holdout,-1,test,174,43,0,0,0.0
full_DT_V_raw_A0_T_main_seed0,full,DT,V_raw,A0,T_main,0.000269,0,holdout,-1,test,142,37,1,1,1.0
full_DT_V_raw_A0_T_main_seed0,full,DT,V_raw,A0,T_main,0.000269,0,holdout,-1,test,181,45,0,1,1.0
full_DT_V_raw_A0_T_main_seed0,full,DT,V_raw,A0,T_main,0.000269,0,holdout,-1,test,119,33,0,0,0.0
full_DT_V_raw_A0_T_main_seed0,full,DT,V_raw,A0,T_main,0.000269,0,holdout,-1,test,53,21,1,1,1.0
full_DT_V_raw_A0_T_main_seed0,full,DT,V_raw,A0,T_main,0.000269,0,holdout,-1,test,95,31,1,1,1.0
full_DT_V_raw_A0_T_main_seed0,full,DT,V_raw,A0,T_main,0.000269,0,holdout,-1,test,146,38,1,1,1.0
full_DT_V_raw_A0_T_main_seed0,full,DT,V_raw,A0,T_main,0.000269,0,holdout,-1,test,214,54,0,0,0.0
full_DT_V_raw_A0_T_main_seed0,full,DT,V_raw,A0,T_main,0.000269,0,holdout,-1,test,51,21,1,1,1.0
full_DT_V_raw_A0_T_main_seed0,full,DT,V_raw,A0,T_main,0.000269,0,holdout,-1,test,206,53,0,0,0.0
full_DT_V_raw_A0_T_main_seed0,full,DT,V_raw,A0,T_main,0.000269,0,holdout,-1,test,196,49,1,1,1.0
full_DT_V_raw_A0_T_main_seed0,full,DT,V_raw,A0,T_main,0.000269,0,holdout,-1,test,25,11,1,1,1.0
full_DT_V_raw_A0_T_main_seed0,full,DT,V_raw,A0,T_main,0.000269,0,holdout,-1,test,220,54,0,0,0.0
full_DT_V_raw_A0_T_main_seed0,full,DT,V_raw,A0,T_main,0.000269,0,holdout,-1,test,5,1,1,1,1.0
full_DT_V_raw_A0_T_main_seed0,full,DT,V_raw,A0,T_main,0.000269,0,holdout,-1,test,3,1,1,1,1.0
full_DT_V_raw_A0_T_main_seed0,full,DT,V_raw,A0,T_main,0.000269,0,holdout,-1,test,91,31,0,1,1.0
full_RF_V_raw_A0_T_main_seed0,full,RF,V_raw,A0,T_main,0.000269,0,holdout,-1,val,148,38,1,1,0.9709725144435984
full_RF_V_raw_A0_T_main_seed0,full,RF,V_raw,A0,T_main,0.000269,0,holdout,-1,val,145,37,1,1,0.6880000000000001
full_RF_V_raw_A0_T_main_seed0,full,RF,V_raw,A0,T_main,0.000269,0,holdout,-1,val,89,31,0,0,0.1337962746905578
full_RF_V_raw_A0_T_main_seed0,full,RF,V_raw,A0,T_main,0.000269,0,holdout,-1,val,217,54,1,1,0.7825665005652468
full_RF_V_raw_A0_T_main_seed0,full,RF,V_raw,A0,T_main,0.000269,0,holdout,-1,val,107,32,0,0,0.1721722779799337
full_RF_V_raw_A0_T_main_seed0,full,RF,V_raw,A0,T_main,0.000269,0,holdout,-1,val,42,19,0,0,0.1346553688759963
full_RF_V_raw_A0_T_main_seed0,full,RF,V_raw,A0,T_main,0.000269,0,holdout,-1,val,73,27,0,0,0.274949440714766
full_RF_V_raw_A0_T_main_seed0,full,RF,V_raw,A0,T_main,0.000269,0,holdout,-1,val,113,32,0,0,0.4598327972655921
full_RF_V_raw_A0_T_main_seed0,full,RF,V_raw,A0,T_main,0.000269,0,holdout,-1,val,52,21,1,1,0.7038203885486056
full_RF_V_raw_A0_T_main_seed0,full,RF,V_raw,A0,T_main,0.000269,0,holdout,-1,val,35,16,1,1,0.7617749094236524
full_RF_V_raw_A0_T_main_seed0,full,RF,V_raw,A0,T_main,0.000269,0,holdout,-1,val,152,39,0,0,0.3085019664431429
full_RF_V_raw_A0_T_main_seed0,full,RF,V_raw,A0,T_main,0.000269,0,holdout,-1,val,216,54,1,0,0.2594296895209142
full_RF_V_raw_A0_T_main_seed0,full,RF,V_raw,A0,T_main,0.000269,0,holdout,-1,val,31,13,0,1,0.8353118994259346
full_RF_V_raw_A0_T_main_seed0,full,RF,V_raw,A0,T_main,0.000269,0,holdout,-1,val,212,54,1,1,0.8177065275430021
full_RF_V_raw_A0_T_main_seed0,full,RF,V_raw,A0,T_main,0.000269,0,holdout,-1,val,172,43,0,0,0.2672318972532195
full_RF_V_raw_A0_T_main_seed0,full,RF,V_raw,A0,T_main,0.000269,0,holdout,-1,val,125,34,1,1,0.7494933809352106
full_RF_V_raw_A0_T_main_seed0,full,RF,V_raw,A0,T_main,0.000269,0,holdout,-1,val,93,31,1,1,0.8787905983001567
full_RF_V_raw_A0_T_main_seed0,full,RF,V_raw,A0,T_main,0.000269,0,holdout,-1,val,178,45,1,1,0.6697091421460378
full_RF_V_raw_A0_T_main_seed0,full,RF,V_raw,A0,T_main,0.000269,0,holdout,-1,val,213,54,0,0,0.0740117556029804
full_RF_V_raw_A0_T_main_seed0,full,RF,V_raw,A0,T_main,0.000269,0,holdout,-1,val,163,41,0,1,0.7094620045804948
full_RF_V_raw_A0_T_main_seed0,full,RF,V_raw,A0,T_main,0.000269,0,holdout,-1,val,60,22,0,0,0.2099897952012346
full_RF_V_raw_A0_T_main_seed0,full,RF,V_raw,A0,T_main,0.000269,0,holdout,-1,val,11,4,0,0,0.1291145531518619
full_RF_V_raw_A0_T_main_seed0,full,RF,V_raw,A0,T_main,0.000269,0,holdout,-1,val,27,11,1,1,0.7620995392883987
full_RF_V_raw_A0_T_main_seed0,full,RF,V_raw,A0,T_main,0.000269,0,holdout,-1,val,137,36,0,0,0.4879345424099976
full_RF_V_raw_A0_T_main_seed0,full,RF,V_raw,A0,T_main,0.000269,0,holdout,-1,val,199,50,1,0,0.2456510763069212
full_RF_V_raw_A0_T_main_seed0,full,RF,V_raw,A0,T_main,0.000269,0,holdout,-1,val,160,40,1,1,0.9958881028789496
full_RF_V_raw_A0_T_main_seed0,full,RF,V_raw,A0,T_main,0.000269,0,holdout,-1,val,33,15,0,0,0.3050260336039158
full_RF_V_raw_A0_T_main_seed0,full,RF,V_raw,A0,T_main,0.000269,0,holdout,-1,val,82,29,1,1,0.5954905070422398
full_RF_V_raw_A0_T_main_seed0,full,RF,V_raw,A0,T_main,0.000269,0,holdout,-1,val,86,30,1,1,0.5174296870967017
full_RF_V_raw_A0_T_main_seed0,full,RF,V_raw,A0,T_main,0.000269,0,holdout,-1,val,108,32,0,0,0.4165272949497515
full_RF_V_raw_A0_T_main_seed0,full,RF,V_raw,A0,T_main,0.000269,0,holdout,-1,val,208,54,0,0,0.2136600853430416
full_RF_V_raw_A0_T_main_seed0,full,RF,V_raw,A0,T_main,0.000269,0,holdout,-1,val,165,41,1,1,0.9507128091542308
full_RF_V_raw_A0_T_main_seed0,full,RF,V_raw,A0,T_main,0.000269,0,holdout,-1,val,16,5,1,1,0.7713694127050372
full_RF_V_raw_A0_T_main_seed0,full,RF,V_raw,A0,T_main,0.000269,0,holdout,-1,test,211,54,1,1,0.7825665005652468
full_RF_V_raw_A0_T_main_seed0,full,RF,V_raw,A0,T_main,0.000269,0,holdout,-1,test,169,41,0,0,0.4316389529684696
full_RF_V_raw_A0_T_main_seed0,full,RF,V_raw,A0,T_main,0.000269,0,holdout,-1,test,94,31,1,1,0.8864240759336341
full_RF_V_raw_A0_T_main_seed0,full,RF,V_raw,A0,T_main,0.000269,0,holdout,-1,test,109,32,0,0,0.0108902403152403
full_RF_V_raw_A0_T_main_seed0,full,RF,V_raw,A0,T_main,0.000269,0,holdout,-1,test,21,9,0,1,0.5273705096592233
full_RF_V_raw_A0_T_main_seed0,full,RF,V_raw,A0,T_main,0.000269,0,holdout,-1,test,162,40,1,1,0.9932794072267755
full_RF_V_raw_A0_T_main_seed0,full,RF,V_raw,A0,T_main,0.000269,0,holdout,-1,test,143,37,1,1,0.8390957550325365
full_RF_V_raw_A0_T_main_seed0,full,RF,V_raw,A0,T_main,0.000269,0,holdout,-1,test,123,34,0,0,0.1215054170987674
full_RF_V_raw_A0_T_main_seed0,full,RF,V_raw,A0,T_main,0.000269,0,holdout,-1,test,115,32,0,0,0.2105835365427802
full_RF_V_raw_A0_T_main_seed0,full,RF,V_raw,A0,T_main,0.000269,0,holdout,-1,test,158,40,1,1,0.8046950185177048
full_RF_V_raw_A0_T_main_seed0,full,RF,V_raw,A0,T_main,0.000269,0,holdout,-1,test,72,26,0,1,0.6755884895812705
full_RF_V_raw_A0_T_main_seed0,full,RF,V_raw,A0,T_main,0.000269,0,holdout,-1,test,30,12,0,1,0.5444948047213598
full_RF_V_raw_A0_T_main_seed0,full,RF,V_raw,A0,T_main,0.000269,0,holdout,-1,test,75,27,0,0,0.1838964236986076
full_RF_V_raw_A0_T_main_seed0,full,RF,V_raw,A0,T_main,0.000269,0,holdout,-1,test,129,35,0,0,0.0665492256022615
full_RF_V_raw_A0_T_main_seed0,full,RF,V_raw,A0,T_main,0.000269,0,holdout,-1,test,117,32,1,0,0.3808026853242398
full_RF_V_raw_A0_T_main_seed0,full,RF,V_raw,A0,T_main,0.000269,0,holdout,-1,test,6,1,1,1,0.8081216339609317
full_RF_V_raw_A0_T_main_seed0,full,RF,V_raw,A0,T_main,0.000269,0,holdout,-1,test,46,20,0,0,0.1310453160586171
full_RF_V_raw_A0_T_main_seed0,full,RF,V_raw,A0,T_main,0.000269,0,holdout,-1,test,174,43,0,0,0.2894296994510217
full_RF_V_raw_A0_T_main_seed0,full,RF,V_raw,A0,T_main,0.000269,0,holdout,-1,test,142,37,1,1,0.5017555380739445
full_RF_V_raw_A0_T_main_seed0,full,RF,V_raw,A0,T_main,0.000269,0,holdout,-1,test,181,45,0,1,0.811897028897029
full_RF_V_raw_A0_T_main_seed0,full,RF,V_raw,A0,T_main,0.000269,0,holdout,-1,test,119,33,0,0,0.1698334075948614
full_RF_V_raw_A0_T_main_seed0,full,RF,V_raw,A0,T_main,0.000269,0,holdout,-1,test,53,21,1,1,0.7096845860794698
full_RF_V_raw_A0_T_main_seed0,full,RF,V_raw,A0,T_main,0.000269,0,holdout,-1,test,95,31,1,1,0.8995950716046298
full_RF_V_raw_A0_T_main_seed0,full,RF,V_raw,A0,T_main,0.000269,0,holdout,-1,test,146,38,1,1,0.8577627037371149
full_RF_V_raw_A0_T_main_seed0,full,RF,V_raw,A0,T_main,0.000269,0,holdout,-1,test,214,54,0,0,0.2136600853430416
full_RF_V_raw_A0_T_main_seed0,full,RF,V_raw,A0,T_main,0.000269,0,holdout,-1,test,51,21,1,1,0.5260327880769914
full_RF_V_raw_A0_T_main_seed0,full,RF,V_raw,A0,T_main,0.000269,0,holdout,-1,test,206,53,0,0,0.3973724722447936
full_RF_V_raw_A0_T_main_seed0,full,RF,V_raw,A0,T_main,0.000269,0,holdout,-1,test,196,49,1,1,0.7513982577962819
full_RF_V_raw_A0_T_main_seed0,full,RF,V_raw,A0,T_main,0.000269,0,holdout,-1,test,25,11,1,1,0.7044220180140731
full_RF_V_raw_A0_T_main_seed0,full,RF,V_raw,A0,T_main,0.000269,0,holdout,-1,test,220,54,0,0,0.2136600853430416
full_RF_V_raw_A0_T_main_seed0,full,RF,V_raw,A0,T_main,0.000269,0,holdout,-1,test,5,1,1,1,0.832578491684952
full_RF_V_raw_A0_T_main_seed0,full,RF,V_raw,A0,T_main,0.000269,0,holdout,-1,test,3,1,1,1,0.7603667425052395
full_RF_V_raw_A0_T_main_seed0,full,RF,V_raw,A0,T_main,0.000269,0,holdout,-1,test,91,31,0,1,0.5016390107784316
full_LGBM_V_raw_A0_T_main_seed0,full,LGBM,V_raw,A0,T_main,0.000269,0,holdout,-1,val,148,38,1,1,0.9764411988390376
full_LGBM_V_raw_A0_T_main_seed0,full,LGBM,V_raw,A0,T_main,0.000269,0,holdout,-1,val,145,37,1,1,0.8848042419791311
full_LGBM_V_raw_A0_T_main_seed0,full,LGBM,V_raw,A0,T_main,0.000269,0,holdout,-1,val,89,31,0,0,0.068980977121699
full_LGBM_V_raw_A0_T_main_seed0,full,LGBM,V_raw,A0,T_main,0.000269,0,holdout,-1,val,217,54,1,1,0.8348464116762752
full_LGBM_V_raw_A0_T_main_seed0,full,LGBM,V_raw,A0,T_main,0.000269,0,holdout,-1,val,107,32,0,0,0.0627163877541777
full_LGBM_V_raw_A0_T_main_seed0,full,LGBM,V_raw,A0,T_main,0.000269,0,holdout,-1,val,42,19,0,0,0.1330126946817442
full_LGBM_V_raw_A0_T_main_seed0,full,LGBM,V_raw,A0,T_main,0.000269,0,holdout,-1,val,73,27,0,0,0.3764114086315693
full_LGBM_V_raw_A0_T_main_seed0,full,LGBM,V_raw,A0,T_main,0.000269,0,holdout,-1,val,113,32,0,0,0.4075367562240398
full_LGBM_V_raw_A0_T_main_seed0,full,LGBM,V_raw,A0,T_main,0.000269,0,holdout,-1,val,52,21,1,1,0.7715145781960643
full_LGBM_V_raw_A0_T_main_seed0,full,LGBM,V_raw,A0,T_main,0.000269,0,holdout,-1,val,35,16,1,1,0.8856419202007492
full_LGBM_V_raw_A0_T_main_seed0,full,LGBM,V_raw,A0,T_main,0.000269,0,holdout,-1,val,152,39,0,0,0.3719080780056378
full_LGBM_V_raw_A0_T_main_seed0,full,LGBM,V_raw,A0,T_main,0.000269,0,holdout,-1,val,216,54,1,0,0.2031046788385689
full_LGBM_V_raw_A0_T_main_seed0,full,LGBM,V_raw,A0,T_main,0.000269,0,holdout,-1,val,31,13,0,1,0.9790076085190592
full_LGBM_V_raw_A0_T_main_seed0,full,LGBM,V_raw,A0,T_main,0.000269,0,holdout,-1,val,212,54,1,1,0.8202424370687896
full_LGBM_V_raw_A0_T_main_seed0,full,LGBM,V_raw,A0,T_main,0.000269,0,holdout,-1,val,172,43,0,0,0.1150575637490294
full_LGBM_V_raw_A0_T_main_seed0,full,LGBM,V_raw,A0,T_main,0.000269,0,holdout,-1,val,125,34,1,1,0.8665075588308757
full_LGBM_V_raw_A0_T_main_seed0,full,LGBM,V_raw,A0,T_main,0.000269,0,holdout,-1,val,93,31,1,1,0.972280879705504
full_LGBM_V_raw_A0_T_main_seed0,full,LGBM,V_raw,A0,T_main,0.000269,0,holdout,-1,val,178,45,1,1,0.7699871153927575
full_LGBM_V_raw_A0_T_main_seed0,full,LGBM,V_raw,A0,T_main,0.000269,0,holdout,-1,val,213,54,0,0,0.0120477011657029
full_LGBM_V_raw_A0_T_main_seed0,full,LGBM,V_raw,A0,T_main,0.000269,0,holdout,-1,val,163,41,0,1,0.7479311899011544
full_LGBM_V_raw_A0_T_main_seed0,full,LGBM,V_raw,A0,T_main,0.000269,0,holdout,-1,val,60,22,0,0,0.0949584448765429
full_LGBM_V_raw_A0_T_main_seed0,full,LGBM,V_raw,A0,T_main,0.000269,0,holdout,-1,val,11,4,0,0,0.0537498522074796
full_LGBM_V_raw_A0_T_main_seed0,full,LGBM,V_raw,A0,T_main,0.000269,0,holdout,-1,val,27,11,1,1,0.8002236424531695
full_LGBM_V_raw_A0_T_main_seed0,full,LGBM,V_raw,A0,T_main,0.000269,0,holdout,-1,val,137,36,0,1,0.854456619162924
full_LGBM_V_raw_A0_T_main_seed0,full,LGBM,V_raw,A0,T_main,0.000269,0,holdout,-1,val,199,50,1,0,0.1234316973850102
full_LGBM_V_raw_A0_T_main_seed0,full,LGBM,V_raw,A0,T_main,0.000269,0,holdout,-1,val,160,40,1,1,0.9730818191072726
full_LGBM_V_raw_A0_T_main_seed0,full,LGBM,V_raw,A0,T_main,0.000269,0,holdout,-1,val,33,15,0,0,0.0379027159286753
full_LGBM_V_raw_A0_T_main_seed0,full,LGBM,V_raw,A0,T_main,0.000269,0,holdout,-1,val,82,29,1,1,0.7527639288521102
full_LGBM_V_raw_A0_T_main_seed0,full,LGBM,V_raw,A0,T_main,0.000269,0,holdout,-1,val,86,30,1,1,0.6932084783549974
full_LGBM_V_raw_A0_T_main_seed0,full,LGBM,V_raw,A0,T_main,0.000269,0,holdout,-1,val,108,32,0,0,0.126111900128076
full_LGBM_V_raw_A0_T_main_seed0,full,LGBM,V_raw,A0,T_main,0.000269,0,holdout,-1,val,208,54,0,0,0.117529992661891
full_LGBM_V_raw_A0_T_main_seed0,full,LGBM,V_raw,A0,T_main,0.000269,0,holdout,-1,val,165,41,1,1,0.9445356987379672
full_LGBM_V_raw_A0_T_main_seed0,full,LGBM,V_raw,A0,T_main,0.000269,0,holdout,-1,val,16,5,1,1,0.9526725253176088
full_LGBM_V_raw_A0_T_main_seed0,full,LGBM,V_raw,A0,T_main,0.000269,0,holdout,-1,test,211,54,1,1,0.8348464116762752
full_LGBM_V_raw_A0_T_main_seed0,full,LGBM,V_raw,A0,T_main,0.000269,0,holdout,-1,test,169,41,0,0,0.113007846507033
full_LGBM_V_raw_A0_T_main_seed0,full,LGBM,V_raw,A0,T_main,0.000269,0,holdout,-1,test,94,31,1,1,0.9685244230541932
full_LGBM_V_raw_A0_T_main_seed0,full,LGBM,V_raw,A0,T_main,0.000269,0,holdout,-1,test,109,32,0,0,0.0225960423186858
full_LGBM_V_raw_A0_T_main_seed0,full,LGBM,V_raw,A0,T_main,0.000269,0,holdout,-1,test,21,9,0,1,0.8113187918622549
full_LGBM_V_raw_A0_T_main_seed0,full,LGBM,V_raw,A0,T_main,0.000269,0,holdout,-1,test,162,40,1,1,0.9730818191072726
full_LGBM_V_raw_A0_T_main_seed0,full,LGBM,V_raw,A0,T_main,0.000269,0,holdout,-1,test,143,37,1,1,0.9377369720827644
full_LGBM_V_raw_A0_T_main_seed0,full,LGBM,V_raw,A0,T_main,0.000269,0,holdout,-1,test,123,34,0,0,0.0471385783459893
full_LGBM_V_raw_A0_T_main_seed0,full,LGBM,V_raw,A0,T_main,0.000269,0,holdout,-1,test,115,32,0,0,0.366956663928338
full_LGBM_V_raw_A0_T_main_seed0,full,LGBM,V_raw,A0,T_main,0.000269,0,holdout,-1,test,158,40,1,1,0.6751439352159203
full_LGBM_V_raw_A0_T_main_seed0,full,LGBM,V_raw,A0,T_main,0.000269,0,holdout,-1,test,72,26,0,1,0.7652142285172925
full_LGBM_V_raw_A0_T_main_seed0,full,LGBM,V_raw,A0,T_main,0.000269,0,holdout,-1,test,30,12,0,1,0.6706416228782938
full_LGBM_V_raw_A0_T_main_seed0,full,LGBM,V_raw,A0,T_main,0.000269,0,holdout,-1,test,75,27,0,0,0.3599953608265027
full_LGBM_V_raw_A0_T_main_seed0,full,LGBM,V_raw,A0,T_main,0.000269,0,holdout,-1,test,129,35,0,0,0.015689283034196
full_LGBM_V_raw_A0_T_main_seed0,full,LGBM,V_raw,A0,T_main,0.000269,0,holdout,-1,test,117,32,1,1,0.5030890916665398
full_LGBM_V_raw_A0_T_main_seed0,full,LGBM,V_raw,A0,T_main,0.000269,0,holdout,-1,test,6,1,1,1,0.7914401772584542
full_LGBM_V_raw_A0_T_main_seed0,full,LGBM,V_raw,A0,T_main,0.000269,0,holdout,-1,test,46,20,0,0,0.1017022420147794
full_LGBM_V_raw_A0_T_main_seed0,full,LGBM,V_raw,A0,T_main,0.000269,0,holdout,-1,test,174,43,0,0,0.1322845297628141
full_LGBM_V_raw_A0_T_main_seed0,full,LGBM,V_raw,A0,T_main,0.000269,0,holdout,-1,test,142,37,1,1,0.6832562338239673
full_LGBM_V_raw_A0_T_main_seed0,full,LGBM,V_raw,A0,T_main,0.000269,0,holdout,-1,test,181,45,0,1,0.9536960452892076
full_LGBM_V_raw_A0_T_main_seed0,full,LGBM,V_raw,A0,T_main,0.000269,0,holdout,-1,test,119,33,0,0,0.0559222772695328
full_LGBM_V_raw_A0_T_main_seed0,full,LGBM,V_raw,A0,T_main,0.000269,0,holdout,-1,test,53,21,1,1,0.7715145781960643
full_LGBM_V_raw_A0_T_main_seed0,full,LGBM,V_raw,A0,T_main,0.000269,0,holdout,-1,test,95,31,1,1,0.9142968763897388
full_LGBM_V_raw_A0_T_main_seed0,full,LGBM,V_raw,A0,T_main,0.000269,0,holdout,-1,test,146,38,1,1,0.9583068060340592
full_LGBM_V_raw_A0_T_main_seed0,full,LGBM,V_raw,A0,T_main,0.000269,0,holdout,-1,test,214,54,0,0,0.117529992661891
full_LGBM_V_raw_A0_T_main_seed0,full,LGBM,V_raw,A0,T_main,0.000269,0,holdout,-1,test,51,21,1,0,0.3865971868094068
full_LGBM_V_raw_A0_T_main_seed0,full,LGBM,V_raw,A0,T_main,0.000269,0,holdout,-1,test,206,53,0,0,0.3376657775868911
full_LGBM_V_raw_A0_T_main_seed0,full,LGBM,V_raw,A0,T_main,0.000269,0,holdout,-1,test,196,49,1,1,0.8148559681103817
full_LGBM_V_raw_A0_T_main_seed0,full,LGBM,V_raw,A0,T_main,0.000269,0,holdout,-1,test,25,11,1,1,0.8465229894658005
full_LGBM_V_raw_A0_T_main_seed0,full,LGBM,V_raw,A0,T_main,0.000269,0,holdout,-1,test,220,54,0,0,0.117529992661891
full_LGBM_V_raw_A0_T_main_seed0,full,LGBM,V_raw,A0,T_main,0.000269,0,holdout,-1,test,5,1,1,1,0.924496076508309
full_LGBM_V_raw_A0_T_main_seed0,full,LGBM,V_raw,A0,T_main,0.000269,0,holdout,-1,test,3,1,1,1,0.8893350972404541
full_LGBM_V_raw_A0_T_main_seed0,full,LGBM,V_raw,A0,T_main,0.000269,0,holdout,-1,test,91,31,0,1,0.75734884646
full_CB_V_raw_A0_T_main_seed0,full,CB,V_raw,A0,T_main,0.000269,0,holdout,-1,val,148,38,1,1,0.9982029755559712
full_CB_V_raw_A0_T_main_seed0,full,CB,V_raw,A0,T_main,0.000269,0,holdout,-1,val,145,37,1,1,0.6251430534351621
full_CB_V_raw_A0_T_main_seed0,full,CB,V_raw,A0,T_main,0.000269,0,holdout,-1,val,89,31,0,0,0.0053710720478746
full_CB_V_raw_A0_T_main_seed0,full,CB,V_raw,A0,T_main,0.000269,0,holdout,-1,val,217,54,1,1,0.99463829480181
full_CB_V_raw_A0_T_main_seed0,full,CB,V_raw,A0,T_main,0.000269,0,holdout,-1,val,107,32,0,0,0.0081890305122865
full_CB_V_raw_A0_T_main_seed0,full,CB,V_raw,A0,T_main,0.000269,0,holdout,-1,val,42,19,0,0,0.0015422471901217
full_CB_V_raw_A0_T_main_seed0,full,CB,V_raw,A0,T_main,0.000269,0,holdout,-1,val,73,27,0,0,0.0164540983774562
full_CB_V_raw_A0_T_main_seed0,full,CB,V_raw,A0,T_main,0.000269,0,holdout,-1,val,113,32,0,0,0.4008402881791169
full_CB_V_raw_A0_T_main_seed0,full,CB,V_raw,A0,T_main,0.000269,0,holdout,-1,val,52,21,1,1,0.9918051547467422
full_CB_V_raw_A0_T_main_seed0,full,CB,V_raw,A0,T_main,0.000269,0,holdout,-1,val,35,16,1,1,0.9889402700626004
full_CB_V_raw_A0_T_main_seed0,full,CB,V_raw,A0,T_main,0.000269,0,holdout,-1,val,152,39,0,0,0.2066780563803359
full_CB_V_raw_A0_T_main_seed0,full,CB,V_raw,A0,T_main,0.000269,0,holdout,-1,val,216,54,1,0,0.0081653606686158
full_CB_V_raw_A0_T_main_seed0,full,CB,V_raw,A0,T_main,0.000269,0,holdout,-1,val,31,13,0,1,0.9779573598118132
full_CB_V_raw_A0_T_main_seed0,full,CB,V_raw,A0,T_main,0.000269,0,holdout,-1,val,212,54,1,1,0.9876115782299686
full_CB_V_raw_A0_T_main_seed0,full,CB,V_raw,A0,T_main,0.000269,0,holdout,-1,val,172,43,0,0,0.0095362821532162
full_CB_V_raw_A0_T_main_seed0,full,CB,V_raw,A0,T_main,0.000269,0,holdout,-1,val,125,34,1,1,0.9882772159311576
full_CB_V_raw_A0_T_main_seed0,full,CB,V_raw,A0,T_main,0.000269,0,holdout,-1,val,93,31,1,1,0.9986935306112896
full_CB_V_raw_A0_T_main_seed0,full,CB,V_raw,A0,T_main,0.000269,0,holdout,-1,val,178,45,1,1,0.9698672511417266
full_CB_V_raw_A0_T_main_seed0,full,CB,V_raw,A0,T_main,0.000269,0,holdout,-1,val,213,54,0,0,0.0020397209217456
full_CB_V_raw_A0_T_main_seed0,full,CB,V_raw,A0,T_main,0.000269,0,holdout,-1,val,163,41,0,1,0.9856231646030252
full_CB_V_raw_A0_T_main_seed0,full,CB,V_raw,A0,T_main,0.000269,0,holdout,-1,val,60,22,0,0,0.0064109572969562
full_CB_V_raw_A0_T_main_seed0,full,CB,V_raw,A0,T_main,0.000269,0,holdout,-1,val,11,4,0,0,0.0056054167742941
full_CB_V_raw_A0_T_main_seed0,full,CB,V_raw,A0,T_main,0.000269,0,holdout,-1,val,27,11,1,1,0.9916090466364238
full_CB_V_raw_A0_T_main_seed0,full,CB,V_raw,A0,T_main,0.000269,0,holdout,-1,val,137,36,0,0,0.3042547931671467
full_CB_V_raw_A0_T_main_seed0,full,CB,V_raw,A0,T_main,0.000269,0,holdout,-1,val,199,50,1,0,0.0221976676912498
full_CB_V_raw_A0_T_main_seed0,full,CB,V_raw,A0,T_main,0.000269,0,holdout,-1,val,160,40,1,1,0.9985311533992272
full_CB_V_raw_A0_T_main_seed0,full,CB,V_raw,A0,T_main,0.000269,0,holdout,-1,val,33,15,0,0,0.0357942696717401
full_CB_V_raw_A0_T_main_seed0,full,CB,V_raw,A0,T_main,0.000269,0,holdout,-1,val,82,29,1,1,0.7606001567488878
full_CB_V_raw_A0_T_main_seed0,full,CB,V_raw,A0,T_main,0.000269,0,holdout,-1,val,86,30,1,1,0.8225916430513512
full_CB_V_raw_A0_T_main_seed0,full,CB,V_raw,A0,T_main,0.000269,0,holdout,-1,val,108,32,0,0,0.0495245879168851
full_CB_V_raw_A0_T_main_seed0,full,CB,V_raw,A0,T_main,0.000269,0,holdout,-1,val,208,54,0,0,0.0233720866376406
full_CB_V_raw_A0_T_main_seed0,full,CB,V_raw,A0,T_main,0.000269,0,holdout,-1,val,165,41,1,1,0.9951134872656726
full_CB_V_raw_A0_T_main_seed0,full,CB,V_raw,A0,T_main,0.000269,0,holdout,-1,val,16,5,1,1,0.961852381337586
full_CB_V_raw_A0_T_main_seed0,full,CB,V_raw,A0,T_main,0.000269,0,holdout,-1,test,211,54,1,1,0.99463829480181
full_CB_V_raw_A0_T_main_seed0,full,CB,V_raw,A0,T_main,0.000269,0,holdout,-1,test,169,41,0,0,0.0040356136519131
full_CB_V_raw_A0_T_main_seed0,full,CB,V_raw,A0,T_main,0.000269,0,holdout,-1,test,94,31,1,1,0.9962523340720528
full_CB_V_raw_A0_T_main_seed0,full,CB,V_raw,A0,T_main,0.000269,0,holdout,-1,test,109,32,0,0,0.0002525944314096
full_CB_V_raw_A0_T_main_seed0,full,CB,V_raw,A0,T_main,0.000269,0,holdout,-1,test,21,9,0,0,0.3182930045256948
full_CB_V_raw_A0_T_main_seed0,full,CB,V_raw,A0,T_main,0.000269,0,holdout,-1,test,162,40,1,1,0.9989746800731524
full_CB_V_raw_A0_T_main_seed0,full,CB,V_raw,A0,T_main,0.000269,0,holdout,-1,test,143,37,1,1,0.989851460264068
full_CB_V_raw_A0_T_main_seed0,full,CB,V_raw,A0,T_main,0.000269,0,holdout,-1,test,123,34,0,0,0.0035172804814823
full_CB_V_raw_A0_T_main_seed0,full,CB,V_raw,A0,T_main,0.000269,0,holdout,-1,test,115,32,0,1,0.7222335894887972
full_CB_V_raw_A0_T_main_seed0,full,CB,V_raw,A0,T_main,0.000269,0,holdout,-1,test,158,40,1,1,0.9773807015684088
full_CB_V_raw_A0_T_main_seed0,full,CB,V_raw,A0,T_main,0.000269,0,holdout,-1,test,72,26,0,1,0.8196761544783262
full_CB_V_raw_A0_T_main_seed0,full,CB,V_raw,A0,T_main,0.000269,0,holdout,-1,test,30,12,0,0,0.399902298029793
full_CB_V_raw_A0_T_main_seed0,full,CB,V_raw,A0,T_main,0.000269,0,holdout,-1,test,75,27,0,0,0.0120966213194965
full_CB_V_raw_A0_T_main_seed0,full,CB,V_raw,A0,T_main,0.000269,0,holdout,-1,test,129,35,0,0,0.0015782948034486
full_CB_V_raw_A0_T_main_seed0,full,CB,V_raw,A0,T_main,0.000269,0,holdout,-1,test,117,32,1,1,0.924539151186783
full_CB_V_raw_A0_T_main_seed0,full,CB,V_raw,A0,T_main,0.000269,0,holdout,-1,test,6,1,1,1,0.9885237130244336
full_CB_V_raw_A0_T_main_seed0,full,CB,V_raw,A0,T_main,0.000269,0,holdout,-1,test,46,20,0,0,0.0070679378747367
full_CB_V_raw_A0_T_main_seed0,full,CB,V_raw,A0,T_main,0.000269,0,holdout,-1,test,174,43,0,0,0.0091581095397085
full_CB_V_raw_A0_T_main_seed0,full,CB,V_raw,A0,T_main,0.000269,0,holdout,-1,test,142,37,1,1,0.8757024198147478
full_CB_V_raw_A0_T_main_seed0,full,CB,V_raw,A0,T_main,0.000269,0,holdout,-1,test,181,45,0,1,0.9732329812575728
full_CB_V_raw_A0_T_main_seed0,full,CB,V_raw,A0,T_main,0.000269,0,holdout,-1,test,119,33,0,0,0.0024062843516726
full_CB_V_raw_A0_T_main_seed0,full,CB,V_raw,A0,T_main,0.000269,0,holdout,-1,test,53,21,1,1,0.9898758435515992
full_CB_V_raw_A0_T_main_seed0,full,CB,V_raw,A0,T_main,0.000269,0,holdout,-1,test,95,31,1,1,0.9967662689534064
full_CB_V_raw_A0_T_main_seed0,full,CB,V_raw,A0,T_main,0.000269,0,holdout,-1,test,146,38,1,1,0.9947476434120408
full_CB_V_raw_A0_T_main_seed0,full,CB,V_raw,A0,T_main,0.000269,0,holdout,-1,test,214,54,0,0,0.0233720866376406
full_CB_V_raw_A0_T_main_seed0,full,CB,V_raw,A0,T_main,0.000269,0,holdout,-1,test,51,21,1,0,0.0234266602667203
full_CB_V_raw_A0_T_main_seed0,full,CB,V_raw,A0,T_main,0.000269,0,holdout,-1,test,206,53,0,0,0.049501138105982
full_CB_V_raw_A0_T_main_seed0,full,CB,V_raw,A0,T_main,0.000269,0,holdout,-1,test,196,49,1,1,0.9900724684729606
full_CB_V_raw_A0_T_main_seed0,full,CB,V_raw,A0,T_main,0.000269,0,holdout,-1,test,25,11,1,1,0.9373658764181516
full_CB_V_raw_A0_T_main_seed0,full,CB,V_raw,A0,T_main,0.000269,0,holdout,-1,test,220,54,0,0,0.0233720866376406
full_CB_V_raw_A0_T_main_seed0,full,CB,V_raw,A0,T_main,0.000269,0,holdout,-1,test,5,1,1,1,0.980373980877542
full_CB_V_raw_A0_T_main_seed0,full,CB,V_raw,A0,T_main,0.000269,0,holdout,-1,test,3,1,1,1,0.9834262057836984
full_CB_V_raw_A0_T_main_seed0,full,CB,V_raw,A0,T_main,0.000269,0,holdout,-1,test,91,31,0,1,0.8772504856445853
full_DT_V_raw_A0_T_main_seed1,full,DT,V_raw,A0,T_main,0.000269,1,holdout,-1,val,92,31,1,1,1.0
full_DT_V_raw_A0_T_main_seed1,full,DT,V_raw,A0,T_main,0.000269,1,holdout,-1,val,214,54,0,0,0.0
full_DT_V_raw_A0_T_main_seed1,full,DT,V_raw,A0,T_main,0.000269,1,holdout,-1,val,134,36,1,1,1.0
full_DT_V_raw_A0_T_main_seed1,full,DT,V_raw,A0,T_main,0.000269,1,holdout,-1,val,102,32,0,0,0.0
full_DT_V_raw_A0_T_main_seed1,full,DT,V_raw,A0,T_main,0.000269,1,holdout,-1,val,20,8,1,1,1.0
full_DT_V_raw_A0_T_main_seed1,full,DT,V_raw,A0,T_main,0.000269,1,holdout,-1,val,34,15,0,0,0.0
full_DT_V_raw_A0_T_main_seed1,full,DT,V_raw,A0,T_main,0.000269,1,holdout,-1,val,155,40,1,1,1.0
full_DT_V_raw_A0_T_main_seed1,full,DT,V_raw,A0,T_main,0.000269,1,holdout,-1,val,224,54,1,1,1.0
full_DT_V_raw_A0_T_main_seed1,full,DT,V_raw,A0,T_main,0.000269,1,holdout,-1,val,64,24,1,1,1.0
full_DT_V_raw_A0_T_main_seed1,full,DT,V_raw,A0,T_main,0.000269,1,holdout,-1,val,184,47,1,1,1.0
full_DT_V_raw_A0_T_main_seed1,full,DT,V_raw,A0,T_main,0.000269,1,holdout,-1,val,108,32,0,0,0.0
full_DT_V_raw_A0_T_main_seed1,full,DT,V_raw,A0,T_main,0.000269,1,holdout,-1,val,118,32,1,0,0.0
full_DT_V_raw_A0_T_main_seed1,full,DT,V_raw,A0,T_main,0.000269,1,holdout,-1,val,156,40,1,1,1.0
full_DT_V_raw_A0_T_main_seed1,full,DT,V_raw,A0,T_main,0.000269,1,holdout,-1,val,2,1,0,0,0.0
full_DT_V_raw_A0_T_main_seed1,full,DT,V_raw,A0,T_main,0.000269,1,holdout,-1,val,40,18,0,1,1.0
full_DT_V_raw_A0_T_main_seed1,full,DT,V_raw,A0,T_main,0.000269,1,holdout,-1,val,126,34,1,1,1.0
full_DT_V_raw_A0_T_main_seed1,full,DT,V_raw,A0,T_main,0.000269,1,holdout,-1,val,11,4,0,1,1.0
full_DT_V_raw_A0_T_main_seed1,full,DT,V_raw,A0,T_main,0.000269,1,holdout,-1,val,26,11,1,1,1.0
full_DT_V_raw_A0_T_main_seed1,full,DT,V_raw,A0,T_main,0.000269,1,holdout,-1,val,111,32,0,1,1.0
full_DT_V_raw_A0_T_main_seed1,full,DT,V_raw,A0,T_main,0.000269,1,holdout,-1,val,24,11,0,1,1.0
full_DT_V_raw_A0_T_main_seed1,full,DT,V_raw,A0,T_main,0.000269,1,holdout,-1,val,17,6,1,1,1.0
full_DT_V_raw_A0_T_main_seed1,full,DT,V_raw,A0,T_main,0.000269,1,holdout,-1,val,112,32,0,1,1.0
full_DT_V_raw_A0_T_main_seed1,full,DT,V_raw,A0,T_main,0.000269,1,holdout,-1,val,173,43,0,0,0.0
full_DT_V_raw_A0_T_main_seed1,full,DT,V_raw,A0,T_main,0.000269,1,holdout,-1,val,150,38,1,1,1.0
full_DT_V_raw_A0_T_main_seed1,full,DT,V_raw,A0,T_main,0.000269,1,holdout,-1,val,199,50,1,0,0.0
full_DT_V_raw_A0_T_main_seed1,full,DT,V_raw,A0,T_main,0.000269,1,holdout,-1,val,209,54,0,0,0.0
full_DT_V_raw_A0_T_main_seed1,full,DT,V_raw,A0,T_main,0.000269,1,holdout,-1,val,204,51,0,1,1.0
full_DT_V_raw_A0_T_main_seed1,full,DT,V_raw,A0,T_main,0.000269,1,holdout,-1,val,183,47,0,0,0.0
full_DT_V_raw_A0_T_main_seed1,full,DT,V_raw,A0,T_main,0.000269,1,holdout,-1,val,42,19,0,0,0.0
full_DT_V_raw_A0_T_main_seed1,full,DT,V_raw,A0,T_main,0.000269,1,holdout,-1,val,166,41,1,1,1.0
full_DT_V_raw_A0_T_main_seed1,full,DT,V_raw,A0,T_main,0.000269,1,holdout,-1,val,15,4,0,1,1.0
full_DT_V_raw_A0_T_main_seed1,full,DT,V_raw,A0,T_main,0.000269,1,holdout,-1,val,82,29,1,1,1.0
full_DT_V_raw_A0_T_main_seed1,full,DT,V_raw,A0,T_main,0.000269,1,holdout,-1,val,124,34,0,0,0.0
full_DT_V_raw_A0_T_main_seed1,full,DT,V_raw,A0,T_main,0.000269,1,holdout,-1,test,131,35,0,0,0.0
full_DT_V_raw_A0_T_main_seed1,full,DT,V_raw,A0,T_main,0.000269,1,holdout,-1,test,14,4,0,1,1.0
full_DT_V_raw_A0_T_main_seed1,full,DT,V_raw,A0,T_main,0.000269,1,holdout,-1,test,53,21,1,1,1.0
full_DT_V_raw_A0_T_main_seed1,full,DT,V_raw,A0,T_main,0.000269,1,holdout,-1,test,195,49,1,1,1.0
full_DT_V_raw_A0_T_main_seed1,full,DT,V_raw,A0,T_main,0.000269,1,holdout,-1,test,30,12,0,1,1.0
full_DT_V_raw_A0_T_main_seed1,full,DT,V_raw,A0,T_main,0.000269,1,holdout,-1,test,28,11,1,1,1.0
full_DT_V_raw_A0_T_main_seed1,full,DT,V_raw,A0,T_main,0.000269,1,holdout,-1,test,203,51,1,1,1.0
full_DT_V_raw_A0_T_main_seed1,full,DT,V_raw,A0,T_main,0.000269,1,holdout,-1,test,228,55,1,1,1.0
full_DT_V_raw_A0_T_main_seed1,full,DT,V_raw,A0,T_main,0.000269,1,holdout,-1,test,136,36,1,1,1.0
full_DT_V_raw_A0_T_main_seed1,full,DT,V_raw,A0,T_main,0.000269,1,holdout,-1,test,25,11,1,1,1.0
full_DT_V_raw_A0_T_main_seed1,full,DT,V_raw,A0,T_main,0.000269,1,holdout,-1,test,18,6,1,1,1.0
full_DT_V_raw_A0_T_main_seed1,full,DT,V_raw,A0,T_main,0.000269,1,holdout,-1,test,221,54,0,0,0.0
full_DT_V_raw_A0_T_main_seed1,full,DT,V_raw,A0,T_main,0.000269,1,holdout,-1,test,130,35,0,0,0.0
full_DT_V_raw_A0_T_main_seed1,full,DT,V_raw,A0,T_main,0.000269,1,holdout,-1,test,9,3,0,0,0.0
full_DT_V_raw_A0_T_main_seed1,full,DT,V_raw,A0,T_main,0.000269,1,holdout,-1,test,54,21,1,1,1.0
full_DT_V_raw_A0_T_main_seed1,full,DT,V_raw,A0,T_main,0.000269,1,holdout,-1,test,159,40,1,1,1.0
full_DT_V_raw_A0_T_main_seed1,full,DT,V_raw,A0,T_main,0.000269,1,holdout,-1,test,45,19,1,1,1.0
full_DT_V_raw_A0_T_main_seed1,full,DT,V_raw,A0,T_main,0.000269,1,holdout,-1,test,175,44,1,1,1.0
full_DT_V_raw_A0_T_main_seed1,full,DT,V_raw,A0,T_main,0.000269,1,holdout,-1,test,138,36,0,0,0.0
full_DT_V_raw_A0_T_main_seed1,full,DT,V_raw,A0,T_main,0.000269,1,holdout,-1,test,137,36,0,0,0.0
full_DT_V_raw_A0_T_main_seed1,full,DT,V_raw,A0,T_main,0.000269,1,holdout,-1,test,141,36,0,0,0.0
full_DT_V_raw_A0_T_main_seed1,full,DT,V_raw,A0,T_main,0.000269,1,holdout,-1,test,13,4,0,0,0.0
full_DT_V_raw_A0_T_main_seed1,full,DT,V_raw,A0,T_main,0.000269,1,holdout,-1,test,101,32,0,0,0.0
full_DT_V_raw_A0_T_main_seed1,full,DT,V_raw,A0,T_main,0.000269,1,holdout,-1,test,78,28,1,1,1.0
full_DT_V_raw_A0_T_main_seed1,full,DT,V_raw,A0,T_main,0.000269,1,holdout,-1,test,21,9,0,0,0.0
full_DT_V_raw_A0_T_main_seed1,full,DT,V_raw,A0,T_main,0.000269,1,holdout,-1,test,39,18,0,1,1.0
full_DT_V_raw_A0_T_main_seed1,full,DT,V_raw,A0,T_main,0.000269,1,holdout,-1,test,44,19,0,0,0.0
full_DT_V_raw_A0_T_main_seed1,full,DT,V_raw,A0,T_main,0.000269,1,holdout,-1,test,50,20,0,0,0.0
full_DT_V_raw_A0_T_main_seed1,full,DT,V_raw,A0,T_main,0.000269,1,holdout,-1,test,167,41,1,1,1.0
full_DT_V_raw_A0_T_main_seed1,full,DT,V_raw,A0,T_main,0.000269,1,holdout,-1,test,27,11,1,1,1.0
full_DT_V_raw_A0_T_main_seed1,full,DT,V_raw,A0,T_main,0.000269,1,holdout,-1,test,97,31,1,1,1.0
full_DT_V_raw_A0_T_main_seed1,full,DT,V_raw,A0,T_main,0.000269,1,holdout,-1,test,115,32,0,0,0.0
full_DT_V_raw_A0_T_main_seed1,full,DT,V_raw,A0,T_main,0.000269,1,holdout,-1,test,153,40,1,1,1.0
full_RF_V_raw_A0_T_main_seed1,full,RF,V_raw,A0,T_main,0.000269,1,holdout,-1,val,92,31,1,0,0.2690044404062343
full_RF_V_raw_A0_T_main_seed1,full,RF,V_raw,A0,T_main,0.000269,1,holdout,-1,val,214,54,0,0,0.1975376835273868
full_RF_V_raw_A0_T_main_seed1,full,RF,V_raw,A0,T_main,0.000269,1,holdout,-1,val,134,36,1,1,0.5488448865386637
full_RF_V_raw_A0_T_main_seed1,full,RF,V_raw,A0,T_main,0.000269,1,holdout,-1,val,102,32,0,0,0.3278826729627715
full_RF_V_raw_A0_T_main_seed1,full,RF,V_raw,A0,T_main,0.000269,1,holdout,-1,val,20,8,1,0,0.3106380831879426
full_RF_V_raw_A0_T_main_seed1,full,RF,V_raw,A0,T_main,0.000269,1,holdout,-1,val,34,15,0,0,0.0290135194944528
full_RF_V_raw_A0_T_main_seed1,full,RF,V_raw,A0,T_main,0.000269,1,holdout,-1,val,155,40,1,1,0.8783974641318305
full_RF_V_raw_A0_T_main_seed1,full,RF,V_raw,A0,T_main,0.000269,1,holdout,-1,val,224,54,1,1,0.7890331516642897
full_RF_V_raw_A0_T_main_seed1,full,RF,V_raw,A0,T_main,0.000269,1,holdout,-1,val,64,24,1,1,0.5982636969019779
full_RF_V_raw_A0_T_main_seed1,full,RF,V_raw,A0,T_main,0.000269,1,holdout,-1,val,184,47,1,0,0.4089517936560081
full_RF_V_raw_A0_T_main_seed1,full,RF,V_raw,A0,T_main,0.000269,1,holdout,-1,val,108,32,0,0,0.3378374713473496
full_RF_V_raw_A0_T_main_seed1,full,RF,V_raw,A0,T_main,0.000269,1,holdout,-1,val,118,32,1,0,0.4566306800677178
full_RF_V_raw_A0_T_main_seed1,full,RF,V_raw,A0,T_main,0.000269,1,holdout,-1,val,156,40,1,1,0.8781752419096084
full_RF_V_raw_A0_T_main_seed1,full,RF,V_raw,A0,T_main,0.000269,1,holdout,-1,val,2,1,0,0,0.0925344273224847
full_RF_V_raw_A0_T_main_seed1,full,RF,V_raw,A0,T_main,0.000269,1,holdout,-1,val,40,18,0,1,0.8445719059500479
full_RF_V_raw_A0_T_main_seed1,full,RF,V_raw,A0,T_main,0.000269,1,holdout,-1,val,126,34,1,1,0.846593818511806
full_RF_V_raw_A0_T_main_seed1,full,RF,V_raw,A0,T_main,0.000269,1,holdout,-1,val,11,4,0,0,0.3871366527232143
full_RF_V_raw_A0_T_main_seed1,full,RF,V_raw,A0,T_main,0.000269,1,holdout,-1,val,26,11,1,1,0.7156882698709012
full_RF_V_raw_A0_T_main_seed1,full,RF,V_raw,A0,T_main,0.000269,1,holdout,-1,val,111,32,0,0,0.4872386209261511
full_RF_V_raw_A0_T_main_seed1,full,RF,V_raw,A0,T_main,0.000269,1,holdout,-1,val,24,11,0,0,0.252802609936791
full_RF_V_raw_A0_T_main_seed1,full,RF,V_raw,A0,T_main,0.000269,1,holdout,-1,val,17,6,1,1,0.7812255424098938
full_RF_V_raw_A0_T_main_seed1,full,RF,V_raw,A0,T_main,0.000269,1,holdout,-1,val,112,32,0,0,0.4904555521430823
full_RF_V_raw_A0_T_main_seed1,full,RF,V_raw,A0,T_main,0.000269,1,holdout,-1,val,173,43,0,0,0.3703126268572208
full_RF_V_raw_A0_T_main_seed1,full,RF,V_raw,A0,T_main,0.000269,1,holdout,-1,val,150,38,1,1,0.8918601852006504
full_RF_V_raw_A0_T_main_seed1,full,RF,V_raw,A0,T_main,0.000269,1,holdout,-1,val,199,50,1,0,0.3492166386287461
full_RF_V_raw_A0_T_main_seed1,full,RF,V_raw,A0,T_main,0.000269,1,holdout,-1,val,209,54,0,0,0.2323029865203374
full_RF_V_raw_A0_T_main_seed1,full,RF,V_raw,A0,T_main,0.000269,1,holdout,-1,val,204,51,0,1,0.5764629212532413
full_RF_V_raw_A0_T_main_seed1,full,RF,V_raw,A0,T_main,0.000269,1,holdout,-1,val,183,47,0,0,0.0906596487063715
full_RF_V_raw_A0_T_main_seed1,full,RF,V_raw,A0,T_main,0.000269,1,holdout,-1,val,42,19,0,0,0.1010686017220152
full_RF_V_raw_A0_T_main_seed1,full,RF,V_raw,A0,T_main,0.000269,1,holdout,-1,val,166,41,1,1,0.5415626604108159
full_RF_V_raw_A0_T_main_seed1,full,RF,V_raw,A0,T_main,0.000269,1,holdout,-1,val,15,4,0,0,0.4565823277730379
full_RF_V_raw_A0_T_main_seed1,full,RF,V_raw,A0,T_main,0.000269,1,holdout,-1,val,82,29,1,1,0.5050432782005936
full_RF_V_raw_A0_T_main_seed1,full,RF,V_raw,A0,T_main,0.000269,1,holdout,-1,val,124,34,0,0,0.4292748818790795
full_RF_V_raw_A0_T_main_seed1,full,RF,V_raw,A0,T_main,0.000269,1,holdout,-1,test,131,35,0,0,0.2888246855299219
full_RF_V_raw_A0_T_main_seed1,full,RF,V_raw,A0,T_main,0.000269,1,holdout,-1,test,14,4,0,0,0.2797561371472675
full_RF_V_raw_A0_T_main_seed1,full,RF,V_raw,A0,T_main,0.000269,1,holdout,-1,test,53,21,1,1,0.676715254058097
full_RF_V_raw_A0_T_main_seed1,full,RF,V_raw,A0,T_main,0.000269,1,holdout,-1,test,195,49,1,1,0.5523314451256318
full_RF_V_raw_A0_T_main_seed1,full,RF,V_raw,A0,T_main,0.000269,1,holdout,-1,test,30,12,0,0,0.4248507744656213
full_RF_V_raw_A0_T_main_seed1,full,RF,V_raw,A0,T_main,0.000269,1,holdout,-1,test,28,11,1,1,0.7051039749559552
full_RF_V_raw_A0_T_main_seed1,full,RF,V_raw,A0,T_main,0.000269,1,holdout,-1,test,203,51,1,1,0.6709994143457363
full_RF_V_raw_A0_T_main_seed1,full,RF,V_raw,A0,T_main,0.000269,1,holdout,-1,test,228,55,1,1,0.8084761822325943
full_RF_V_raw_A0_T_main_seed1,full,RF,V_raw,A0,T_main,0.000269,1,holdout,-1,test,136,36,1,1,0.612499153976786
full_RF_V_raw_A0_T_main_seed1,full,RF,V_raw,A0,T_main,0.000269,1,holdout,-1,test,25,11,1,1,0.7228242190144585
full_RF_V_raw_A0_T_main_seed1,full,RF,V_raw,A0,T_main,0.000269,1,holdout,-1,test,18,6,1,1,0.7812255424098938
full_RF_V_raw_A0_T_main_seed1,full,RF,V_raw,A0,T_main,0.000269,1,holdout,-1,test,221,54,0,0,0.2323029865203374
full_RF_V_raw_A0_T_main_seed1,full,RF,V_raw,A0,T_main,0.000269,1,holdout,-1,test,130,35,0,0,0.2653657422733204
full_RF_V_raw_A0_T_main_seed1,full,RF,V_raw,A0,T_main,0.000269,1,holdout,-1,test,9,3,0,0,0.0390264882085084
full_RF_V_raw_A0_T_main_seed1,full,RF,V_raw,A0,T_main,0.000269,1,holdout,-1,test,54,21,1,1,0.6135867401246813
full_RF_V_raw_A0_T_main_seed1,full,RF,V_raw,A0,T_main,0.000269,1,holdout,-1,test,159,40,1,1,0.8980870076067111
full_RF_V_raw_A0_T_main_seed1,full,RF,V_raw,A0,T_main,0.000269,1,holdout,-1,test,45,19,1,0,0.3284401339600308
full_RF_V_raw_A0_T_main_seed1,full,RF,V_raw,A0,T_main,0.000269,1,holdout,-1,test,175,44,1,1,0.7146939036392703
full_RF_V_raw_A0_T_main_seed1,full,RF,V_raw,A0,T_main,0.000269,1,holdout,-1,test,138,36,0,1,0.571926347153979
full_RF_V_raw_A0_T_main_seed1,full,RF,V_raw,A0,T_main,0.000269,1,holdout,-1,test,137,36,0,1,0.5973746396022716
full_RF_V_raw_A0_T_main_seed1,full,RF,V_raw,A0,T_main,0.000269,1,holdout,-1,test,141,36,0,0,0.1955622301617065
full_RF_V_raw_A0_T_main_seed1,full,RF,V_raw,A0,T_main,0.000269,1,holdout,-1,test,13,4,0,0,0.0884686904139697
full_RF_V_raw_A0_T_main_seed1,full,RF,V_raw,A0,T_main,0.000269,1,holdout,-1,test,101,32,0,0,0.3246657417458403
full_RF_V_raw_A0_T_main_seed1,full,RF,V_raw,A0,T_main,0.000269,1,holdout,-1,test,78,28,1,1,0.7453717252033591
full_RF_V_raw_A0_T_main_seed1,full,RF,V_raw,A0,T_main,0.000269,1,holdout,-1,test,21,9,0,0,0.2542137970910567
full_RF_V_raw_A0_T_main_seed1,full,RF,V_raw,A0,T_main,0.000269,1,holdout,-1,test,39,18,0,1,0.8445719059500479
full_RF_V_raw_A0_T_main_seed1,full,RF,V_raw,A0,T_main,0.000269,1,holdout,-1,test,44,19,0,0,0.1035347852968944
full_RF_V_raw_A0_T_main_seed1,full,RF,V_raw,A0,T_main,0.000269,1,holdout,-1,test,50,20,0,1,0.5687223321665608
full_RF_V_raw_A0_T_main_seed1,full,RF,V_raw,A0,T_main,0.000269,1,holdout,-1,test,167,41,1,1,0.5239328735310288
full_RF_V_raw_A0_T_main_seed1,full,RF,V_raw,A0,T_main,0.000269,1,holdout,-1,test,27,11,1,1,0.7125148989435829
full_RF_V_raw_A0_T_main_seed1,full,RF,V_raw,A0,T_main,0.000269,1,holdout,-1,test,97,31,1,1,0.7867303654540342
full_RF_V_raw_A0_T_main_seed1,full,RF,V_raw,A0,T_main,0.000269,1,holdout,-1,test,115,32,0,0,0.3893935635789515
full_RF_V_raw_A0_T_main_seed1,full,RF,V_raw,A0,T_main,0.000269,1,holdout,-1,test,153,40,1,1,0.7979105746639572
full_LGBM_V_raw_A0_T_main_seed1,full,LGBM,V_raw,A0,T_main,0.000269,1,holdout,-1,val,92,31,1,0,0.0880528333828914
full_LGBM_V_raw_A0_T_main_seed1,full,LGBM,V_raw,A0,T_main,0.000269,1,holdout,-1,val,214,54,0,0,0.0012088213884477
full_LGBM_V_raw_A0_T_main_seed1,full,LGBM,V_raw,A0,T_main,0.000269,1,holdout,-1,val,134,36,1,1,0.9087137172847936
full_LGBM_V_raw_A0_T_main_seed1,full,LGBM,V_raw,A0,T_main,0.000269,1,holdout,-1,val,102,32,0,0,0.0027360146073984
full_LGBM_V_raw_A0_T_main_seed1,full,LGBM,V_raw,A0,T_main,0.000269,1,holdout,-1,val,20,8,1,1,0.8257745165214934
full_LGBM_V_raw_A0_T_main_seed1,full,LGBM,V_raw,A0,T_main,0.000269,1,holdout,-1,val,34,15,0,0,4.681191001262604e-06
full_LGBM_V_raw_A0_T_main_seed1,full,LGBM,V_raw,A0,T_main,0.000269,1,holdout,-1,val,155,40,1,1,0.9999707302347074
full_LGBM_V_raw_A0_T_main_seed1,full,LGBM,V_raw,A0,T_main,0.000269,1,holdout,-1,val,224,54,1,1,0.9978771353656234
full_LGBM_V_raw_A0_T_main_seed1,full,LGBM,V_raw,A0,T_main,0.000269,1,holdout,-1,val,64,24,1,1,0.9767337083314558
full_LGBM_V_raw_A0_T_main_seed1,full,LGBM,V_raw,A0,T_main,0.000269,1,holdout,-1,val,184,47,1,0,0.3031735762777406
full_LGBM_V_raw_A0_T_main_seed1,full,LGBM,V_raw,A0,T_main,0.000269,1,holdout,-1,val,108,32,0,0,0.0008553750690499
full_LGBM_V_raw_A0_T_main_seed1,full,LGBM,V_raw,A0,T_main,0.000269,1,holdout,-1,val,118,32,1,0,0.0091794255334992
full_LGBM_V_raw_A0_T_main_seed1,full,LGBM,V_raw,A0,T_main,0.000269,1,holdout,-1,val,156,40,1,1,0.9996308299422484
full_LGBM_V_raw_A0_T_main_seed1,full,LGBM,V_raw,A0,T_main,0.000269,1,holdout,-1,val,2,1,0,0,0.0035541288739409
full_LGBM_V_raw_A0_T_main_seed1,full,LGBM,V_raw,A0,T_main,0.000269,1,holdout,-1,val,40,18,0,1,0.9994256104711916
full_LGBM_V_raw_A0_T_main_seed1,full,LGBM,V_raw,A0,T_main,0.000269,1,holdout,-1,val,126,34,1,1,0.9999645574281956
full_LGBM_V_raw_A0_T_main_seed1,full,LGBM,V_raw,A0,T_main,0.000269,1,holdout,-1,val,11,4,0,0,0.0031658411644506
full_LGBM_V_raw_A0_T_main_seed1,full,LGBM,V_raw,A0,T_main,0.000269,1,holdout,-1,val,26,11,1,1,0.9930450082211884
full_LGBM_V_raw_A0_T_main_seed1,full,LGBM,V_raw,A0,T_main,0.000269,1,holdout,-1,val,111,32,0,1,0.996036802241236
full_LGBM_V_raw_A0_T_main_seed1,full,LGBM,V_raw,A0,T_main,0.000269,1,holdout,-1,val,24,11,0,0,0.014573380957454
full_LGBM_V_raw_A0_T_main_seed1,full,LGBM,V_raw,A0,T_main,0.000269,1,holdout,-1,val,17,6,1,1,0.9997750153149456
full_LGBM_V_raw_A0_T_main_seed1,full,LGBM,V_raw,A0,T_main,0.000269,1,holdout,-1,val,112,32,0,1,0.9957476156393896
full_LGBM_V_raw_A0_T_main_seed1,full,LGBM,V_raw,A0,T_main,0.000269,1,holdout,-1,val,173,43,0,0,0.0012259546145888
full_LGBM_V_raw_A0_T_main_seed1,full,LGBM,V_raw,A0,T_main,0.000269,1,holdout,-1,val,150,38,1,1,0.9996906771968728
full_LGBM_V_raw_A0_T_main_seed1,full,LGBM,V_raw,A0,T_main,0.000269,1,holdout,-1,val,199,50,1,0,0.0169425872590525
full_LGBM_V_raw_A0_T_main_seed1,full,LGBM,V_raw,A0,T_main,0.000269,1,holdout,-1,val,209,54,0,0,0.0012035244799727
full_LGBM_V_raw_A0_T_main_seed1,full,LGBM,V_raw,A0,T_main,0.000269,1,holdout,-1,val,204,51,0,1,0.9941420173214476
full_LGBM_V_raw_A0_T_main_seed1,full,LGBM,V_raw,A0,T_main,0.000269,1,holdout,-1,val,183,47,0,0,0.0191323925879246
full_LGBM_V_raw_A0_T_main_seed1,full,LGBM,V_raw,A0,T_main,0.000269,1,holdout,-1,val,42,19,0,0,1.4561536583027736e-05
full_LGBM_V_raw_A0_T_main_seed1,full,LGBM,V_raw,A0,T_main,0.000269,1,holdout,-1,val,166,41,1,1,0.9965121795875256
full_LGBM_V_raw_A0_T_main_seed1,full,LGBM,V_raw,A0,T_main,0.000269,1,holdout,-1,val,15,4,0,0,0.020324445125005
full_LGBM_V_raw_A0_T_main_seed1,full,LGBM,V_raw,A0,T_main,0.000269,1,holdout,-1,val,82,29,1,1,0.9760868913794196
full_LGBM_V_raw_A0_T_main_seed1,full,LGBM,V_raw,A0,T_main,0.000269,1,holdout,-1,val,124,34,0,0,0.0141003885517731
full_LGBM_V_raw_A0_T_main_seed1,full,LGBM,V_raw,A0,T_main,0.000269,1,holdout,-1,test,131,35,0,0,0.0001981927476871
full_LGBM_V_raw_A0_T_main_seed1,full,LGBM,V_raw,A0,T_main,0.000269,1,holdout,-1,test,14,4,0,0,0.0121136733335983
full_LGBM_V_raw_A0_T_main_seed1,full,LGBM,V_raw,A0,T_main,0.000269,1,holdout,-1,test,53,21,1,1,0.999902625275846
full_LGBM_V_raw_A0_T_main_seed1,full,LGBM,V_raw,A0,T_main,0.000269,1,holdout,-1,test,195,49,1,1,0.9401747275972832
full_LGBM_V_raw_A0_T_main_seed1,full,LGBM,V_raw,A0,T_main,0.000269,1,holdout,-1,test,30,12,0,0,0.1175187505850473
full_LGBM_V_raw_A0_T_main_seed1,full,LGBM,V_raw,A0,T_main,0.000269,1,holdout,-1,test,28,11,1,1,0.9985342496806886
full_LGBM_V_raw_A0_T_main_seed1,full,LGBM,V_raw,A0,T_main,0.000269,1,holdout,-1,test,203,51,1,1,0.999087799027153
full_LGBM_V_raw_A0_T_main_seed1,full,LGBM,V_raw,A0,T_main,0.000269,1,holdout,-1,test,228,55,1,1,0.9999629484730126
full_LGBM_V_raw_A0_T_main_seed1,full,LGBM,V_raw,A0,T_main,0.000269,1,holdout,-1,test,136,36,1,1,0.9970204655705596
full_LGBM_V_raw_A0_T_main_seed1,full,LGBM,V_raw,A0,T_main,0.000269,1,holdout,-1,test,25,11,1,1,0.9935322342704718
full_LGBM_V_raw_A0_T_main_seed1,full,LGBM,V_raw,A0,T_main,0.000269,1,holdout,-1,test,18,6,1,1,0.9997750153149456
full_LGBM_V_raw_A0_T_main_seed1,full,LGBM,V_raw,A0,T_main,0.000269,1,holdout,-1,test,221,54,0,0,0.0012035244799727
full_LGBM_V_raw_A0_T_main_seed1,full,LGBM,V_raw,A0,T_main,0.000269,1,holdout,-1,test,130,35,0,0,0.0003572163194201
full_LGBM_V_raw_A0_T_main_seed1,full,LGBM,V_raw,A0,T_main,0.000269,1,holdout,-1,test,9,3,0,0,0.0001207404917644
full_LGBM_V_raw_A0_T_main_seed1,full,LGBM,V_raw,A0,T_main,0.000269,1,holdout,-1,test,54,21,1,1,0.999902625275846
full_LGBM_V_raw_A0_T_main_seed1,full,LGBM,V_raw,A0,T_main,0.000269,1,holdout,-1,test,159,40,1,1,0.999996930635126
full_LGBM_V_raw_A0_T_main_seed1,full,LGBM,V_raw,A0,T_main,0.000269,1,holdout,-1,test,45,19,1,0,0.0201390862729305
full_LGBM_V_raw_A0_T_main_seed1,full,LGBM,V_raw,A0,T_main,0.000269,1,holdout,-1,test,175,44,1,1,0.8773177684391174
full_LGBM_V_raw_A0_T_main_seed1,full,LGBM,V_raw,A0,T_main,0.000269,1,holdout,-1,test,138,36,0,1,0.9888859679639792
full_LGBM_V_raw_A0_T_main_seed1,full,LGBM,V_raw,A0,T_main,0.000269,1,holdout,-1,test,137,36,0,1,0.9946293073465
full_LGBM_V_raw_A0_T_main_seed1,full,LGBM,V_raw,A0,T_main,0.000269,1,holdout,-1,test,141,36,0,0,0.0003193500293434
full_LGBM_V_raw_A0_T_main_seed1,full,LGBM,V_raw,A0,T_main,0.000269,1,holdout,-1,test,13,4,0,0,0.0001086760574136
full_LGBM_V_raw_A0_T_main_seed1,full,LGBM,V_raw,A0,T_main,0.000269,1,holdout,-1,test,101,32,0,0,0.0028049819892278
full_LGBM_V_raw_A0_T_main_seed1,full,LGBM,V_raw,A0,T_main,0.000269,1,holdout,-1,test,78,28,1,1,0.99724480174649
full_LGBM_V_raw_A0_T_main_seed1,full,LGBM,V_raw,A0,T_main,0.000269,1,holdout,-1,test,21,9,0,0,0.0254763051594503
full_LGBM_V_raw_A0_T_main_seed1,full,LGBM,V_raw,A0,T_main,0.000269,1,holdout,-1,test,39,18,0,1,0.9994256104711916
full_LGBM_V_raw_A0_T_main_seed1,full,LGBM,V_raw,A0,T_main,0.000269,1,holdout,-1,test,44,19,0,0,0.0003325434227271
full_LGBM_V_raw_A0_T_main_seed1,full,LGBM,V_raw,A0,T_main,0.000269,1,holdout,-1,test,50,20,0,0,0.0129313507397828
full_LGBM_V_raw_A0_T_main_seed1,full,LGBM,V_raw,A0,T_main,0.000269,1,holdout,-1,test,167,41,1,1,0.976163974859066
full_LGBM_V_raw_A0_T_main_seed1,full,LGBM,V_raw,A0,T_main,0.000269,1,holdout,-1,test,27,11,1,1,0.9984259351718864
full_LGBM_V_raw_A0_T_main_seed1,full,LGBM,V_raw,A0,T_main,0.000269,1,holdout,-1,test,97,31,1,1,0.9995593802844138
full_LGBM_V_raw_A0_T_main_seed1,full,LGBM,V_raw,A0,T_main,0.000269,1,holdout,-1,test,115,32,0,0,0.0026748838948113
full_LGBM_V_raw_A0_T_main_seed1,full,LGBM,V_raw,A0,T_main,0.000269,1,holdout,-1,test,153,40,1,1,0.8957194199308762
full_CB_V_raw_A0_T_main_seed1,full,CB,V_raw,A0,T_main,0.000269,1,holdout,-1,val,92,31,1,0,0.1247038791598434
full_CB_V_raw_A0_T_main_seed1,full,CB,V_raw,A0,T_main,0.000269,1,holdout,-1,val,214,54,0,0,0.0623269009228639
full_CB_V_raw_A0_T_main_seed1,full,CB,V_raw,A0,T_main,0.000269,1,holdout,-1,val,134,36,1,1,0.6985574303891073
full_CB_V_raw_A0_T_main_seed1,full,CB,V_raw,A0,T_main,0.000269,1,holdout,-1,val,102,32,0,0,0.0795917691184285
full_CB_V_raw_A0_T_main_seed1,full,CB,V_raw,A0,T_main,0.000269,1,holdout,-1,val,20,8,1,0,0.3113402503751867
full_CB_V_raw_A0_T_main_seed1,full,CB,V_raw,A0,T_main,0.000269,1,holdout,-1,val,34,15,0,0,0.0029942874901352
full_CB_V_raw_A0_T_main_seed1,full,CB,V_raw,A0,T_main,0.000269,1,holdout,-1,val,155,40,1,1,0.9673359055254172
full_CB_V_raw_A0_T_main_seed1,full,CB,V_raw,A0,T_main,0.000269,1,holdout,-1,val,224,54,1,1,0.9412568843083926
full_CB_V_raw_A0_T_main_seed1,full,CB,V_raw,A0,T_main,0.000269,1,holdout,-1,val,64,24,1,1,0.7104536354307059
full_CB_V_raw_A0_T_main_seed1,full,CB,V_raw,A0,T_main,0.000269,1,holdout,-1,val,184,47,1,0,0.2766726161602184
full_CB_V_raw_A0_T_main_seed1,full,CB,V_raw,A0,T_main,0.000269,1,holdout,-1,val,108,32,0,0,0.0157181652206841
full_CB_V_raw_A0_T_main_seed1,full,CB,V_raw,A0,T_main,0.000269,1,holdout,-1,val,118,32,1,0,0.1045031395731293
full_CB_V_raw_A0_T_main_seed1,full,CB,V_raw,A0,T_main,0.000269,1,holdout,-1,val,156,40,1,1,0.9733814077508358
full_CB_V_raw_A0_T_main_seed1,full,CB,V_raw,A0,T_main,0.000269,1,holdout,-1,val,2,1,0,0,0.1143940311911927
full_CB_V_raw_A0_T_main_seed1,full,CB,V_raw,A0,T_main,0.000269,1,holdout,-1,val,40,18,0,1,0.9783061341940532
full_CB_V_raw_A0_T_main_seed1,full,CB,V_raw,A0,T_main,0.000269,1,holdout,-1,val,126,34,1,1,0.966946051435263
full_CB_V_raw_A0_T_main_seed1,full,CB,V_raw,A0,T_main,0.000269,1,holdout,-1,val,11,4,0,0,0.1043303894141925
full_CB_V_raw_A0_T_main_seed1,full,CB,V_raw,A0,T_main,0.000269,1,holdout,-1,val,26,11,1,1,0.8901065748236129
full_CB_V_raw_A0_T_main_seed1,full,CB,V_raw,A0,T_main,0.000269,1,holdout,-1,val,111,32,0,1,0.8548786060232904
full_CB_V_raw_A0_T_main_seed1,full,CB,V_raw,A0,T_main,0.000269,1,holdout,-1,val,24,11,0,0,0.0934768707446278
full_CB_V_raw_A0_T_main_seed1,full,CB,V_raw,A0,T_main,0.000269,1,holdout,-1,val,17,6,1,1,0.9368093383621684
full_CB_V_raw_A0_T_main_seed1,full,CB,V_raw,A0,T_main,0.000269,1,holdout,-1,val,112,32,0,1,0.8633791675667774
full_CB_V_raw_A0_T_main_seed1,full,CB,V_raw,A0,T_main,0.000269,1,holdout,-1,val,173,43,0,0,0.0513532922342436
full_CB_V_raw_A0_T_main_seed1,full,CB,V_raw,A0,T_main,0.000269,1,holdout,-1,val,150,38,1,1,0.9761239742365624
full_CB_V_raw_A0_T_main_seed1,full,CB,V_raw,A0,T_main,0.000269,1,holdout,-1,val,199,50,1,0,0.0784445589131254
full_CB_V_raw_A0_T_main_seed1,full,CB,V_raw,A0,T_main,0.000269,1,holdout,-1,val,209,54,0,0,0.0762551549185046
full_CB_V_raw_A0_T_main_seed1,full,CB,V_raw,A0,T_main,0.000269,1,holdout,-1,val,204,51,0,1,0.8695279949480501
full_CB_V_raw_A0_T_main_seed1,full,CB,V_raw,A0,T_main,0.000269,1,holdout,-1,val,183,47,0,0,0.1780966701544171
full_CB_V_raw_A0_T_main_seed1,full,CB,V_raw,A0,T_main,0.000269,1,holdout,-1,val,42,19,0,0,0.0065941149504606
full_CB_V_raw_A0_T_main_seed1,full,CB,V_raw,A0,T_main,0.000269,1,holdout,-1,val,166,41,1,1,0.8530691413885655
full_CB_V_raw_A0_T_main_seed1,full,CB,V_raw,A0,T_main,0.000269,1,holdout,-1,val,15,4,0,0,0.3277472749267097
full_CB_V_raw_A0_T_main_seed1,full,CB,V_raw,A0,T_main,0.000269,1,holdout,-1,val,82,29,1,1,0.6461285608498902
full_CB_V_raw_A0_T_main_seed1,full,CB,V_raw,A0,T_main,0.000269,1,holdout,-1,val,124,34,0,0,0.1118082731668354
full_CB_V_raw_A0_T_main_seed1,full,CB,V_raw,A0,T_main,0.000269,1,holdout,-1,test,131,35,0,0,0.028729302215206
full_CB_V_raw_A0_T_main_seed1,full,CB,V_raw,A0,T_main,0.000269,1,holdout,-1,test,14,4,0,0,0.1320626294502581
full_CB_V_raw_A0_T_main_seed1,full,CB,V_raw,A0,T_main,0.000269,1,holdout,-1,test,53,21,1,1,0.9664096800373784
full_CB_V_raw_A0_T_main_seed1,full,CB,V_raw,A0,T_main,0.000269,1,holdout,-1,test,195,49,1,1,0.7900303876498496
full_CB_V_raw_A0_T_main_seed1,full,CB,V_raw,A0,T_main,0.000269,1,holdout,-1,test,30,12,0,1,0.5270308604814032
full_CB_V_raw_A0_T_main_seed1,full,CB,V_raw,A0,T_main,0.000269,1,holdout,-1,test,28,11,1,1,0.9362076436600336
full_CB_V_raw_A0_T_main_seed1,full,CB,V_raw,A0,T_main,0.000269,1,holdout,-1,test,203,51,1,1,0.9594199594350264
full_CB_V_raw_A0_T_main_seed1,full,CB,V_raw,A0,T_main,0.000269,1,holdout,-1,test,228,55,1,1,0.9798206934962548
full_CB_V_raw_A0_T_main_seed1,full,CB,V_raw,A0,T_main,0.000269,1,holdout,-1,test,136,36,1,1,0.9487910818266176
full_CB_V_raw_A0_T_main_seed1,full,CB,V_raw,A0,T_main,0.000269,1,holdout,-1,test,25,11,1,1,0.8930666401876579
full_CB_V_raw_A0_T_main_seed1,full,CB,V_raw,A0,T_main,0.000269,1,holdout,-1,test,18,6,1,1,0.9368093383621684
full_CB_V_raw_A0_T_main_seed1,full,CB,V_raw,A0,T_main,0.000269,1,holdout,-1,test,221,54,0,0,0.0762551549185046
full_CB_V_raw_A0_T_main_seed1,full,CB,V_raw,A0,T_main,0.000269,1,holdout,-1,test,130,35,0,0,0.0294765015067348
full_CB_V_raw_A0_T_main_seed1,full,CB,V_raw,A0,T_main,0.000269,1,holdout,-1,test,9,3,0,0,0.0114565366313915
full_CB_V_raw_A0_T_main_seed1,full,CB,V_raw,A0,T_main,0.000269,1,holdout,-1,test,54,21,1,1,0.8655324476030896
full_CB_V_raw_A0_T_main_seed1,full,CB,V_raw,A0,T_main,0.000269,1,holdout,-1,test,159,40,1,1,0.986401622094004
full_CB_V_raw_A0_T_main_seed1,full,CB,V_raw,A0,T_main,0.000269,1,holdout,-1,test,45,19,1,0,0.1512383271766494
full_CB_V_raw_A0_T_main_seed1,full,CB,V_raw,A0,T_main,0.000269,1,holdout,-1,test,175,44,1,1,0.7168210299144182
full_CB_V_raw_A0_T_main_seed1,full,CB,V_raw,A0,T_main,0.000269,1,holdout,-1,test,138,36,0,1,0.9271156679894794
full_CB_V_raw_A0_T_main_seed1,full,CB,V_raw,A0,T_main,0.000269,1,holdout,-1,test,137,36,0,1,0.9467024602626448
full_CB_V_raw_A0_T_main_seed1,full,CB,V_raw,A0,T_main,0.000269,1,holdout,-1,test,141,36,0,0,0.016384820314207
full_CB_V_raw_A0_T_main_seed1,full,CB,V_raw,A0,T_main,0.000269,1,holdout,-1,test,13,4,0,0,0.0142171648230136
full_CB_V_raw_A0_T_main_seed1,full,CB,V_raw,A0,T_main,0.000269,1,holdout,-1,test,101,32,0,0,0.0745947070202304
full_CB_V_raw_A0_T_main_seed1,full,CB,V_raw,A0,T_main,0.000269,1,holdout,-1,test,78,28,1,1,0.9288569702550842
full_CB_V_raw_A0_T_main_seed1,full,CB,V_raw,A0,T_main,0.000269,1,holdout,-1,test,21,9,0,0,0.3931280676589374
full_CB_V_raw_A0_T_main_seed1,full,CB,V_raw,A0,T_main,0.000269,1,holdout,-1,test,39,18,0,1,0.9783061341940532
full_CB_V_raw_A0_T_main_seed1,full,CB,V_raw,A0,T_main,0.000269,1,holdout,-1,test,44,19,0,0,0.05507755235373
full_CB_V_raw_A0_T_main_seed1,full,CB,V_raw,A0,T_main,0.000269,1,holdout,-1,test,50,20,0,0,0.2114094388202755
full_CB_V_raw_A0_T_main_seed1,full,CB,V_raw,A0,T_main,0.000269,1,holdout,-1,test,167,41,1,1,0.8373236490221948
full_CB_V_raw_A0_T_main_seed1,full,CB,V_raw,A0,T_main,0.000269,1,holdout,-1,test,27,11,1,1,0.9178980690599684
full_CB_V_raw_A0_T_main_seed1,full,CB,V_raw,A0,T_main,0.000269,1,holdout,-1,test,97,31,1,1,0.9666626384045908
full_CB_V_raw_A0_T_main_seed1,full,CB,V_raw,A0,T_main,0.000269,1,holdout,-1,test,115,32,0,0,0.1471432466264675
full_CB_V_raw_A0_T_main_seed1,full,CB,V_raw,A0,T_main,0.000269,1,holdout,-1,test,153,40,1,1,0.7073120107047898
full_DT_V_raw_A0_T_main_seed2,full,DT,V_raw,A0,T_main,0.000269,2,holdout,-1,val,204,51,0,1,1.0
full_DT_V_raw_A0_T_main_seed2,full,DT,V_raw,A0,T_main,0.000269,2,holdout,-1,val,215,54,0,0,0.0
full_DT_V_raw_A0_T_main_seed2,full,DT,V_raw,A0,T_main,0.000269,2,holdout,-1,val,94,31,1,1,1.0
full_DT_V_raw_A0_T_main_seed2,full,DT,V_raw,A0,T_main,0.000269,2,holdout,-1,val,70,25,0,0,0.0
full_DT_V_raw_A0_T_main_seed2,full,DT,V_raw,A0,T_main,0.000269,2,holdout,-1,val,199,50,1,0,0.0
full_DT_V_raw_A0_T_main_seed2,full,DT,V_raw,A0,T_main,0.000269,2,holdout,-1,val,221,54,0,0,0.0
full_DT_V_raw_A0_T_main_seed2,full,DT,V_raw,A0,T_main,0.000269,2,holdout,-1,val,166,41,1,1,0.6666666666666666
full_DT_V_raw_A0_T_main_seed2,full,DT,V_raw,A0,T_main,0.000269,2,holdout,-1,val,133,35,0,0,0.0
full_DT_V_raw_A0_T_main_seed2,full,DT,V_raw,A0,T_main,0.000269,2,holdout,-1,val,174,43,0,1,0.6666666666666666
full_DT_V_raw_A0_T_main_seed2,full,DT,V_raw,A0,T_main,0.000269,2,holdout,-1,val,78,28,1,0,0.5
full_DT_V_raw_A0_T_main_seed2,full,DT,V_raw,A0,T_main,0.000269,2,holdout,-1,val,163,41,0,1,1.0
full_DT_V_raw_A0_T_main_seed2,full,DT,V_raw,A0,T_main,0.000269,2,holdout,-1,val,208,54,0,0,0.0
full_DT_V_raw_A0_T_main_seed2,full,DT,V_raw,A0,T_main,0.000269,2,holdout,-1,val,179,45,1,1,0.6666666666666666
full_DT_V_raw_A0_T_main_seed2,full,DT,V_raw,A0,T_main,0.000269,2,holdout,-1,val,52,21,1,1,1.0
full_DT_V_raw_A0_T_main_seed2,full,DT,V_raw,A0,T_main,0.000269,2,holdout,-1,val,80,28,1,1,1.0
full_DT_V_raw_A0_T_main_seed2,full,DT,V_raw,A0,T_main,0.000269,2,holdout,-1,val,151,38,1,1,0.6666666666666666
full_DT_V_raw_A0_T_main_seed2,full,DT,V_raw,A0,T_main,0.000269,2,holdout,-1,val,210,54,0,1,0.6666666666666666
full_DT_V_raw_A0_T_main_seed2,full,DT,V_raw,A0,T_main,0.000269,2,holdout,-1,val,224,54,1,1,0.6666666666666666
full_DT_V_raw_A0_T_main_seed2,full,DT,V_raw,A0,T_main,0.000269,2,holdout,-1,val,125,34,1,1,1.0
full_DT_V_raw_A0_T_main_seed2,full,DT,V_raw,A0,T_main,0.000269,2,holdout,-1,val,7,1,1,1,1.0
full_DT_V_raw_A0_T_main_seed2,full,DT,V_raw,A0,T_main,0.000269,2,holdout,-1,val,104,32,0,0,0.0
full_DT_V_raw_A0_T_main_seed2,full,DT,V_raw,A0,T_main,0.000269,2,holdout,-1,val,194,49,0,1,1.0
full_DT_V_raw_A0_T_main_seed2,full,DT,V_raw,A0,T_main,0.000269,2,holdout,-1,val,40,18,0,0,0.4
full_DT_V_raw_A0_T_main_seed2,full,DT,V_raw,A0,T_main,0.000269,2,holdout,-1,val,64,24,1,0,0.5
full_DT_V_raw_A0_T_main_seed2,full,DT,V_raw,A0,T_main,0.000269,2,holdout,-1,val,73,27,0,0,0.0
full_DT_V_raw_A0_T_main_seed2,full,DT,V_raw,A0,T_main,0.000269,2,holdout,-1,val,157,40,1,1,1.0
full_DT_V_raw_A0_T_main_seed2,full,DT,V_raw,A0,T_main,0.000269,2,holdout,-1,val,201,50,0,0,0.0
full_DT_V_raw_A0_T_main_seed2,full,DT,V_raw,A0,T_main,0.000269,2,holdout,-1,val,107,32,0,0,0.0
full_DT_V_raw_A0_T_main_seed2,full,DT,V_raw,A0,T_main,0.000269,2,holdout,-1,val,97,31,1,1,1.0
full_DT_V_raw_A0_T_main_seed2,full,DT,V_raw,A0,T_main,0.000269,2,holdout,-1,val,60,22,0,0,0.0
full_DT_V_raw_A0_T_main_seed2,full,DT,V_raw,A0,T_main,0.000269,2,holdout,-1,val,149,38,1,1,1.0
full_DT_V_raw_A0_T_main_seed2,full,DT,V_raw,A0,T_main,0.000269,2,holdout,-1,val,5,1,1,1,1.0
full_DT_V_raw_A0_T_main_seed2,full,DT,V_raw,A0,T_main,0.000269,2,holdout,-1,val,134,36,1,0,0.0
full_DT_V_raw_A0_T_main_seed2,full,DT,V_raw,A0,T_main,0.000269,2,holdout,-1,test,4,1,1,1,1.0
full_DT_V_raw_A0_T_main_seed2,full,DT,V_raw,A0,T_main,0.000269,2,holdout,-1,test,147,38,1,1,1.0
full_DT_V_raw_A0_T_main_seed2,full,DT,V_raw,A0,T_main,0.000269,2,holdout,-1,test,15,4,0,0,0.0
full_DT_V_raw_A0_T_main_seed2,full,DT,V_raw,A0,T_main,0.000269,2,holdout,-1,test,114,32,0,0,0.0
full_DT_V_raw_A0_T_main_seed2,full,DT,V_raw,A0,T_main,0.000269,2,holdout,-1,test,120,33,1,0,0.5
full_DT_V_raw_A0_T_main_seed2,full,DT,V_raw,A0,T_main,0.000269,2,holdout,-1,test,160,40,1,1,1.0
full_DT_V_raw_A0_T_main_seed2,full,DT,V_raw,A0,T_main,0.000269,2,holdout,-1,test,34,15,0,0,0.0
full_DT_V_raw_A0_T_main_seed2,full,DT,V_raw,A0,T_main,0.000269,2,holdout,-1,test,214,54,0,0,0.0
full_DT_V_raw_A0_T_main_seed2,full,DT,V_raw,A0,T_main,0.000269,2,holdout,-1,test,118,32,1,0,0.0
full_DT_V_raw_A0_T_main_seed2,full,DT,V_raw,A0,T_main,0.000269,2,holdout,-1,test,172,43,0,1,0.6666666666666666
full_DT_V_raw_A0_T_main_seed2,full,DT,V_raw,A0,T_main,0.000269,2,holdout,-1,test,202,50,0,0,0.0
full_DT_V_raw_A0_T_main_seed2,full,DT,V_raw,A0,T_main,0.000269,2,holdout,-1,test,186,47,1,0,0.4
full_DT_V_raw_A0_T_main_seed2,full,DT,V_raw,A0,T_main,0.000269,2,holdout,-1,test,82,29,1,0,0.4
full_DT_V_raw_A0_T_main_seed2,full,DT,V_raw,A0,T_main,0.000269,2,holdout,-1,test,18,6,1,1,1.0
full_DT_V_raw_A0_T_main_seed2,full,DT,V_raw,A0,T_main,0.000269,2,holdout,-1,test,44,19,0,0,0.0
full_DT_V_raw_A0_T_main_seed2,full,DT,V_raw,A0,T_main,0.000269,2,holdout,-1,test,195,49,1,1,1.0
full_DT_V_raw_A0_T_main_seed2,full,DT,V_raw,A0,T_main,0.000269,2,holdout,-1,test,142,37,1,0,0.0
full_DT_V_raw_A0_T_main_seed2,full,DT,V_raw,A0,T_main,0.000269,2,holdout,-1,test,84,30,0,1,1.0
full_DT_V_raw_A0_T_main_seed2,full,DT,V_raw,A0,T_main,0.000269,2,holdout,-1,test,91,31,0,1,1.0
full_DT_V_raw_A0_T_main_seed2,full,DT,V_raw,A0,T_main,0.000269,2,holdout,-1,test,131,35,0,0,0.0
full_DT_V_raw_A0_T_main_seed2,full,DT,V_raw,A0,T_main,0.000269,2,holdout,-1,test,137,36,0,0,0.0
full_DT_V_raw_A0_T_main_seed2,full,DT,V_raw,A0,T_main,0.000269,2,holdout,-1,test,92,31,1,1,1.0
full_DT_V_raw_A0_T_main_seed2,full,DT,V_raw,A0,T_main,0.000269,2,holdout,-1,test,175,44,1,1,1.0
full_DT_V_raw_A0_T_main_seed2,full,DT,V_raw,A0,T_main,0.000269,2,holdout,-1,test,158,40,1,1,1.0
full_DT_V_raw_A0_T_main_seed2,full,DT,V_raw,A0,T_main,0.000269,2,holdout,-1,test,47,20,0,0,0.0
full_DT_V_raw_A0_T_main_seed2,full,DT,V_raw,A0,T_main,0.000269,2,holdout,-1,test,66,25,0,0,0.0
full_DT_V_raw_A0_T_main_seed2,full,DT,V_raw,A0,T_main,0.000269,2,holdout,-1,test,228,55,1,1,1.0
full_DT_V_raw_A0_T_main_seed2,full,DT,V_raw,A0,T_main,0.000269,2,holdout,-1,test,187,47,0,0,0.0
full_DT_V_raw_A0_T_main_seed2,full,DT,V_raw,A0,T_main,0.000269,2,holdout,-1,test,168,41,0,0,0.0
full_DT_V_raw_A0_T_main_seed2,full,DT,V_raw,A0,T_main,0.000269,2,holdout,-1,test,165,41,1,1,1.0
full_DT_V_raw_A0_T_main_seed2,full,DT,V_raw,A0,T_main,0.000269,2,holdout,-1,test,212,54,1,1,0.6666666666666666
full_DT_V_raw_A0_T_main_seed2,full,DT,V_raw,A0,T_main,0.000269,2,holdout,-1,test,100,32,0,0,0.0
full_DT_V_raw_A0_T_main_seed2,full,DT,V_raw,A0,T_main,0.000269,2,holdout,-1,test,69,25,0,0,0.0
full_RF_V_raw_A0_T_main_seed2,full,RF,V_raw,A0,T_main,0.000269,2,holdout,-1,val,204,51,0,1,0.7200685425685425
full_RF_V_raw_A0_T_main_seed2,full,RF,V_raw,A0,T_main,0.000269,2,holdout,-1,val,215,54,0,0,0.1862219632219632
full_RF_V_raw_A0_T_main_seed2,full,RF,V_raw,A0,T_main,0.000269,2,holdout,-1,val,94,31,1,1,0.9153097643097644
full_RF_V_raw_A0_T_main_seed2,full,RF,V_raw,A0,T_main,0.000269,2,holdout,-1,val,70,25,0,0,0.1658328523328522
full_RF_V_raw_A0_T_main_seed2,full,RF,V_raw,A0,T_main,0.000269,2,holdout,-1,val,199,50,1,0,0.4737565952565953
full_RF_V_raw_A0_T_main_seed2,full,RF,V_raw,A0,T_main,0.000269,2,holdout,-1,val,221,54,0,0,0.1862219632219632
full_RF_V_raw_A0_T_main_seed2,full,RF,V_raw,A0,T_main,0.000269,2,holdout,-1,val,166,41,1,1,0.8397866762866761
full_RF_V_raw_A0_T_main_seed2,full,RF,V_raw,A0,T_main,0.000269,2,holdout,-1,val,133,35,0,0,0.1144488936988936
full_RF_V_raw_A0_T_main_seed2,full,RF,V_raw,A0,T_main,0.000269,2,holdout,-1,val,174,43,0,0,0.4779164076664074
full_RF_V_raw_A0_T_main_seed2,full,RF,V_raw,A0,T_main,0.000269,2,holdout,-1,val,78,28,1,1,0.6772588985088985
full_RF_V_raw_A0_T_main_seed2,full,RF,V_raw,A0,T_main,0.000269,2,holdout,-1,val,163,41,0,1,0.7178441558441555
full_RF_V_raw_A0_T_main_seed2,full,RF,V_raw,A0,T_main,0.000269,2,holdout,-1,val,208,54,0,0,0.1746042383542383
full_RF_V_raw_A0_T_main_seed2,full,RF,V_raw,A0,T_main,0.000269,2,holdout,-1,val,179,45,1,1,0.722400913900914
full_RF_V_raw_A0_T_main_seed2,full,RF,V_raw,A0,T_main,0.000269,2,holdout,-1,val,52,21,1,1,0.8219759499759501
full_RF_V_raw_A0_T_main_seed2,full,RF,V_raw,A0,T_main,0.000269,2,holdout,-1,val,80,28,1,1,0.751685545935546
full_RF_V_raw_A0_T_main_seed2,full,RF,V_raw,A0,T_main,0.000269,2,holdout,-1,val,151,38,1,1,0.81918746993747
full_RF_V_raw_A0_T_main_seed2,full,RF,V_raw,A0,T_main,0.000269,2,holdout,-1,val,210,54,0,1,0.6844446664446663
full_RF_V_raw_A0_T_main_seed2,full,RF,V_raw,A0,T_main,0.000269,2,holdout,-1,val,224,54,1,1,0.8716192696192697
full_RF_V_raw_A0_T_main_seed2,full,RF,V_raw,A0,T_main,0.000269,2,holdout,-1,val,125,34,1,1,0.743321548821549
full_RF_V_raw_A0_T_main_seed2,full,RF,V_raw,A0,T_main,0.000269,2,holdout,-1,val,7,1,1,1,0.7131664261664259
full_RF_V_raw_A0_T_main_seed2,full,RF,V_raw,A0,T_main,0.000269,2,holdout,-1,val,104,32,0,0,0.0113333333333333
full_RF_V_raw_A0_T_main_seed2,full,RF,V_raw,A0,T_main,0.000269,2,holdout,-1,val,194,49,0,1,0.5340821308321309
full_RF_V_raw_A0_T_main_seed2,full,RF,V_raw,A0,T_main,0.000269,2,holdout,-1,val,40,18,0,1,0.5764319384319382
full_RF_V_raw_A0_T_main_seed2,full,RF,V_raw,A0,T_main,0.000269,2,holdout,-1,val,64,24,1,0,0.4608109668109668
full_RF_V_raw_A0_T_main_seed2,full,RF,V_raw,A0,T_main,0.000269,2,holdout,-1,val,73,27,0,0,0.2496999759499759
full_RF_V_raw_A0_T_main_seed2,full,RF,V_raw,A0,T_main,0.000269,2,holdout,-1,val,157,40,1,1,0.919482804232804
full_RF_V_raw_A0_T_main_seed2,full,RF,V_raw,A0,T_main,0.000269,2,holdout,-1,val,201,50,0,0,0.4262247289747289
full_RF_V_raw_A0_T_main_seed2,full,RF,V_raw,A0,T_main,0.000269,2,holdout,-1,val,107,32,0,0,0.2709265271765272
full_RF_V_raw_A0_T_main_seed2,full,RF,V_raw,A0,T_main,0.000269,2,holdout,-1,val,97,31,1,1,0.8752408609908611
full_RF_V_raw_A0_T_main_seed2,full,RF,V_raw,A0,T_main,0.000269,2,holdout,-1,val,60,22,0,0,0.2656012506012506
full_RF_V_raw_A0_T_main_seed2,full,RF,V_raw,A0,T_main,0.000269,2,holdout,-1,val,149,38,1,1,0.8417329244829247
full_RF_V_raw_A0_T_main_seed2,full,RF,V_raw,A0,T_main,0.000269,2,holdout,-1,val,5,1,1,1,0.827310726310726
full_RF_V_raw_A0_T_main_seed2,full,RF,V_raw,A0,T_main,0.000269,2,holdout,-1,val,134,36,1,1,0.548790524290524
full_RF_V_raw_A0_T_main_seed2,full,RF,V_raw,A0,T_main,0.000269,2,holdout,-1,test,4,1,1,1,0.8051930014430013
full_RF_V_raw_A0_T_main_seed2,full,RF,V_raw,A0,T_main,0.000269,2,holdout,-1,test,147,38,1,1,0.8417329244829247
full_RF_V_raw_A0_T_main_seed2,full,RF,V_raw,A0,T_main,0.000269,2,holdout,-1,test,15,4,0,0,0.200322631072631
full_RF_V_raw_A0_T_main_seed2,full,RF,V_raw,A0,T_main,0.000269,2,holdout,-1,test,114,32,0,0,0.0183531746031746
full_RF_V_raw_A0_T_main_seed2,full,RF,V_raw,A0,T_main,0.000269,2,holdout,-1,test,120,33,1,1,0.5109484126984127
full_RF_V_raw_A0_T_main_seed2,full,RF,V_raw,A0,T_main,0.000269,2,holdout,-1,test,160,40,1,1,0.9678492063492062
full_RF_V_raw_A0_T_main_seed2,full,RF,V_raw,A0,T_main,0.000269,2,holdout,-1,test,34,15,0,0,0.0143981481481481
full_RF_V_raw_A0_T_main_seed2,full,RF,V_raw,A0,T_main,0.000269,2,holdout,-1,test,214,54,0,0,0.1746042383542383
full_RF_V_raw_A0_T_main_seed2,full,RF,V_raw,A0,T_main,0.000269,2,holdout,-1,test,118,32,1,0,0.252320226070226
full_RF_V_raw_A0_T_main_seed2,full,RF,V_raw,A0,T_main,0.000269,2,holdout,-1,test,172,43,0,0,0.4664640267140263
full_RF_V_raw_A0_T_main_seed2,full,RF,V_raw,A0,T_main,0.000269,2,holdout,-1,test,202,50,0,0,0.3425806693306693
full_RF_V_raw_A0_T_main_seed2,full,RF,V_raw,A0,T_main,0.000269,2,holdout,-1,test,186,47,1,0,0.3804937469937471
full_RF_V_raw_A0_T_main_seed2,full,RF,V_raw,A0,T_main,0.000269,2,holdout,-1,test,82,29,1,1,0.6320348725348727
full_RF_V_raw_A0_T_main_seed2,full,RF,V_raw,A0,T_main,0.000269,2,holdout,-1,test,18,6,1,1,0.7993394660894659
full_RF_V_raw_A0_T_main_seed2,full,RF,V_raw,A0,T_main,0.000269,2,holdout,-1,test,44,19,0,0,0.0844695767195767
full_RF_V_raw_A0_T_main_seed2,full,RF,V_raw,A0,T_main,0.000269,2,holdout,-1,test,195,49,1,1,0.7544707792207792
full_RF_V_raw_A0_T_main_seed2,full,RF,V_raw,A0,T_main,0.000269,2,holdout,-1,test,142,37,1,1,0.6084479316979318
full_RF_V_raw_A0_T_main_seed2,full,RF,V_raw,A0,T_main,0.000269,2,holdout,-1,test,84,30,0,1,0.6200487012987013
full_RF_V_raw_A0_T_main_seed2,full,RF,V_raw,A0,T_main,0.000269,2,holdout,-1,test,91,31,0,0,0.3815068542568542
full_RF_V_raw_A0_T_main_seed2,full,RF,V_raw,A0,T_main,0.000269,2,holdout,-1,test,131,35,0,0,0.2264319384319385
full_RF_V_raw_A0_T_main_seed2,full,RF,V_raw,A0,T_main,0.000269,2,holdout,-1,test,137,36,0,1,0.5815487012987011
full_RF_V_raw_A0_T_main_seed2,full,RF,V_raw,A0,T_main,0.000269,2,holdout,-1,test,92,31,1,1,0.5356036556036553
full_RF_V_raw_A0_T_main_seed2,full,RF,V_raw,A0,T_main,0.000269,2,holdout,-1,test,175,44,1,1,0.7510266955266953
full_RF_V_raw_A0_T_main_seed2,full,RF,V_raw,A0,T_main,0.000269,2,holdout,-1,test,158,40,1,1,0.7544082491582492
full_RF_V_raw_A0_T_main_seed2,full,RF,V_raw,A0,T_main,0.000269,2,holdout,-1,test,47,20,0,0,0.2010698653198653
full_RF_V_raw_A0_T_main_seed2,full,RF,V_raw,A0,T_main,0.000269,2,holdout,-1,test,66,25,0,0,0.3746992544492546
full_RF_V_raw_A0_T_main_seed2,full,RF,V_raw,A0,T_main,0.000269,2,holdout,-1,test,228,55,1,1,0.8064725829725832
full_RF_V_raw_A0_T_main_seed2,full,RF,V_raw,A0,T_main,0.000269,2,holdout,-1,test,187,47,0,0,0.2768297258297258
full_RF_V_raw_A0_T_main_seed2,full,RF,V_raw,A0,T_main,0.000269,2,holdout,-1,test,168,41,0,1,0.7123898508898507
full_RF_V_raw_A0_T_main_seed2,full,RF,V_raw,A0,T_main,0.000269,2,holdout,-1,test,165,41,1,1,0.8674284511784511
full_RF_V_raw_A0_T_main_seed2,full,RF,V_raw,A0,T_main,0.000269,2,holdout,-1,test,212,54,1,1,0.8716192696192697
full_RF_V_raw_A0_T_main_seed2,full,RF,V_raw,A0,T_main,0.000269,2,holdout,-1,test,100,32,0,0,0.0495727513227513
full_RF_V_raw_A0_T_main_seed2,full,RF,V_raw,A0,T_main,0.000269,2,holdout,-1,test,69,25,0,0,0.140078884078884
full_LGBM_V_raw_A0_T_main_seed2,full,LGBM,V_raw,A0,T_main,0.000269,2,holdout,-1,val,204,51,0,1,0.7061804977340153
full_LGBM_V_raw_A0_T_main_seed2,full,LGBM,V_raw,A0,T_main,0.000269,2,holdout,-1,val,215,54,0,0,0.0006854489680768
full_LGBM_V_raw_A0_T_main_seed2,full,LGBM,V_raw,A0,T_main,0.000269,2,holdout,-1,val,94,31,1,1,0.9999880092465808
full_LGBM_V_raw_A0_T_main_seed2,full,LGBM,V_raw,A0,T_main,0.000269,2,holdout,-1,val,70,25,0,0,0.0004743618841504
full_LGBM_V_raw_A0_T_main_seed2,full,LGBM,V_raw,A0,T_main,0.000269,2,holdout,-1,val,199,50,1,0,0.3405166136202164
full_LGBM_V_raw_A0_T_main_seed2,full,LGBM,V_raw,A0,T_main,0.000269,2,holdout,-1,val,221,54,0,0,0.0006854489680768
full_LGBM_V_raw_A0_T_main_seed2,full,LGBM,V_raw,A0,T_main,0.000269,2,holdout,-1,val,166,41,1,1,0.9999815188331622
full_LGBM_V_raw_A0_T_main_seed2,full,LGBM,V_raw,A0,T_main,0.000269,2,holdout,-1,val,133,35,0,0,2.469779194868241e-07
full_LGBM_V_raw_A0_T_main_seed2,full,LGBM,V_raw,A0,T_main,0.000269,2,holdout,-1,val,174,43,0,0,0.0017651800799547
full_LGBM_V_raw_A0_T_main_seed2,full,LGBM,V_raw,A0,T_main,0.000269,2,holdout,-1,val,78,28,1,1,0.955276399809442
full_LGBM_V_raw_A0_T_main_seed2,full,LGBM,V_raw,A0,T_main,0.000269,2,holdout,-1,val,163,41,0,1,0.9950146120505444
full_LGBM_V_raw_A0_T_main_seed2,full,LGBM,V_raw,A0,T_main,0.000269,2,holdout,-1,val,208,54,0,0,0.0008241488931208
full_LGBM_V_raw_A0_T_main_seed2,full,LGBM,V_raw,A0,T_main,0.000269,2,holdout,-1,val,179,45,1,1,0.9935686882651572
full_LGBM_V_raw_A0_T_main_seed2,full,LGBM,V_raw,A0,T_main,0.000269,2,holdout,-1,val,52,21,1,1,0.9999903192806964
full_LGBM_V_raw_A0_T_main_seed2,full,LGBM,V_raw,A0,T_main,0.000269,2,holdout,-1,val,80,28,1,1,0.9910248376524334
full_LGBM_V_raw_A0_T_main_seed2,full,LGBM,V_raw,A0,T_main,0.000269,2,holdout,-1,val,151,38,1,1,0.999903896374469
full_LGBM_V_raw_A0_T_main_seed2,full,LGBM,V_raw,A0,T_main,0.000269,2,holdout,-1,val,210,54,0,0,0.4996457540371749
full_LGBM_V_raw_A0_T_main_seed2,full,LGBM,V_raw,A0,T_main,0.000269,2,holdout,-1,val,224,54,1,1,0.9995130766935932
full_LGBM_V_raw_A0_T_main_seed2,full,LGBM,V_raw,A0,T_main,0.000269,2,holdout,-1,val,125,34,1,1,0.9988288076354268
full_LGBM_V_raw_A0_T_main_seed2,full,LGBM,V_raw,A0,T_main,0.000269,2,holdout,-1,val,7,1,1,1,0.9107226267032096
full_LGBM_V_raw_A0_T_main_seed2,full,LGBM,V_raw,A0,T_main,0.000269,2,holdout,-1,val,104,32,0,0,5.125961111852796e-08
full_LGBM_V_raw_A0_T_main_seed2,full,LGBM,V_raw,A0,T_main,0.000269,2,holdout,-1,val,194,49,0,1,0.9000886525193603
full_LGBM_V_raw_A0_T_main_seed2,full,LGBM,V_raw,A0,T_main,0.000269,2,holdout,-1,val,40,18,0,0,0.4997157883304512
full_LGBM_V_raw_A0_T_main_seed2,full,LGBM,V_raw,A0,T_main,0.000269,2,holdout,-1,val,64,24,1,0,0.0028845410458058
full_LGBM_V_raw_A0_T_main_seed2,full,LGBM,V_raw,A0,T_main,0.000269,2,holdout,-1,val,73,27,0,0,4.9162516014206416e-05
full_LGBM_V_raw_A0_T_main_seed2,full,LGBM,V_raw,A0,T_main,0.000269,2,holdout,-1,val,157,40,1,1,0.9999968975465752
full_LGBM_V_raw_A0_T_main_seed2,full,LGBM,V_raw,A0,T_main,0.000269,2,holdout,-1,val,201,50,0,0,0.0017021431083919
full_LGBM_V_raw_A0_T_main_seed2,full,LGBM,V_raw,A0,T_main,0.000269,2,holdout,-1,val,107,32,0,0,0.0053483067573684
full_LGBM_V_raw_A0_T_main_seed2,full,LGBM,V_raw,A0,T_main,0.000269,2,holdout,-1,val,97,31,1,1,0.999680771998314
full_LGBM_V_raw_A0_T_main_seed2,full,LGBM,V_raw,A0,T_main,0.000269,2,holdout,-1,val,60,22,0,0,0.0008182953723766
full_LGBM_V_raw_A0_T_main_seed2,full,LGBM,V_raw,A0,T_main,0.000269,2,holdout,-1,val,149,38,1,1,0.999903896374469
full_LGBM_V_raw_A0_T_main_seed2,full,LGBM,V_raw,A0,T_main,0.000269,2,holdout,-1,val,5,1,1,1,0.9996107148781462
full_LGBM_V_raw_A0_T_main_seed2,full,LGBM,V_raw,A0,T_main,0.000269,2,holdout,-1,val,134,36,1,1,0.9318283586117037
full_LGBM_V_raw_A0_T_main_seed2,full,LGBM,V_raw,A0,T_main,0.000269,2,holdout,-1,test,4,1,1,1,0.9997099843507872
full_LGBM_V_raw_A0_T_main_seed2,full,LGBM,V_raw,A0,T_main,0.000269,2,holdout,-1,test,147,38,1,1,0.999903896374469
full_LGBM_V_raw_A0_T_main_seed2,full,LGBM,V_raw,A0,T_main,0.000269,2,holdout,-1,test,15,4,0,0,5.840879702863569e-06
full_LGBM_V_raw_A0_T_main_seed2,full,LGBM,V_raw,A0,T_main,0.000269,2,holdout,-1,test,114,32,0,0,2.6844773214366146e-08
full_LGBM_V_raw_A0_T_main_seed2,full,LGBM,V_raw,A0,T_main,0.000269,2,holdout,-1,test,120,33,1,1,0.8111430837076113
full_LGBM_V_raw_A0_T_main_seed2,full,LGBM,V_raw,A0,T_main,0.000269,2,holdout,-1,test,160,40,1,1,0.9999938375727168
full_LGBM_V_raw_A0_T_main_seed2,full,LGBM,V_raw,A0,T_main,0.000269,2,holdout,-1,test,34,15,0,0,5.083414677539783e-10
full_LGBM_V_raw_A0_T_main_seed2,full,LGBM,V_raw,A0,T_main,0.000269,2,holdout,-1,test,214,54,0,0,0.0008241488931208
full_LGBM_V_raw_A0_T_main_seed2,full,LGBM,V_raw,A0,T_main,0.000269,2,holdout,-1,test,118,32,1,0,0.0736691598887629
full_LGBM_V_raw_A0_T_main_seed2,full,LGBM,V_raw,A0,T_main,0.000269,2,holdout,-1,test,172,43,0,0,0.0017651800799547
full_LGBM_V_raw_A0_T_main_seed2,full,LGBM,V_raw,A0,T_main,0.000269,2,holdout,-1,test,202,50,0,0,0.0007145044851158
full_LGBM_V_raw_A0_T_main_seed2,full,LGBM,V_raw,A0,T_main,0.000269,2,holdout,-1,test,186,47,1,0,0.0117212130895598
full_LGBM_V_raw_A0_T_main_seed2,full,LGBM,V_raw,A0,T_main,0.000269,2,holdout,-1,test,82,29,1,1,0.9669189066929864
full_LGBM_V_raw_A0_T_main_seed2,full,LGBM,V_raw,A0,T_main,0.000269,2,holdout,-1,test,18,6,1,1,0.9999172307885648
full_LGBM_V_raw_A0_T_main_seed2,full,LGBM,V_raw,A0,T_main,0.000269,2,holdout,-1,test,44,19,0,0,6.927033535568502e-07
full_LGBM_V_raw_A0_T_main_seed2,full,LGBM,V_raw,A0,T_main,0.000269,2,holdout,-1,test,195,49,1,1,0.9999266935178438
full_LGBM_V_raw_A0_T_main_seed2,full,LGBM,V_raw,A0,T_main,0.000269,2,holdout,-1,test,142,37,1,1,0.7395102415032866
full_LGBM_V_raw_A0_T_main_seed2,full,LGBM,V_raw,A0,T_main,0.000269,2,holdout,-1,test,84,30,0,0,0.001520686751384
full_LGBM_V_raw_A0_T_main_seed2,full,LGBM,V_raw,A0,T_main,0.000269,2,holdout,-1,test,91,31,0,0,0.0044509680780318
full_LGBM_V_raw_A0_T_main_seed2,full,LGBM,V_raw,A0,T_main,0.000269,2,holdout,-1,test,131,35,0,0,0.000118900457208
full_LGBM_V_raw_A0_T_main_seed2,full,LGBM,V_raw,A0,T_main,0.000269,2,holdout,-1,test,137,36,0,1,0.877935532697881
full_LGBM_V_raw_A0_T_main_seed2,full,LGBM,V_raw,A0,T_main,0.000269,2,holdout,-1,test,92,31,1,1,0.6023077667078429
full_LGBM_V_raw_A0_T_main_seed2,full,LGBM,V_raw,A0,T_main,0.000269,2,holdout,-1,test,175,44,1,1,0.7967195447093468
full_LGBM_V_raw_A0_T_main_seed2,full,LGBM,V_raw,A0,T_main,0.000269,2,holdout,-1,test,158,40,1,1,0.9940988498505964
full_LGBM_V_raw_A0_T_main_seed2,full,LGBM,V_raw,A0,T_main,0.000269,2,holdout,-1,test,47,20,0,0,2.7848571326291226e-07
full_LGBM_V_raw_A0_T_main_seed2,full,LGBM,V_raw,A0,T_main,0.000269,2,holdout,-1,test,66,25,0,0,0.0021516777118268
full_LGBM_V_raw_A0_T_main_seed2,full,LGBM,V_raw,A0,T_main,0.000269,2,holdout,-1,test,228,55,1,1,0.999985234357664
full_LGBM_V_raw_A0_T_main_seed2,full,LGBM,V_raw,A0,T_main,0.000269,2,holdout,-1,test,187,47,0,0,0.000127600018068
full_LGBM_V_raw_A0_T_main_seed2,full,LGBM,V_raw,A0,T_main,0.000269,2,holdout,-1,test,168,41,0,1,0.999734403209348
full_LGBM_V_raw_A0_T_main_seed2,full,LGBM,V_raw,A0,T_main,0.000269,2,holdout,-1,test,165,41,1,1,0.9999970581901106
full_LGBM_V_raw_A0_T_main_seed2,full,LGBM,V_raw,A0,T_main,0.000269,2,holdout,-1,test,212,54,1,1,0.9995130766935932
full_LGBM_V_raw_A0_T_main_seed2,full,LGBM,V_raw,A0,T_main,0.000269,2,holdout,-1,test,100,32,0,0,4.35455511992306e-07
full_LGBM_V_raw_A0_T_main_seed2,full,LGBM,V_raw,A0,T_main,0.000269,2,holdout,-1,test,69,25,0,0,0.0002870320917252
full_CB_V_raw_A0_T_main_seed2,full,CB,V_raw,A0,T_main,0.000269,2,holdout,-1,val,204,51,0,1,0.8479937806707363
full_CB_V_raw_A0_T_main_seed2,full,CB,V_raw,A0,T_main,0.000269,2,holdout,-1,val,215,54,0,0,0.0476197978856534
full_CB_V_raw_A0_T_main_seed2,full,CB,V_raw,A0,T_main,0.000269,2,holdout,-1,val,94,31,1,1,0.9849839939932108
full_CB_V_raw_A0_T_main_seed2,full,CB,V_raw,A0,T_main,0.000269,2,holdout,-1,val,70,25,0,0,0.0337644173908646
full_CB_V_raw_A0_T_main_seed2,full,CB,V_raw,A0,T_main,0.000269,2,holdout,-1,val,199,50,1,0,0.1301087843363042
full_CB_V_raw_A0_T_main_seed2,full,CB,V_raw,A0,T_main,0.000269,2,holdout,-1,val,221,54,0,0,0.0476197978856534
full_CB_V_raw_A0_T_main_seed2,full,CB,V_raw,A0,T_main,0.000269,2,holdout,-1,val,166,41,1,1,0.983689126531008
full_CB_V_raw_A0_T_main_seed2,full,CB,V_raw,A0,T_main,0.000269,2,holdout,-1,val,133,35,0,0,0.0063922184642802
full_CB_V_raw_A0_T_main_seed2,full,CB,V_raw,A0,T_main,0.000269,2,holdout,-1,val,174,43,0,0,0.0274576249326637
full_CB_V_raw_A0_T_main_seed2,full,CB,V_raw,A0,T_main,0.000269,2,holdout,-1,val,78,28,1,1,0.8708214489388876
full_CB_V_raw_A0_T_main_seed2,full,CB,V_raw,A0,T_main,0.000269,2,holdout,-1,val,163,41,0,1,0.8837581947517604
full_CB_V_raw_A0_T_main_seed2,full,CB,V_raw,A0,T_main,0.000269,2,holdout,-1,val,208,54,0,0,0.0441147227924434
full_CB_V_raw_A0_T_main_seed2,full,CB,V_raw,A0,T_main,0.000269,2,holdout,-1,val,179,45,1,1,0.969790132755499
full_CB_V_raw_A0_T_main_seed2,full,CB,V_raw,A0,T_main,0.000269,2,holdout,-1,val,52,21,1,1,0.9905174434400364
full_CB_V_raw_A0_T_main_seed2,full,CB,V_raw,A0,T_main,0.000269,2,holdout,-1,val,80,28,1,1,0.9474620195582504
full_CB_V_raw_A0_T_main_seed2,full,CB,V_raw,A0,T_main,0.000269,2,holdout,-1,val,151,38,1,1,0.9835858678407116
full_CB_V_raw_A0_T_main_seed2,full,CB,V_raw,A0,T_main,0.000269,2,holdout,-1,val,210,54,0,1,0.5218839649651908
full_CB_V_raw_A0_T_main_seed2,full,CB,V_raw,A0,T_main,0.000269,2,holdout,-1,val,224,54,1,1,0.9741928209728432
full_CB_V_raw_A0_T_main_seed2,full,CB,V_raw,A0,T_main,0.000269,2,holdout,-1,val,125,34,1,1,0.9198607677161732
full_CB_V_raw_A0_T_main_seed2,full,CB,V_raw,A0,T_main,0.000269,2,holdout,-1,val,7,1,1,1,0.8343651871092618
full_CB_V_raw_A0_T_main_seed2,full,CB,V_raw,A0,T_main,0.000269,2,holdout,-1,val,104,32,0,0,0.0010828736173429
full_CB_V_raw_A0_T_main_seed2,full,CB,V_raw,A0,T_main,0.000269,2,holdout,-1,val,194,49,0,0,0.4121807684331642
full_CB_V_raw_A0_T_main_seed2,full,CB,V_raw,A0,T_main,0.000269,2,holdout,-1,val,40,18,0,1,0.5113117153258462
full_CB_V_raw_A0_T_main_seed2,full,CB,V_raw,A0,T_main,0.000269,2,holdout,-1,val,64,24,1,0,0.4683679427731431
full_CB_V_raw_A0_T_main_seed2,full,CB,V_raw,A0,T_main,0.000269,2,holdout,-1,val,73,27,0,0,0.0668077506397095
full_CB_V_raw_A0_T_main_seed2,full,CB,V_raw,A0,T_main,0.000269,2,holdout,-1,val,157,40,1,1,0.995252062857765
full_CB_V_raw_A0_T_main_seed2,full,CB,V_raw,A0,T_main,0.000269,2,holdout,-1,val,201,50,0,0,0.0364281713100063
full_CB_V_raw_A0_T_main_seed2,full,CB,V_raw,A0,T_main,0.000269,2,holdout,-1,val,107,32,0,0,0.0908958084992003
full_CB_V_raw_A0_T_main_seed2,full,CB,V_raw,A0,T_main,0.000269,2,holdout,-1,val,97,31,1,1,0.9829406095239858
full_CB_V_raw_A0_T_main_seed2,full,CB,V_raw,A0,T_main,0.000269,2,holdout,-1,val,60,22,0,0,0.0237191299299217
full_CB_V_raw_A0_T_main_seed2,full,CB,V_raw,A0,T_main,0.000269,2,holdout,-1,val,149,38,1,1,0.98594533304349
full_CB_V_raw_A0_T_main_seed2,full,CB,V_raw,A0,T_main,0.000269,2,holdout,-1,val,5,1,1,1,0.9735905605295354
full_CB_V_raw_A0_T_main_seed2,full,CB,V_raw,A0,T_main,0.000269,2,holdout,-1,val,134,36,1,1,0.8172065858279034
full_CB_V_raw_A0_T_main_seed2,full,CB,V_raw,A0,T_main,0.000269,2,holdout,-1,test,4,1,1,1,0.9654472675573668
full_CB_V_raw_A0_T_main_seed2,full,CB,V_raw,A0,T_main,0.000269,2,holdout,-1,test,147,38,1,1,0.9865663230549604
full_CB_V_raw_A0_T_main_seed2,full,CB,V_raw,A0,T_main,0.000269,2,holdout,-1,test,15,4,0,0,0.0446076673011897
full_CB_V_raw_A0_T_main_seed2,full,CB,V_raw,A0,T_main,0.000269,2,holdout,-1,test,114,32,0,0,0.0019073226806605
full_CB_V_raw_A0_T_main_seed2,full,CB,V_raw,A0,T_main,0.000269,2,holdout,-1,test,120,33,1,1,0.7725752143102428
full_CB_V_raw_A0_T_main_seed2,full,CB,V_raw,A0,T_main,0.000269,2,holdout,-1,test,160,40,1,1,0.9900236007969416
full_CB_V_raw_A0_T_main_seed2,full,CB,V_raw,A0,T_main,0.000269,2,holdout,-1,test,34,15,0,0,0.0014035156630317
full_CB_V_raw_A0_T_main_seed2,full,CB,V_raw,A0,T_main,0.000269,2,holdout,-1,test,214,54,0,0,0.0441147227924434
full_CB_V_raw_A0_T_main_seed2,full,CB,V_raw,A0,T_main,0.000269,2,holdout,-1,test,118,32,1,0,0.093884419553137
full_CB_V_raw_A0_T_main_seed2,full,CB,V_raw,A0,T_main,0.000269,2,holdout,-1,test,172,43,0,0,0.0270741847379638
full_CB_V_raw_A0_T_main_seed2,full,CB,V_raw,A0,T_main,0.000269,2,holdout,-1,test,202,50,0,0,0.0121915799312278
full_CB_V_raw_A0_T_main_seed2,full,CB,V_raw,A0,T_main,0.000269,2,holdout,-1,test,186,47,1,0,0.2542407650970126
full_CB_V_raw_A0_T_main_seed2,full,CB,V_raw,A0,T_main,0.000269,2,holdout,-1,test,82,29,1,1,0.7650750595810598
full_CB_V_raw_A0_T_main_seed2,full,CB,V_raw,A0,T_main,0.000269,2,holdout,-1,test,18,6,1,1,0.9792089545078588
full_CB_V_raw_A0_T_main_seed2,full,CB,V_raw,A0,T_main,0.000269,2,holdout,-1,test,44,19,0,0,0.026707061932674
full_CB_V_raw_A0_T_main_seed2,full,CB,V_raw,A0,T_main,0.000269,2,holdout,-1,test,195,49,1,1,0.9595867426808624
full_CB_V_raw_A0_T_main_seed2,full,CB,V_raw,A0,T_main,0.000269,2,holdout,-1,test,142,37,1,1,0.6727908657025949
full_CB_V_raw_A0_T_main_seed2,full,CB,V_raw,A0,T_main,0.000269,2,holdout,-1,test,84,30,0,0,0.3072276051189444
full_CB_V_raw_A0_T_main_seed2,full,CB,V_raw,A0,T_main,0.000269,2,holdout,-1,test,91,31,0,0,0.2139196104855993
full_CB_V_raw_A0_T_main_seed2,full,CB,V_raw,A0,T_main,0.000269,2,holdout,-1,test,131,35,0,0,0.0305764537802503
full_CB_V_raw_A0_T_main_seed2,full,CB,V_raw,A0,T_main,0.000269,2,holdout,-1,test,137,36,0,1,0.5791241658957158
full_CB_V_raw_A0_T_main_seed2,full,CB,V_raw,A0,T_main,0.000269,2,holdout,-1,test,92,31,1,1,0.5998675645781314
full_CB_V_raw_A0_T_main_seed2,full,CB,V_raw,A0,T_main,0.000269,2,holdout,-1,test,175,44,1,1,0.876418897314141
full_CB_V_raw_A0_T_main_seed2,full,CB,V_raw,A0,T_main,0.000269,2,holdout,-1,test,158,40,1,1,0.7777242512015716
full_CB_V_raw_A0_T_main_seed2,full,CB,V_raw,A0,T_main,0.000269,2,holdout,-1,test,47,20,0,0,0.016984989894049
full_CB_V_raw_A0_T_main_seed2,full,CB,V_raw,A0,T_main,0.000269,2,holdout,-1,test,66,25,0,1,0.930075987205474
full_CB_V_raw_A0_T_main_seed2,full,CB,V_raw,A0,T_main,0.000269,2,holdout,-1,test,228,55,1,1,0.8886870344823096
full_CB_V_raw_A0_T_main_seed2,full,CB,V_raw,A0,T_main,0.000269,2,holdout,-1,test,187,47,0,0,0.0636743653059603
full_CB_V_raw_A0_T_main_seed2,full,CB,V_raw,A0,T_main,0.000269,2,holdout,-1,test,168,41,0,1,0.9215178093277584
full_CB_V_raw_A0_T_main_seed2,full,CB,V_raw,A0,T_main,0.000269,2,holdout,-1,test,165,41,1,1,0.9815775667208178
full_CB_V_raw_A0_T_main_seed2,full,CB,V_raw,A0,T_main,0.000269,2,holdout,-1,test,212,54,1,1,0.9741928209728432
full_CB_V_raw_A0_T_main_seed2,full,CB,V_raw,A0,T_main,0.000269,2,holdout,-1,test,100,32,0,0,0.0033164065853774
full_CB_V_raw_A0_T_main_seed2,full,CB,V_raw,A0,T_main,0.000269,2,holdout,-1,test,69,25,0,0,0.0288863092597823
full_DT_V_raw_A0_T_main_seed3,full,DT,V_raw,A0,T_main,0.000269,3,holdout,-1,val,198,49,0,0,0.0
full_DT_V_raw_A0_T_main_seed3,full,DT,V_raw,A0,T_main,0.000269,3,holdout,-1,val,142,37,1,0,0.0
full_DT_V_raw_A0_T_main_seed3,full,DT,V_raw,A0,T_main,0.000269,3,holdout,-1,val,181,45,0,1,1.0
full_DT_V_raw_A0_T_main_seed3,full,DT,V_raw,A0,T_main,0.000269,3,holdout,-1,val,134,36,1,0,0.0
full_DT_V_raw_A0_T_main_seed3,full,DT,V_raw,A0,T_main,0.000269,3,holdout,-1,val,148,38,1,1,1.0
full_DT_V_raw_A0_T_main_seed3,full,DT,V_raw,A0,T_main,0.000269,3,holdout,-1,val,7,1,1,1,1.0
full_DT_V_raw_A0_T_main_seed3,full,DT,V_raw,A0,T_main,0.000269,3,holdout,-1,val,71,26,1,0,0.0
full_DT_V_raw_A0_T_main_seed3,full,DT,V_raw,A0,T_main,0.000269,3,holdout,-1,val,22,10,1,1,1.0
full_DT_V_raw_A0_T_main_seed3,full,DT,V_raw,A0,T_main,0.000269,3,holdout,-1,val,187,47,0,0,0.0
full_DT_V_raw_A0_T_main_seed3,full,DT,V_raw,A0,T_main,0.000269,3,holdout,-1,val,117,32,1,1,1.0
full_DT_V_raw_A0_T_main_seed3,full,DT,V_raw,A0,T_main,0.000269,3,holdout,-1,val,174,43,0,0,0.0
full_DT_V_raw_A0_T_main_seed3,full,DT,V_raw,A0,T_main,0.000269,3,holdout,-1,val,155,40,1,1,1.0
full_DT_V_raw_A0_T_main_seed3,full,DT,V_raw,A0,T_main,0.000269,3,holdout,-1,val,76,27,0,0,0.0
full_DT_V_raw_A0_T_main_seed3,full,DT,V_raw,A0,T_main,0.000269,3,holdout,-1,val,82,29,1,1,1.0
full_DT_V_raw_A0_T_main_seed3,full,DT,V_raw,A0,T_main,0.000269,3,holdout,-1,val,210,54,0,0,0.5
full_DT_V_raw_A0_T_main_seed3,full,DT,V_raw,A0,T_main,0.000269,3,holdout,-1,val,140,36,0,0,0.0
full_DT_V_raw_A0_T_main_seed3,full,DT,V_raw,A0,T_main,0.000269,3,holdout,-1,val,31,13,0,1,1.0
full_DT_V_raw_A0_T_main_seed3,full,DT,V_raw,A0,T_main,0.000269,3,holdout,-1,val,20,8,1,1,1.0
full_DT_V_raw_A0_T_main_seed3,full,DT,V_raw,A0,T_main,0.000269,3,holdout,-1,val,135,36,1,0,0.0
full_DT_V_raw_A0_T_main_seed3,full,DT,V_raw,A0,T_main,0.000269,3,holdout,-1,val,178,45,1,1,1.0
full_DT_V_raw_A0_T_main_seed3,full,DT,V_raw,A0,T_main,0.000269,3,holdout,-1,val,50,20,0,0,0.0
full_DT_V_raw_A0_T_main_seed3,full,DT,V_raw,A0,T_main,0.000269,3,holdout,-1,val,186,47,1,0,0.0
full_DT_V_raw_A0_T_main_seed3,full,DT,V_raw,A0,T_main,0.000269,3,holdout,-1,val,114,32,0,0,0.0
full_DT_V_raw_A0_T_main_seed3,full,DT,V_raw,A0,T_main,0.000269,3,holdout,-1,val,62,24,0,1,1.0
full_DT_V_raw_A0_T_main_seed3,full,DT,V_raw,A0,T_main,0.000269,3,holdout,-1,val,55,21,0,1,1.0
full_DT_V_raw_A0_T_main_seed3,full,DT,V_raw,A0,T_main,0.000269,3,holdout,-1,val,102,32,0,0,0.0
full_DT_V_raw_A0_T_main_seed3,full,DT,V_raw,A0,T_main,0.000269,3,holdout,-1,val,86,30,1,1,1.0
full_DT_V_raw_A0_T_main_seed3,full,DT,V_raw,A0,T_main,0.000269,3,holdout,-1,val,112,32,0,0,0.0
full_DT_V_raw_A0_T_main_seed3,full,DT,V_raw,A0,T_main,0.000269,3,holdout,-1,val,129,35,0,0,0.0
full_DT_V_raw_A0_T_main_seed3,full,DT,V_raw,A0,T_main,0.000269,3,holdout,-1,val,34,15,0,0,0.0
full_DT_V_raw_A0_T_main_seed3,full,DT,V_raw,A0,T_main,0.000269,3,holdout,-1,val,17,6,1,1,1.0
full_DT_V_raw_A0_T_main_seed3,full,DT,V_raw,A0,T_main,0.000269,3,holdout,-1,val,29,11,1,1,1.0
full_DT_V_raw_A0_T_main_seed3,full,DT,V_raw,A0,T_main,0.000269,3,holdout,-1,val,166,41,1,1,1.0
full_DT_V_raw_A0_T_main_seed3,full,DT,V_raw,A0,T_main,0.000269,3,holdout,-1,test,167,41,1,1,1.0
full_DT_V_raw_A0_T_main_seed3,full,DT,V_raw,A0,T_main,0.000269,3,holdout,-1,test,131,35,0,0,0.0
full_DT_V_raw_A0_T_main_seed3,full,DT,V_raw,A0,T_main,0.000269,3,holdout,-1,test,52,21,1,1,1.0
full_DT_V_raw_A0_T_main_seed3,full,DT,V_raw,A0,T_main,0.000269,3,holdout,-1,test,78,28,1,1,1.0
full_DT_V_raw_A0_T_main_seed3,full,DT,V_raw,A0,T_main,0.000269,3,holdout,-1,test,85,30,0,0,0.0
full_DT_V_raw_A0_T_main_seed3,full,DT,V_raw,A0,T_main,0.000269,3,holdout,-1,test,11,4,0,0,0.0
full_DT_V_raw_A0_T_main_seed3,full,DT,V_raw,A0,T_main,0.000269,3,holdout,-1,test,74,27,0,0,0.0
full_DT_V_raw_A0_T_main_seed3,full,DT,V_raw,A0,T_main,0.000269,3,holdout,-1,test,37,16,1,1,1.0
full_DT_V_raw_A0_T_main_seed3,full,DT,V_raw,A0,T_main,0.000269,3,holdout,-1,test,195,49,1,0,0.0
full_DT_V_raw_A0_T_main_seed3,full,DT,V_raw,A0,T_main,0.000269,3,holdout,-1,test,133,35,0,0,0.0
full_DT_V_raw_A0_T_main_seed3,full,DT,V_raw,A0,T_main,0.000269,3,holdout,-1,test,49,20,0,0,0.0
full_DT_V_raw_A0_T_main_seed3,full,DT,V_raw,A0,T_main,0.000269,3,holdout,-1,test,5,1,1,1,1.0
full_DT_V_raw_A0_T_main_seed3,full,DT,V_raw,A0,T_main,0.000269,3,holdout,-1,test,214,54,0,0,0.0
full_DT_V_raw_A0_T_main_seed3,full,DT,V_raw,A0,T_main,0.000269,3,holdout,-1,test,107,32,0,0,0.0
full_DT_V_raw_A0_T_main_seed3,full,DT,V_raw,A0,T_main,0.000269,3,holdout,-1,test,95,31,1,1,1.0
full_DT_V_raw_A0_T_main_seed3,full,DT,V_raw,A0,T_main,0.000269,3,holdout,-1,test,204,51,0,1,1.0
full_DT_V_raw_A0_T_main_seed3,full,DT,V_raw,A0,T_main,0.000269,3,holdout,-1,test,23,11,0,0,0.0
full_DT_V_raw_A0_T_main_seed3,full,DT,V_raw,A0,T_main,0.000269,3,holdout,-1,test,43,19,0,1,1.0
full_DT_V_raw_A0_T_main_seed3,full,DT,V_raw,A0,T_main,0.000269,3,holdout,-1,test,212,54,1,1,1.0
full_DT_V_raw_A0_T_main_seed3,full,DT,V_raw,A0,T_main,0.000269,3,holdout,-1,test,180,45,1,1,1.0
full_DT_V_raw_A0_T_main_seed3,full,DT,V_raw,A0,T_main,0.000269,3,holdout,-1,test,45,19,1,0,0.0
full_DT_V_raw_A0_T_main_seed3,full,DT,V_raw,A0,T_main,0.000269,3,holdout,-1,test,4,1,1,1,1.0
full_DT_V_raw_A0_T_main_seed3,full,DT,V_raw,A0,T_main,0.000269,3,holdout,-1,test,46,20,0,0,0.0
full_DT_V_raw_A0_T_main_seed3,full,DT,V_raw,A0,T_main,0.000269,3,holdout,-1,test,147,38,1,1,1.0
full_DT_V_raw_A0_T_main_seed3,full,DT,V_raw,A0,T_main,0.000269,3,holdout,-1,test,136,36,1,0,0.0
full_DT_V_raw_A0_T_main_seed3,full,DT,V_raw,A0,T_main,0.000269,3,holdout,-1,test,200,50,0,1,1.0
full_DT_V_raw_A0_T_main_seed3,full,DT,V_raw,A0,T_main,0.000269,3,holdout,-1,test,2,1,0,0,0.0
full_DT_V_raw_A0_T_main_seed3,full,DT,V_raw,A0,T_main,0.000269,3,holdout,-1,test,75,27,0,0,0.0
full_DT_V_raw_A0_T_main_seed3,full,DT,V_raw,A0,T_main,0.000269,3,holdout,-1,test,44,19,0,0,0.0
full_DT_V_raw_A0_T_main_seed3,full,DT,V_raw,A0,T_main,0.000269,3,holdout,-1,test,146,38,1,1,1.0
full_DT_V_raw_A0_T_main_seed3,full,DT,V_raw,A0,T_main,0.000269,3,holdout,-1,test,77,28,0,0,0.0
full_DT_V_raw_A0_T_main_seed3,full,DT,V_raw,A0,T_main,0.000269,3,holdout,-1,test,211,54,1,1,1.0
full_DT_V_raw_A0_T_main_seed3,full,DT,V_raw,A0,T_main,0.000269,3,holdout,-1,test,18,6,1,1,1.0
full_RF_V_raw_A0_T_main_seed3,full,RF,V_raw,A0,T_main,0.000269,3,holdout,-1,val,198,49,0,1,0.5933689273689272
full_RF_V_raw_A0_T_main_seed3,full,RF,V_raw,A0,T_main,0.000269,3,holdout,-1,val,142,37,1,1,0.7593660691160695
full_RF_V_raw_A0_T_main_seed3,full,RF,V_raw,A0,T_main,0.000269,3,holdout,-1,val,181,45,0,1,0.8506503126503122
full_RF_V_raw_A0_T_main_seed3,full,RF,V_raw,A0,T_main,0.000269,3,holdout,-1,val,134,36,1,0,0.350034299034299
full_RF_V_raw_A0_T_main_seed3,full,RF,V_raw,A0,T_main,0.000269,3,holdout,-1,val,148,38,1,1,0.79425098975099
full_RF_V_raw_A0_T_main_seed3,full,RF,V_raw,A0,T_main,0.000269,3,holdout,-1,val,7,1,1,1,0.7174100529100528
full_RF_V_raw_A0_T_main_seed3,full,RF,V_raw,A0,T_main,0.000269,3,holdout,-1,val,71,26,1,0,0.2721228956228957
full_RF_V_raw_A0_T_main_seed3,full,RF,V_raw,A0,T_main,0.000269,3,holdout,-1,val,22,10,1,1,0.5918466255966255
full_RF_V_raw_A0_T_main_seed3,full,RF,V_raw,A0,T_main,0.000269,3,holdout,-1,val,187,47,0,0,0.2810167980167982
full_RF_V_raw_A0_T_main_seed3,full,RF,V_raw,A0,T_main,0.000269,3,holdout,-1,val,117,32,1,0,0.4264573019573019
full_RF_V_raw_A0_T_main_seed3,full,RF,V_raw,A0,T_main,0.000269,3,holdout,-1,val,174,43,0,0,0.2935189902689905
full_RF_V_raw_A0_T_main_seed3,full,RF,V_raw,A0,T_main,0.000269,3,holdout,-1,val,155,40,1,1,0.9787976190476192
full_RF_V_raw_A0_T_main_seed3,full,RF,V_raw,A0,T_main,0.000269,3,holdout,-1,val,76,27,0,0,0.2856715876715878
full_RF_V_raw_A0_T_main_seed3,full,RF,V_raw,A0,T_main,0.000269,3,holdout,-1,val,82,29,1,1,0.5671586099086098
full_RF_V_raw_A0_T_main_seed3,full,RF,V_raw,A0,T_main,0.000269,3,holdout,-1,val,210,54,0,1,0.6237855940355945
full_RF_V_raw_A0_T_main_seed3,full,RF,V_raw,A0,T_main,0.000269,3,holdout,-1,val,140,36,0,0,0.1150945258445258
full_RF_V_raw_A0_T_main_seed3,full,RF,V_raw,A0,T_main,0.000269,3,holdout,-1,val,31,13,0,1,0.695621693121693
full_RF_V_raw_A0_T_main_seed3,full,RF,V_raw,A0,T_main,0.000269,3,holdout,-1,val,20,8,1,0,0.4605792818292821
full_RF_V_raw_A0_T_main_seed3,full,RF,V_raw,A0,T_main,0.000269,3,holdout,-1,val,135,36,1,0,0.3270172235172235
full_RF_V_raw_A0_T_main_seed3,full,RF,V_raw,A0,T_main,0.000269,3,holdout,-1,val,178,45,1,1,0.7804902597402594
full_RF_V_raw_A0_T_main_seed3,full,RF,V_raw,A0,T_main,0.000269,3,holdout,-1,val,50,20,0,1,0.671748223998224
full_RF_V_raw_A0_T_main_seed3,full,RF,V_raw,A0,T_main,0.000269,3,holdout,-1,val,186,47,1,0,0.32386864986865
full_RF_V_raw_A0_T_main_seed3,full,RF,V_raw,A0,T_main,0.000269,3,holdout,-1,val,114,32,0,0,0.0129682539682539
full_RF_V_raw_A0_T_main_seed3,full,RF,V_raw,A0,T_main,0.000269,3,holdout,-1,val,62,24,0,1,0.6037343674843675
full_RF_V_raw_A0_T_main_seed3,full,RF,V_raw,A0,T_main,0.000269,3,holdout,-1,val,55,21,0,1,0.7392238594738595
full_RF_V_raw_A0_T_main_seed3,full,RF,V_raw,A0,T_main,0.000269,3,holdout,-1,val,102,32,0,0,0.142354858104858
full_RF_V_raw_A0_T_main_seed3,full,RF,V_raw,A0,T_main,0.000269,3,holdout,-1,val,86,30,1,1,0.6870059107559108
full_RF_V_raw_A0_T_main_seed3,full,RF,V_raw,A0,T_main,0.000269,3,holdout,-1,val,112,32,0,0,0.3287870277870278
full_RF_V_raw_A0_T_main_seed3,full,RF,V_raw,A0,T_main,0.000269,3,holdout,-1,val,129,35,0,0,0.0112619047619047
full_RF_V_raw_A0_T_main_seed3,full,RF,V_raw,A0,T_main,0.000269,3,holdout,-1,val,34,15,0,0,0.0117777777777777
full_RF_V_raw_A0_T_main_seed3,full,RF,V_raw,A0,T_main,0.000269,3,holdout,-1,val,17,6,1,1,0.8117538480038482
full_RF_V_raw_A0_T_main_seed3,full,RF,V_raw,A0,T_main,0.000269,3,holdout,-1,val,29,11,1,1,0.9099611592111594
full_RF_V_raw_A0_T_main_seed3,full,RF,V_raw,A0,T_main,0.000269,3,holdout,-1,val,166,41,1,1,0.5744494949494952
full_RF_V_raw_A0_T_main_seed3,full,RF,V_raw,A0,T_main,0.000269,3,holdout,-1,test,167,41,1,1,0.5077524050024049
full_RF_V_raw_A0_T_main_seed3,full,RF,V_raw,A0,T_main,0.000269,3,holdout,-1,test,131,35,0,0,0.3875700040700041
full_RF_V_raw_A0_T_main_seed3,full,RF,V_raw,A0,T_main,0.000269,3,holdout,-1,test,52,21,1,1,0.8891547619047621
full_RF_V_raw_A0_T_main_seed3,full,RF,V_raw,A0,T_main,0.000269,3,holdout,-1,test,78,28,1,1,0.8237062474562475
full_RF_V_raw_A0_T_main_seed3,full,RF,V_raw,A0,T_main,0.000269,3,holdout,-1,test,85,30,0,1,0.7043596866096868
full_RF_V_raw_A0_T_main_seed3,full,RF,V_raw,A0,T_main,0.000269,3,holdout,-1,test,11,4,0,0,0.1538279313279313
full_RF_V_raw_A0_T_main_seed3,full,RF,V_raw,A0,T_main,0.000269,3,holdout,-1,test,74,27,0,1,0.5134126984126985
full_RF_V_raw_A0_T_main_seed3,full,RF,V_raw,A0,T_main,0.000269,3,holdout,-1,test,37,16,1,1,0.7549096921596922
full_RF_V_raw_A0_T_main_seed3,full,RF,V_raw,A0,T_main,0.000269,3,holdout,-1,test,195,49,1,1,0.6924900192400195
full_RF_V_raw_A0_T_main_seed3,full,RF,V_raw,A0,T_main,0.000269,3,holdout,-1,test,133,35,0,0,0.224131192881193
full_RF_V_raw_A0_T_main_seed3,full,RF,V_raw,A0,T_main,0.000269,3,holdout,-1,test,49,20,0,1,0.6703871128871128
full_RF_V_raw_A0_T_main_seed3,full,RF,V_raw,A0,T_main,0.000269,3,holdout,-1,test,5,1,1,1,0.7643422318422317
full_RF_V_raw_A0_T_main_seed3,full,RF,V_raw,A0,T_main,0.000269,3,holdout,-1,test,214,54,0,0,0.0608373385873385
full_RF_V_raw_A0_T_main_seed3,full,RF,V_raw,A0,T_main,0.000269,3,holdout,-1,test,107,32,0,0,0.1825440115440115
full_RF_V_raw_A0_T_main_seed3,full,RF,V_raw,A0,T_main,0.000269,3,holdout,-1,test,95,31,1,1,0.9313092833092834
full_RF_V_raw_A0_T_main_seed3,full,RF,V_raw,A0,T_main,0.000269,3,holdout,-1,test,204,51,0,1,0.7847995430495429
full_RF_V_raw_A0_T_main_seed3,full,RF,V_raw,A0,T_main,0.000269,3,holdout,-1,test,23,11,0,0,0.2323014855514856
full_RF_V_raw_A0_T_main_seed3,full,RF,V_raw,A0,T_main,0.000269,3,holdout,-1,test,43,19,0,1,0.6191815314315312
full_RF_V_raw_A0_T_main_seed3,full,RF,V_raw,A0,T_main,0.000269,3,holdout,-1,test,212,54,1,1,0.8191076238576239
full_RF_V_raw_A0_T_main_seed3,full,RF,V_raw,A0,T_main,0.000269,3,holdout,-1,test,180,45,1,1,0.8511265031265027
full_RF_V_raw_A0_T_main_seed3,full,RF,V_raw,A0,T_main,0.000269,3,holdout,-1,test,45,19,1,0,0.3425598845598847
full_RF_V_raw_A0_T_main_seed3,full,RF,V_raw,A0,T_main,0.000269,3,holdout,-1,test,4,1,1,1,0.8120941558441562
full_RF_V_raw_A0_T_main_seed3,full,RF,V_raw,A0,T_main,0.000269,3,holdout,-1,test,46,20,0,0,0.1824674954674955
full_RF_V_raw_A0_T_main_seed3,full,RF,V_raw,A0,T_main,0.000269,3,holdout,-1,test,147,38,1,1,0.79425098975099
full_RF_V_raw_A0_T_main_seed3,full,RF,V_raw,A0,T_main,0.000269,3,holdout,-1,test,136,36,1,0,0.3144894457394457
full_RF_V_raw_A0_T_main_seed3,full,RF,V_raw,A0,T_main,0.000269,3,holdout,-1,test,200,50,0,0,0.4206715784215783
full_RF_V_raw_A0_T_main_seed3,full,RF,V_raw,A0,T_main,0.000269,3,holdout,-1,test,2,1,0,0,0.0440079365079365
full_RF_V_raw_A0_T_main_seed3,full,RF,V_raw,A0,T_main,0.000269,3,holdout,-1,test,75,27,0,0,0.3700340215340216
full_RF_V_raw_A0_T_main_seed3,full,RF,V_raw,A0,T_main,0.000269,3,holdout,-1,test,44,19,0,0,0.0808267195767195
full_RF_V_raw_A0_T_main_seed3,full,RF,V_raw,A0,T_main,0.000269,3,holdout,-1,test,146,38,1,1,0.8714665982165981
full_RF_V_raw_A0_T_main_seed3,full,RF,V_raw,A0,T_main,0.000269,3,holdout,-1,test,77,28,0,1,0.5437744107744106
full_RF_V_raw_A0_T_main_seed3,full,RF,V_raw,A0,T_main,0.000269,3,holdout,-1,test,211,54,1,1,0.8469434824434826
full_RF_V_raw_A0_T_main_seed3,full,RF,V_raw,A0,T_main,0.000269,3,holdout,-1,test,18,6,1,1,0.8117538480038482
full_LGBM_V_raw_A0_T_main_seed3,full,LGBM,V_raw,A0,T_main,0.000269,3,holdout,-1,val,198,49,0,0,0.1766239710485164
full_LGBM_V_raw_A0_T_main_seed3,full,LGBM,V_raw,A0,T_main,0.000269,3,holdout,-1,val,142,37,1,1,0.7756043308016634
full_LGBM_V_raw_A0_T_main_seed3,full,LGBM,V_raw,A0,T_main,0.000269,3,holdout,-1,val,181,45,0,1,0.9999862778569182
full_LGBM_V_raw_A0_T_main_seed3,full,LGBM,V_raw,A0,T_main,0.000269,3,holdout,-1,val,134,36,1,0,0.0015505409244131
full_LGBM_V_raw_A0_T_main_seed3,full,LGBM,V_raw,A0,T_main,0.000269,3,holdout,-1,val,148,38,1,1,0.999055346578707
full_LGBM_V_raw_A0_T_main_seed3,full,LGBM,V_raw,A0,T_main,0.000269,3,holdout,-1,val,7,1,1,1,0.9041583233393352
full_LGBM_V_raw_A0_T_main_seed3,full,LGBM,V_raw,A0,T_main,0.000269,3,holdout,-1,val,71,26,1,0,1.6076821692218153e-05
full_LGBM_V_raw_A0_T_main_seed3,full,LGBM,V_raw,A0,T_main,0.000269,3,holdout,-1,val,22,10,1,1,0.993014864888566
full_LGBM_V_raw_A0_T_main_seed3,full,LGBM,V_raw,A0,T_main,0.000269,3,holdout,-1,val,187,47,0,0,1.181062522443704e-05
full_LGBM_V_raw_A0_T_main_seed3,full,LGBM,V_raw,A0,T_main,0.000269,3,holdout,-1,val,117,32,1,1,0.9957935610562332
full_LGBM_V_raw_A0_T_main_seed3,full,LGBM,V_raw,A0,T_main,0.000269,3,holdout,-1,val,174,43,0,0,0.0002286604082118
full_LGBM_V_raw_A0_T_main_seed3,full,LGBM,V_raw,A0,T_main,0.000269,3,holdout,-1,val,155,40,1,1,0.9999995134812348
full_LGBM_V_raw_A0_T_main_seed3,full,LGBM,V_raw,A0,T_main,0.000269,3,holdout,-1,val,76,27,0,0,1.1395159311058704e-06
full_LGBM_V_raw_A0_T_main_seed3,full,LGBM,V_raw,A0,T_main,0.000269,3,holdout,-1,val,82,29,1,1,0.9149277798858332
full_LGBM_V_raw_A0_T_main_seed3,full,LGBM,V_raw,A0,T_main,0.000269,3,holdout,-1,val,210,54,0,0,0.499829065629952
full_LGBM_V_raw_A0_T_main_seed3,full,LGBM,V_raw,A0,T_main,0.000269,3,holdout,-1,val,140,36,0,0,0.0003353883294832
full_LGBM_V_raw_A0_T_main_seed3,full,LGBM,V_raw,A0,T_main,0.000269,3,holdout,-1,val,31,13,0,1,0.973939759922017
full_LGBM_V_raw_A0_T_main_seed3,full,LGBM,V_raw,A0,T_main,0.000269,3,holdout,-1,val,20,8,1,1,0.9998457284388812
full_LGBM_V_raw_A0_T_main_seed3,full,LGBM,V_raw,A0,T_main,0.000269,3,holdout,-1,val,135,36,1,0,0.0014167971544144
full_LGBM_V_raw_A0_T_main_seed3,full,LGBM,V_raw,A0,T_main,0.000269,3,holdout,-1,val,178,45,1,1,0.9993224461853828
full_LGBM_V_raw_A0_T_main_seed3,full,LGBM,V_raw,A0,T_main,0.000269,3,holdout,-1,val,50,20,0,0,0.002856915612879
full_LGBM_V_raw_A0_T_main_seed3,full,LGBM,V_raw,A0,T_main,0.000269,3,holdout,-1,val,186,47,1,0,0.0008583034397901
full_LGBM_V_raw_A0_T_main_seed3,full,LGBM,V_raw,A0,T_main,0.000269,3,holdout,-1,val,114,32,0,0,1.4119300932483153e-05
full_LGBM_V_raw_A0_T_main_seed3,full,LGBM,V_raw,A0,T_main,0.000269,3,holdout,-1,val,62,24,0,1,0.8598236657094461
full_LGBM_V_raw_A0_T_main_seed3,full,LGBM,V_raw,A0,T_main,0.000269,3,holdout,-1,val,55,21,0,1,0.9981393216506536
full_LGBM_V_raw_A0_T_main_seed3,full,LGBM,V_raw,A0,T_main,0.000269,3,holdout,-1,val,102,32,0,0,5.632701853882171e-05
full_LGBM_V_raw_A0_T_main_seed3,full,LGBM,V_raw,A0,T_main,0.000269,3,holdout,-1,val,86,30,1,1,0.9972841248258052
full_LGBM_V_raw_A0_T_main_seed3,full,LGBM,V_raw,A0,T_main,0.000269,3,holdout,-1,val,112,32,0,0,0.0024994139949525
full_LGBM_V_raw_A0_T_main_seed3,full,LGBM,V_raw,A0,T_main,0.000269,3,holdout,-1,val,129,35,0,0,2.103446201150819e-08
full_LGBM_V_raw_A0_T_main_seed3,full,LGBM,V_raw,A0,T_main,0.000269,3,holdout,-1,val,34,15,0,0,2.573927953908826e-09
full_LGBM_V_raw_A0_T_main_seed3,full,LGBM,V_raw,A0,T_main,0.000269,3,holdout,-1,val,17,6,1,1,0.9998861171017852
full_LGBM_V_raw_A0_T_main_seed3,full,LGBM,V_raw,A0,T_main,0.000269,3,holdout,-1,val,29,11,1,1,0.9985163376481972
full_LGBM_V_raw_A0_T_main_seed3,full,LGBM,V_raw,A0,T_main,0.000269,3,holdout,-1,val,166,41,1,1,0.663732677155601
full_LGBM_V_raw_A0_T_main_seed3,full,LGBM,V_raw,A0,T_main,0.000269,3,holdout,-1,test,167,41,1,1,0.6347435768590903
full_LGBM_V_raw_A0_T_main_seed3,full,LGBM,V_raw,A0,T_main,0.000269,3,holdout,-1,test,131,35,0,0,0.0002068674220222
full_LGBM_V_raw_A0_T_main_seed3,full,LGBM,V_raw,A0,T_main,0.000269,3,holdout,-1,test,52,21,1,1,0.9999463950062124
full_LGBM_V_raw_A0_T_main_seed3,full,LGBM,V_raw,A0,T_main,0.000269,3,holdout,-1,test,78,28,1,1,0.999996860029781
full_LGBM_V_raw_A0_T_main_seed3,full,LGBM,V_raw,A0,T_main,0.000269,3,holdout,-1,test,85,30,0,1,0.9803252087748502
full_LGBM_V_raw_A0_T_main_seed3,full,LGBM,V_raw,A0,T_main,0.000269,3,holdout,-1,test,11,4,0,0,2.0567740855947622e-06
full_LGBM_V_raw_A0_T_main_seed3,full,LGBM,V_raw,A0,T_main,0.000269,3,holdout,-1,test,74,27,0,0,0.0007824943535247
full_LGBM_V_raw_A0_T_main_seed3,full,LGBM,V_raw,A0,T_main,0.000269,3,holdout,-1,test,37,16,1,1,0.9999527623630544
full_LGBM_V_raw_A0_T_main_seed3,full,LGBM,V_raw,A0,T_main,0.000269,3,holdout,-1,test,195,49,1,1,0.9982727442551528
full_LGBM_V_raw_A0_T_main_seed3,full,LGBM,V_raw,A0,T_main,0.000269,3,holdout,-1,test,133,35,0,0,2.8890420196106975e-06
full_LGBM_V_raw_A0_T_main_seed3,full,LGBM,V_raw,A0,T_main,0.000269,3,holdout,-1,test,49,20,0,0,0.002856915612879
full_LGBM_V_raw_A0_T_main_seed3,full,LGBM,V_raw,A0,T_main,0.000269,3,holdout,-1,test,5,1,1,1,0.9999511011169058
full_LGBM_V_raw_A0_T_main_seed3,full,LGBM,V_raw,A0,T_main,0.000269,3,holdout,-1,test,214,54,0,0,0.000510810484424
full_LGBM_V_raw_A0_T_main_seed3,full,LGBM,V_raw,A0,T_main,0.000269,3,holdout,-1,test,107,32,0,0,0.0011920787907627
full_LGBM_V_raw_A0_T_main_seed3,full,LGBM,V_raw,A0,T_main,0.000269,3,holdout,-1,test,95,31,1,1,0.999997250678142
full_LGBM_V_raw_A0_T_main_seed3,full,LGBM,V_raw,A0,T_main,0.000269,3,holdout,-1,test,204,51,0,1,0.8305475617812096
full_LGBM_V_raw_A0_T_main_seed3,full,LGBM,V_raw,A0,T_main,0.000269,3,holdout,-1,test,23,11,0,0,1.3190563631884682e-05
full_LGBM_V_raw_A0_T_main_seed3,full,LGBM,V_raw,A0,T_main,0.000269,3,holdout,-1,test,43,19,0,1,0.9957734536266863
full_LGBM_V_raw_A0_T_main_seed3,full,LGBM,V_raw,A0,T_main,0.000269,3,holdout,-1,test,212,54,1,1,0.9996954946667992
full_LGBM_V_raw_A0_T_main_seed3,full,LGBM,V_raw,A0,T_main,0.000269,3,holdout,-1,test,180,45,1,1,0.9999862778569182
full_LGBM_V_raw_A0_T_main_seed3,full,LGBM,V_raw,A0,T_main,0.000269,3,holdout,-1,test,45,19,1,0,0.1273991601942208
full_LGBM_V_raw_A0_T_main_seed3,full,LGBM,V_raw,A0,T_main,0.000269,3,holdout,-1,test,4,1,1,1,0.9999982401834558
full_LGBM_V_raw_A0_T_main_seed3,full,LGBM,V_raw,A0,T_main,0.000269,3,holdout,-1,test,46,20,0,0,5.113486762216883e-07
full_LGBM_V_raw_A0_T_main_seed3,full,LGBM,V_raw,A0,T_main,0.000269,3,holdout,-1,test,147,38,1,1,0.999055346578707
full_LGBM_V_raw_A0_T_main_seed3,full,LGBM,V_raw,A0,T_main,0.000269,3,holdout,-1,test,136,36,1,0,0.0014167971544144
full_LGBM_V_raw_A0_T_main_seed3,full,LGBM,V_raw,A0,T_main,0.000269,3,holdout,-1,test,200,50,0,0,0.0081916880947016
full_LGBM_V_raw_A0_T_main_seed3,full,LGBM,V_raw,A0,T_main,0.000269,3,holdout,-1,test,2,1,0,0,2.481363133244014e-05
full_LGBM_V_raw_A0_T_main_seed3,full,LGBM,V_raw,A0,T_main,0.000269,3,holdout,-1,test,75,27,0,0,0.000473682597197
full_LGBM_V_raw_A0_T_main_seed3,full,LGBM,V_raw,A0,T_main,0.000269,3,holdout,-1,test,44,19,0,0,4.598948843018176e-05
full_LGBM_V_raw_A0_T_main_seed3,full,LGBM,V_raw,A0,T_main,0.000269,3,holdout,-1,test,146,38,1,1,0.9999791999198556
full_LGBM_V_raw_A0_T_main_seed3,full,LGBM,V_raw,A0,T_main,0.000269,3,holdout,-1,test,77,28,0,1,0.9302906386273952
full_LGBM_V_raw_A0_T_main_seed3,full,LGBM,V_raw,A0,T_main,0.000269,3,holdout,-1,test,211,54,1,1,0.9999054671290744
full_LGBM_V_raw_A0_T_main_seed3,full,LGBM,V_raw,A0,T_main,0.000269,3,holdout,-1,test,18,6,1,1,0.9998861171017852
full_CB_V_raw_A0_T_main_seed3,full,CB,V_raw,A0,T_main,0.000269,3,holdout,-1,val,198,49,0,0,0.1453267655380372
full_CB_V_raw_A0_T_main_seed3,full,CB,V_raw,A0,T_main,0.000269,3,holdout,-1,val,142,37,1,1,0.822351783912664
full_CB_V_raw_A0_T_main_seed3,full,CB,V_raw,A0,T_main,0.000269,3,holdout,-1,val,181,45,0,1,0.960759983334164
full_CB_V_raw_A0_T_main_seed3,full,CB,V_raw,A0,T_main,0.000269,3,holdout,-1,val,134,36,1,0,0.1228200259010271
full_CB_V_raw_A0_T_main_seed3,full,CB,V_raw,A0,T_main,0.000269,3,holdout,-1,val,148,38,1,1,0.9903197599498668
full_CB_V_raw_A0_T_main_seed3,full,CB,V_raw,A0,T_main,0.000269,3,holdout,-1,val,7,1,1,1,0.7046012894086815
full_CB_V_raw_A0_T_main_seed3,full,CB,V_raw,A0,T_main,0.000269,3,holdout,-1,val,71,26,1,0,0.0211060227656789
full_CB_V_raw_A0_T_main_seed3,full,CB,V_raw,A0,T_main,0.000269,3,holdout,-1,val,22,10,1,1,0.7375310335290731
full_CB_V_raw_A0_T_main_seed3,full,CB,V_raw,A0,T_main,0.000269,3,holdout,-1,val,187,47,0,0,0.0115572716328316
full_CB_V_raw_A0_T_main_seed3,full,CB,V_raw,A0,T_main,0.000269,3,holdout,-1,val,117,32,1,1,0.9041834903649412
full_CB_V_raw_A0_T_main_seed3,full,CB,V_raw,A0,T_main,0.000269,3,holdout,-1,val,174,43,0,0,0.0197561931854022
full_CB_V_raw_A0_T_main_seed3,full,CB,V_raw,A0,T_main,0.000269,3,holdout,-1,val,155,40,1,1,0.9965030673921664
full_CB_V_raw_A0_T_main_seed3,full,CB,V_raw,A0,T_main,0.000269,3,holdout,-1,val,76,27,0,0,0.0021504921641126
full_CB_V_raw_A0_T_main_seed3,full,CB,V_raw,A0,T_main,0.000269,3,holdout,-1,val,82,29,1,1,0.8917467763226482
full_CB_V_raw_A0_T_main_seed3,full,CB,V_raw,A0,T_main,0.000269,3,holdout,-1,val,210,54,0,1,0.5238860791280201
full_CB_V_raw_A0_T_main_seed3,full,CB,V_raw,A0,T_main,0.000269,3,holdout,-1,val,140,36,0,0,0.0018928571804806
full_CB_V_raw_A0_T_main_seed3,full,CB,V_raw,A0,T_main,0.000269,3,holdout,-1,val,31,13,0,1,0.9729186734500728
full_CB_V_raw_A0_T_main_seed3,full,CB,V_raw,A0,T_main,0.000269,3,holdout,-1,val,20,8,1,1,0.9398191377363948
full_CB_V_raw_A0_T_main_seed3,full,CB,V_raw,A0,T_main,0.000269,3,holdout,-1,val,135,36,1,0,0.0753334410555442
full_CB_V_raw_A0_T_main_seed3,full,CB,V_raw,A0,T_main,0.000269,3,holdout,-1,val,178,45,1,1,0.6834075886385942
full_CB_V_raw_A0_T_main_seed3,full,CB,V_raw,A0,T_main,0.000269,3,holdout,-1,val,50,20,0,0,0.231219973678033
full_CB_V_raw_A0_T_main_seed3,full,CB,V_raw,A0,T_main,0.000269,3,holdout,-1,val,186,47,1,0,0.1342590128333327
full_CB_V_raw_A0_T_main_seed3,full,CB,V_raw,A0,T_main,0.000269,3,holdout,-1,val,114,32,0,0,0.0062710083217392
full_CB_V_raw_A0_T_main_seed3,full,CB,V_raw,A0,T_main,0.000269,3,holdout,-1,val,62,24,0,1,0.5424339670283919
full_CB_V_raw_A0_T_main_seed3,full,CB,V_raw,A0,T_main,0.000269,3,holdout,-1,val,55,21,0,1,0.951818464256938
full_CB_V_raw_A0_T_main_seed3,full,CB,V_raw,A0,T_main,0.000269,3,holdout,-1,val,102,32,0,0,0.0099565222563988
full_CB_V_raw_A0_T_main_seed3,full,CB,V_raw,A0,T_main,0.000269,3,holdout,-1,val,86,30,1,0,0.3827867866966804
full_CB_V_raw_A0_T_main_seed3,full,CB,V_raw,A0,T_main,0.000269,3,holdout,-1,val,112,32,0,0,0.1390624660888094
full_CB_V_raw_A0_T_main_seed3,full,CB,V_raw,A0,T_main,0.000269,3,holdout,-1,val,129,35,0,0,0.0022762018196639
full_CB_V_raw_A0_T_main_seed3,full,CB,V_raw,A0,T_main,0.000269,3,holdout,-1,val,34,15,0,0,0.0007993735520564
full_CB_V_raw_A0_T_main_seed3,full,CB,V_raw,A0,T_main,0.000269,3,holdout,-1,val,17,6,1,1,0.9821509183301512
full_CB_V_raw_A0_T_main_seed3,full,CB,V_raw,A0,T_main,0.000269,3,holdout,-1,val,29,11,1,1,0.9876427766503368
full_CB_V_raw_A0_T_main_seed3,full,CB,V_raw,A0,T_main,0.000269,3,holdout,-1,val,166,41,1,0,0.2449820443201743
full_CB_V_raw_A0_T_main_seed3,full,CB,V_raw,A0,T_main,0.000269,3,holdout,-1,test,167,41,1,0,0.1445795951509006
full_CB_V_raw_A0_T_main_seed3,full,CB,V_raw,A0,T_main,0.000269,3,holdout,-1,test,131,35,0,0,0.0280197153268952
full_CB_V_raw_A0_T_main_seed3,full,CB,V_raw,A0,T_main,0.000269,3,holdout,-1,test,52,21,1,1,0.9951183106775674
full_CB_V_raw_A0_T_main_seed3,full,CB,V_raw,A0,T_main,0.000269,3,holdout,-1,test,78,28,1,1,0.99128287333989
full_CB_V_raw_A0_T_main_seed3,full,CB,V_raw,A0,T_main,0.000269,3,holdout,-1,test,85,30,0,0,0.3196071610022089
full_CB_V_raw_A0_T_main_seed3,full,CB,V_raw,A0,T_main,0.000269,3,holdout,-1,test,11,4,0,0,0.0095100379176916
full_CB_V_raw_A0_T_main_seed3,full,CB,V_raw,A0,T_main,0.000269,3,holdout,-1,test,74,27,0,0,0.0335187000938722
full_CB_V_raw_A0_T_main_seed3,full,CB,V_raw,A0,T_main,0.000269,3,holdout,-1,test,37,16,1,1,0.9883702235099991
full_CB_V_raw_A0_T_main_seed3,full,CB,V_raw,A0,T_main,0.000269,3,holdout,-1,test,195,49,1,1,0.8836202113717921
full_CB_V_raw_A0_T_main_seed3,full,CB,V_raw,A0,T_main,0.000269,3,holdout,-1,test,133,35,0,0,0.0033904348553857
full_CB_V_raw_A0_T_main_seed3,full,CB,V_raw,A0,T_main,0.000269,3,holdout,-1,test,49,20,0,0,0.211341328549067
full_CB_V_raw_A0_T_main_seed3,full,CB,V_raw,A0,T_main,0.000269,3,holdout,-1,test,5,1,1,1,0.9791122368925722
full_CB_V_raw_A0_T_main_seed3,full,CB,V_raw,A0,T_main,0.000269,3,holdout,-1,test,214,54,0,0,0.0293183604969377
full_CB_V_raw_A0_T_main_seed3,full,CB,V_raw,A0,T_main,0.000269,3,holdout,-1,test,107,32,0,0,0.0348708351638541
full_CB_V_raw_A0_T_main_seed3,full,CB,V_raw,A0,T_main,0.000269,3,holdout,-1,test,95,31,1,1,0.9951130466415116
full_CB_V_raw_A0_T_main_seed3,full,CB,V_raw,A0,T_main,0.000269,3,holdout,-1,test,204,51,0,1,0.797628667263876
full_CB_V_raw_A0_T_main_seed3,full,CB,V_raw,A0,T_main,0.000269,3,holdout,-1,test,23,11,0,0,0.0321727559199023
full_CB_V_raw_A0_T_main_seed3,full,CB,V_raw,A0,T_main,0.000269,3,holdout,-1,test,43,19,0,1,0.61684894383202
full_CB_V_raw_A0_T_main_seed3,full,CB,V_raw,A0,T_main,0.000269,3,holdout,-1,test,212,54,1,1,0.9714031514367738
full_CB_V_raw_A0_T_main_seed3,full,CB,V_raw,A0,T_main,0.000269,3,holdout,-1,test,180,45,1,1,0.9704532231097632
full_CB_V_raw_A0_T_main_seed3,full,CB,V_raw,A0,T_main,0.000269,3,holdout,-1,test,45,19,1,0,0.0545273276681258
full_CB_V_raw_A0_T_main_seed3,full,CB,V_raw,A0,T_main,0.000269,3,holdout,-1,test,4,1,1,1,0.9904914786581208
full_CB_V_raw_A0_T_main_seed3,full,CB,V_raw,A0,T_main,0.000269,3,holdout,-1,test,46,20,0,0,0.0149384931930549
full_CB_V_raw_A0_T_main_seed3,full,CB,V_raw,A0,T_main,0.000269,3,holdout,-1,test,147,38,1,1,0.9903197599498668
full_CB_V_raw_A0_T_main_seed3,full,CB,V_raw,A0,T_main,0.000269,3,holdout,-1,test,136,36,1,0,0.0711983890461096
full_CB_V_raw_A0_T_main_seed3,full,CB,V_raw,A0,T_main,0.000269,3,holdout,-1,test,200,50,0,0,0.0662956136636666
full_CB_V_raw_A0_T_main_seed3,full,CB,V_raw,A0,T_main,0.000269,3,holdout,-1,test,2,1,0,0,0.0352612039369563
full_CB_V_raw_A0_T_main_seed3,full,CB,V_raw,A0,T_main,0.000269,3,holdout,-1,test,75,27,0,0,0.0316721851258521
full_CB_V_raw_A0_T_main_seed3,full,CB,V_raw,A0,T_main,0.000269,3,holdout,-1,test,44,19,0,0,0.0240826069693068
full_CB_V_raw_A0_T_main_seed3,full,CB,V_raw,A0,T_main,0.000269,3,holdout,-1,test,146,38,1,1,0.9914724191134492
full_CB_V_raw_A0_T_main_seed3,full,CB,V_raw,A0,T_main,0.000269,3,holdout,-1,test,77,28,0,1,0.5741169839139032
full_CB_V_raw_A0_T_main_seed3,full,CB,V_raw,A0,T_main,0.000269,3,holdout,-1,test,211,54,1,1,0.9738204873303956
full_CB_V_raw_A0_T_main_seed3,full,CB,V_raw,A0,T_main,0.000269,3,holdout,-1,test,18,6,1,1,0.9821509183301512
full_DT_V_raw_A0_T_main_seed4,full,DT,V_raw,A0,T_main,0.000269,4,holdout,-1,val,127,34,1,1,0.8
full_DT_V_raw_A0_T_main_seed4,full,DT,V_raw,A0,T_main,0.000269,4,holdout,-1,val,32,14,1,0,0.2
full_DT_V_raw_A0_T_main_seed4,full,DT,V_raw,A0,T_main,0.000269,4,holdout,-1,val,171,43,0,0,0.0
full_DT_V_raw_A0_T_main_seed4,full,DT,V_raw,A0,T_main,0.000269,4,holdout,-1,val,214,54,0,0,0.0
full_DT_V_raw_A0_T_main_seed4,full,DT,V_raw,A0,T_main,0.000269,4,holdout,-1,val,95,31,1,1,1.0
full_DT_V_raw_A0_T_main_seed4,full,DT,V_raw,A0,T_main,0.000269,4,holdout,-1,val,35,16,1,1,1.0
full_DT_V_raw_A0_T_main_seed4,full,DT,V_raw,A0,T_main,0.000269,4,holdout,-1,val,211,54,1,1,1.0
full_DT_V_raw_A0_T_main_seed4,full,DT,V_raw,A0,T_main,0.000269,4,holdout,-1,val,138,36,0,1,0.6
full_DT_V_raw_A0_T_main_seed4,full,DT,V_raw,A0,T_main,0.000269,4,holdout,-1,val,53,21,1,1,1.0
full_DT_V_raw_A0_T_main_seed4,full,DT,V_raw,A0,T_main,0.000269,4,holdout,-1,val,167,41,1,1,0.6666666666666666
full_DT_V_raw_A0_T_main_seed4,full,DT,V_raw,A0,T_main,0.000269,4,holdout,-1,val,200,50,0,1,1.0
full_DT_V_raw_A0_T_main_seed4,full,DT,V_raw,A0,T_main,0.000269,4,holdout,-1,val,27,11,1,1,1.0
full_DT_V_raw_A0_T_main_seed4,full,DT,V_raw,A0,T_main,0.000269,4,holdout,-1,val,61,24,0,0,0.2
full_DT_V_raw_A0_T_main_seed4,full,DT,V_raw,A0,T_main,0.000269,4,holdout,-1,val,11,4,0,0,0.0
full_DT_V_raw_A0_T_main_seed4,full,DT,V_raw,A0,T_main,0.000269,4,holdout,-1,val,140,36,0,0,0.25
full_DT_V_raw_A0_T_main_seed4,full,DT,V_raw,A0,T_main,0.000269,4,holdout,-1,val,135,36,1,1,0.6
full_DT_V_raw_A0_T_main_seed4,full,DT,V_raw,A0,T_main,0.000269,4,holdout,-1,val,126,34,1,1,0.8
full_DT_V_raw_A0_T_main_seed4,full,DT,V_raw,A0,T_main,0.000269,4,holdout,-1,val,145,37,1,1,0.6666666666666666
full_DT_V_raw_A0_T_main_seed4,full,DT,V_raw,A0,T_main,0.000269,4,holdout,-1,val,64,24,1,0,0.0
full_DT_V_raw_A0_T_main_seed4,full,DT,V_raw,A0,T_main,0.000269,4,holdout,-1,val,26,11,1,1,1.0
full_DT_V_raw_A0_T_main_seed4,full,DT,V_raw,A0,T_main,0.000269,4,holdout,-1,val,144,37,1,1,0.6666666666666666
full_DT_V_raw_A0_T_main_seed4,full,DT,V_raw,A0,T_main,0.000269,4,holdout,-1,val,60,22,0,0,0.0
full_DT_V_raw_A0_T_main_seed4,full,DT,V_raw,A0,T_main,0.000269,4,holdout,-1,val,63,24,1,0,0.2
full_DT_V_raw_A0_T_main_seed4,full,DT,V_raw,A0,T_main,0.000269,4,holdout,-1,val,2,1,0,0,0.0
full_DT_V_raw_A0_T_main_seed4,full,DT,V_raw,A0,T_main,0.000269,4,holdout,-1,val,133,35,0,0,0.0
full_DT_V_raw_A0_T_main_seed4,full,DT,V_raw,A0,T_main,0.000269,4,holdout,-1,val,168,41,0,0,0.2
full_DT_V_raw_A0_T_main_seed4,full,DT,V_raw,A0,T_main,0.000269,4,holdout,-1,val,66,25,0,0,0.2
full_DT_V_raw_A0_T_main_seed4,full,DT,V_raw,A0,T_main,0.000269,4,holdout,-1,val,84,30,0,1,1.0
full_DT_V_raw_A0_T_main_seed4,full,DT,V_raw,A0,T_main,0.000269,4,holdout,-1,val,41,18,1,0,0.0
full_DT_V_raw_A0_T_main_seed4,full,DT,V_raw,A0,T_main,0.000269,4,holdout,-1,val,156,40,1,1,1.0
full_DT_V_raw_A0_T_main_seed4,full,DT,V_raw,A0,T_main,0.000269,4,holdout,-1,val,183,47,0,0,0.0
full_DT_V_raw_A0_T_main_seed4,full,DT,V_raw,A0,T_main,0.000269,4,holdout,-1,val,34,15,0,0,0.0
full_DT_V_raw_A0_T_main_seed4,full,DT,V_raw,A0,T_main,0.000269,4,holdout,-1,val,172,43,0,0,0.5
full_DT_V_raw_A0_T_main_seed4,full,DT,V_raw,A0,T_main,0.000269,4,holdout,-1,test,109,32,0,0,0.0
full_DT_V_raw_A0_T_main_seed4,full,DT,V_raw,A0,T_main,0.000269,4,holdout,-1,test,71,26,1,0,0.2
full_DT_V_raw_A0_T_main_seed4,full,DT,V_raw,A0,T_main,0.000269,4,holdout,-1,test,108,32,0,0,0.25
full_DT_V_raw_A0_T_main_seed4,full,DT,V_raw,A0,T_main,0.000269,4,holdout,-1,test,98,31,1,1,1.0
full_DT_V_raw_A0_T_main_seed4,full,DT,V_raw,A0,T_main,0.000269,4,holdout,-1,test,143,37,1,1,0.6666666666666666
full_DT_V_raw_A0_T_main_seed4,full,DT,V_raw,A0,T_main,0.000269,4,holdout,-1,test,131,35,0,0,0.0
full_DT_V_raw_A0_T_main_seed4,full,DT,V_raw,A0,T_main,0.000269,4,holdout,-1,test,72,26,0,0,0.2
full_DT_V_raw_A0_T_main_seed4,full,DT,V_raw,A0,T_main,0.000269,4,holdout,-1,test,165,41,1,1,0.6666666666666666
full_DT_V_raw_A0_T_main_seed4,full,DT,V_raw,A0,T_main,0.000269,4,holdout,-1,test,201,50,0,1,1.0
full_DT_V_raw_A0_T_main_seed4,full,DT,V_raw,A0,T_main,0.000269,4,holdout,-1,test,206,53,0,1,1.0
full_DT_V_raw_A0_T_main_seed4,full,DT,V_raw,A0,T_main,0.000269,4,holdout,-1,test,106,32,0,1,0.6666666666666666
full_DT_V_raw_A0_T_main_seed4,full,DT,V_raw,A0,T_main,0.000269,4,holdout,-1,test,101,32,0,0,0.0
full_DT_V_raw_A0_T_main_seed4,full,DT,V_raw,A0,T_main,0.000269,4,holdout,-1,test,174,43,0,0,0.5
full_DT_V_raw_A0_T_main_seed4,full,DT,V_raw,A0,T_main,0.000269,4,holdout,-1,test,215,54,0,0,0.0
full_DT_V_raw_A0_T_main_seed4,full,DT,V_raw,A0,T_main,0.000269,4,holdout,-1,test,147,38,1,1,1.0
full_DT_V_raw_A0_T_main_seed4,full,DT,V_raw,A0,T_main,0.000269,4,holdout,-1,test,226,55,1,1,1.0
full_DT_V_raw_A0_T_main_seed4,full,DT,V_raw,A0,T_main,0.000269,4,holdout,-1,test,85,30,0,1,1.0
full_DT_V_raw_A0_T_main_seed4,full,DT,V_raw,A0,T_main,0.000269,4,holdout,-1,test,21,9,0,0,0.0
full_DT_V_raw_A0_T_main_seed4,full,DT,V_raw,A0,T_main,0.000269,4,holdout,-1,test,81,28,1,1,0.8
full_DT_V_raw_A0_T_main_seed4,full,DT,V_raw,A0,T_main,0.000269,4,holdout,-1,test,118,32,1,0,0.25
full_DT_V_raw_A0_T_main_seed4,full,DT,V_raw,A0,T_main,0.000269,4,holdout,-1,test,125,34,1,1,1.0
full_DT_V_raw_A0_T_main_seed4,full,DT,V_raw,A0,T_main,0.000269,4,holdout,-1,test,90,31,0,0,0.0
full_DT_V_raw_A0_T_main_seed4,full,DT,V_raw,A0,T_main,0.000269,4,holdout,-1,test,128,34,0,0,0.0
full_DT_V_raw_A0_T_main_seed4,full,DT,V_raw,A0,T_main,0.000269,4,holdout,-1,test,205,51,1,0,0.0
full_DT_V_raw_A0_T_main_seed4,full,DT,V_raw,A0,T_main,0.000269,4,holdout,-1,test,210,54,0,1,0.6
full_DT_V_raw_A0_T_main_seed4,full,DT,V_raw,A0,T_main,0.000269,4,holdout,-1,test,9,3,0,0,0.0
full_DT_V_raw_A0_T_main_seed4,full,DT,V_raw,A0,T_main,0.000269,4,holdout,-1,test,221,54,0,0,0.0
full_DT_V_raw_A0_T_main_seed4,full,DT,V_raw,A0,T_main,0.000269,4,holdout,-1,test,148,38,1,1,1.0
full_DT_V_raw_A0_T_main_seed4,full,DT,V_raw,A0,T_main,0.000269,4,holdout,-1,test,18,6,1,1,1.0
full_DT_V_raw_A0_T_main_seed4,full,DT,V_raw,A0,T_main,0.000269,4,holdout,-1,test,224,54,1,1,1.0
full_DT_V_raw_A0_T_main_seed4,full,DT,V_raw,A0,T_main,0.000269,4,holdout,-1,test,218,54,1,1,1.0
full_DT_V_raw_A0_T_main_seed4,full,DT,V_raw,A0,T_main,0.000269,4,holdout,-1,test,94,31,1,1,1.0
full_DT_V_raw_A0_T_main_seed4,full,DT,V_raw,A0,T_main,0.000269,4,holdout,-1,test,180,45,1,1,0.6
full_RF_V_raw_A0_T_main_seed4,full,RF,V_raw,A0,T_main,0.000269,4,holdout,-1,val,127,34,1,1,0.6870872049683864
full_RF_V_raw_A0_T_main_seed4,full,RF,V_raw,A0,T_main,0.000269,4,holdout,-1,val,32,14,1,0,0.3076764324603843
full_RF_V_raw_A0_T_main_seed4,full,RF,V_raw,A0,T_main,0.000269,4,holdout,-1,val,171,43,0,0,0.0360965440426391
full_RF_V_raw_A0_T_main_seed4,full,RF,V_raw,A0,T_main,0.000269,4,holdout,-1,val,214,54,0,0,0.2897612859749803
full_RF_V_raw_A0_T_main_seed4,full,RF,V_raw,A0,T_main,0.000269,4,holdout,-1,val,95,31,1,1,0.830645855950679
full_RF_V_raw_A0_T_main_seed4,full,RF,V_raw,A0,T_main,0.000269,4,holdout,-1,val,35,16,1,1,0.7602081150770063
full_RF_V_raw_A0_T_main_seed4,full,RF,V_raw,A0,T_main,0.000269,4,holdout,-1,val,211,54,1,1,0.8134719140054167
full_RF_V_raw_A0_T_main_seed4,full,RF,V_raw,A0,T_main,0.000269,4,holdout,-1,val,138,36,0,1,0.5031395272125834
full_RF_V_raw_A0_T_main_seed4,full,RF,V_raw,A0,T_main,0.000269,4,holdout,-1,val,53,21,1,1,0.7932148919459666
full_RF_V_raw_A0_T_main_seed4,full,RF,V_raw,A0,T_main,0.000269,4,holdout,-1,val,167,41,1,1,0.6165545087964446
full_RF_V_raw_A0_T_main_seed4,full,RF,V_raw,A0,T_main,0.000269,4,holdout,-1,val,200,50,0,1,0.6927476053594159
full_RF_V_raw_A0_T_main_seed4,full,RF,V_raw,A0,T_main,0.000269,4,holdout,-1,val,27,11,1,1,0.7789043275468922
full_RF_V_raw_A0_T_main_seed4,full,RF,V_raw,A0,T_main,0.000269,4,holdout,-1,val,61,24,0,0,0.1454739126593958
full_RF_V_raw_A0_T_main_seed4,full,RF,V_raw,A0,T_main,0.000269,4,holdout,-1,val,11,4,0,0,0.1526391922471579
full_RF_V_raw_A0_T_main_seed4,full,RF,V_raw,A0,T_main,0.000269,4,holdout,-1,val,140,36,0,0,0.2126103760987839
full_RF_V_raw_A0_T_main_seed4,full,RF,V_raw,A0,T_main,0.000269,4,holdout,-1,val,135,36,1,1,0.7247271639245191
full_RF_V_raw_A0_T_main_seed4,full,RF,V_raw,A0,T_main,0.000269,4,holdout,-1,val,126,34,1,1,0.8282653226274885
full_RF_V_raw_A0_T_main_seed4,full,RF,V_raw,A0,T_main,0.000269,4,holdout,-1,val,145,37,1,1,0.5322944335644105
full_RF_V_raw_A0_T_main_seed4,full,RF,V_raw,A0,T_main,0.000269,4,holdout,-1,val,64,24,1,1,0.5157249506845482
full_RF_V_raw_A0_T_main_seed4,full,RF,V_raw,A0,T_main,0.000269,4,holdout,-1,val,26,11,1,1,0.7813052450297246
full_RF_V_raw_A0_T_main_seed4,full,RF,V_raw,A0,T_main,0.000269,4,holdout,-1,val,144,37,1,1,0.5711291838675376
full_RF_V_raw_A0_T_main_seed4,full,RF,V_raw,A0,T_main,0.000269,4,holdout,-1,val,60,22,0,0,0.1607116277056918
full_RF_V_raw_A0_T_main_seed4,full,RF,V_raw,A0,T_main,0.000269,4,holdout,-1,val,63,24,1,0,0.1146482968092926
full_RF_V_raw_A0_T_main_seed4,full,RF,V_raw,A0,T_main,0.000269,4,holdout,-1,val,2,1,0,0,0.0687015191026841
full_RF_V_raw_A0_T_main_seed4,full,RF,V_raw,A0,T_main,0.000269,4,holdout,-1,val,133,35,0,0,0.0812756223618217
full_RF_V_raw_A0_T_main_seed4,full,RF,V_raw,A0,T_main,0.000269,4,holdout,-1,val,168,41,0,1,0.5023405724039669
full_RF_V_raw_A0_T_main_seed4,full,RF,V_raw,A0,T_main,0.000269,4,holdout,-1,val,66,25,0,1,0.5670743044926226
full_RF_V_raw_A0_T_main_seed4,full,RF,V_raw,A0,T_main,0.000269,4,holdout,-1,val,84,30,0,1,0.8352007932444665
full_RF_V_raw_A0_T_main_seed4,full,RF,V_raw,A0,T_main,0.000269,4,holdout,-1,val,41,18,1,0,0.478059911765387
full_RF_V_raw_A0_T_main_seed4,full,RF,V_raw,A0,T_main,0.000269,4,holdout,-1,val,156,40,1,1,0.9201700106401532
full_RF_V_raw_A0_T_main_seed4,full,RF,V_raw,A0,T_main,0.000269,4,holdout,-1,val,183,47,0,0,0.2019423354253312
full_RF_V_raw_A0_T_main_seed4,full,RF,V_raw,A0,T_main,0.000269,4,holdout,-1,val,34,15,0,0,0.0140163198725234
full_RF_V_raw_A0_T_main_seed4,full,RF,V_raw,A0,T_main,0.000269,4,holdout,-1,val,172,43,0,0,0.3882014630470776
full_RF_V_raw_A0_T_main_seed4,full,RF,V_raw,A0,T_main,0.000269,4,holdout,-1,test,109,32,0,0,0.0032474997214437
full_RF_V_raw_A0_T_main_seed4,full,RF,V_raw,A0,T_main,0.000269,4,holdout,-1,test,71,26,1,1,0.5165020541505889
full_RF_V_raw_A0_T_main_seed4,full,RF,V_raw,A0,T_main,0.000269,4,holdout,-1,test,108,32,0,0,0.1527941956542342
full_RF_V_raw_A0_T_main_seed4,full,RF,V_raw,A0,T_main,0.000269,4,holdout,-1,test,98,31,1,1,0.8385555449765896
full_RF_V_raw_A0_T_main_seed4,full,RF,V_raw,A0,T_main,0.000269,4,holdout,-1,test,143,37,1,1,0.6454163265336109
full_RF_V_raw_A0_T_main_seed4,full,RF,V_raw,A0,T_main,0.000269,4,holdout,-1,test,131,35,0,0,0.4014890453259694
full_RF_V_raw_A0_T_main_seed4,full,RF,V_raw,A0,T_main,0.000269,4,holdout,-1,test,72,26,0,0,0.411213120359217
full_RF_V_raw_A0_T_main_seed4,full,RF,V_raw,A0,T_main,0.000269,4,holdout,-1,test,165,41,1,1,0.7552499514274218
full_RF_V_raw_A0_T_main_seed4,full,RF,V_raw,A0,T_main,0.000269,4,holdout,-1,test,201,50,0,1,0.5438401731152237
full_RF_V_raw_A0_T_main_seed4,full,RF,V_raw,A0,T_main,0.000269,4,holdout,-1,test,206,53,0,1,0.6344941796540938
full_RF_V_raw_A0_T_main_seed4,full,RF,V_raw,A0,T_main,0.000269,4,holdout,-1,test,106,32,0,0,0.3415456945004521
full_RF_V_raw_A0_T_main_seed4,full,RF,V_raw,A0,T_main,0.000269,4,holdout,-1,test,101,32,0,0,0.2059352464975892
full_RF_V_raw_A0_T_main_seed4,full,RF,V_raw,A0,T_main,0.000269,4,holdout,-1,test,174,43,0,0,0.4014180830284035
full_RF_V_raw_A0_T_main_seed4,full,RF,V_raw,A0,T_main,0.000269,4,holdout,-1,test,215,54,0,0,0.3297084255768522
full_RF_V_raw_A0_T_main_seed4,full,RF,V_raw,A0,T_main,0.000269,4,holdout,-1,test,147,38,1,1,0.8711175324906438
full_RF_V_raw_A0_T_main_seed4,full,RF,V_raw,A0,T_main,0.000269,4,holdout,-1,test,226,55,1,1,0.8925226169424813
full_RF_V_raw_A0_T_main_seed4,full,RF,V_raw,A0,T_main,0.000269,4,holdout,-1,test,85,30,0,1,0.8532188462943006
full_RF_V_raw_A0_T_main_seed4,full,RF,V_raw,A0,T_main,0.000269,4,holdout,-1,test,21,9,0,0,0.1331872862534948
full_RF_V_raw_A0_T_main_seed4,full,RF,V_raw,A0,T_main,0.000269,4,holdout,-1,test,81,28,1,1,0.8514290120025741
full_RF_V_raw_A0_T_main_seed4,full,RF,V_raw,A0,T_main,0.000269,4,holdout,-1,test,118,32,1,0,0.2255497483408305
full_RF_V_raw_A0_T_main_seed4,full,RF,V_raw,A0,T_main,0.000269,4,holdout,-1,test,125,34,1,1,0.8080273681149878
full_RF_V_raw_A0_T_main_seed4,full,RF,V_raw,A0,T_main,0.000269,4,holdout,-1,test,90,31,0,0,0.190337105877659
full_RF_V_raw_A0_T_main_seed4,full,RF,V_raw,A0,T_main,0.000269,4,holdout,-1,test,128,34,0,0,0.2928147344495724
full_RF_V_raw_A0_T_main_seed4,full,RF,V_raw,A0,T_main,0.000269,4,holdout,-1,test,205,51,1,0,0.094179974559713
full_RF_V_raw_A0_T_main_seed4,full,RF,V_raw,A0,T_main,0.000269,4,holdout,-1,test,210,54,0,1,0.6928830197931558
full_RF_V_raw_A0_T_main_seed4,full,RF,V_raw,A0,T_main,0.000269,4,holdout,-1,test,9,3,0,0,0.022369556980776
full_RF_V_raw_A0_T_main_seed4,full,RF,V_raw,A0,T_main,0.000269,4,holdout,-1,test,221,54,0,0,0.3297084255768522
full_RF_V_raw_A0_T_main_seed4,full,RF,V_raw,A0,T_main,0.000269,4,holdout,-1,test,148,38,1,1,0.8711175324906438
full_RF_V_raw_A0_T_main_seed4,full,RF,V_raw,A0,T_main,0.000269,4,holdout,-1,test,18,6,1,1,0.8667714279413252
full_RF_V_raw_A0_T_main_seed4,full,RF,V_raw,A0,T_main,0.000269,4,holdout,-1,test,224,54,1,1,0.826242706327493
full_RF_V_raw_A0_T_main_seed4,full,RF,V_raw,A0,T_main,0.000269,4,holdout,-1,test,218,54,1,1,0.826242706327493
full_RF_V_raw_A0_T_main_seed4,full,RF,V_raw,A0,T_main,0.000269,4,holdout,-1,test,94,31,1,1,0.8342372496239876
full_RF_V_raw_A0_T_main_seed4,full,RF,V_raw,A0,T_main,0.000269,4,holdout,-1,test,180,45,1,1,0.6801782038240486
full_LGBM_V_raw_A0_T_main_seed4,full,LGBM,V_raw,A0,T_main,0.000269,4,holdout,-1,val,127,34,1,1,0.9288198028790716
full_LGBM_V_raw_A0_T_main_seed4,full,LGBM,V_raw,A0,T_main,0.000269,4,holdout,-1,val,32,14,1,0,0.0383194137978137
full_LGBM_V_raw_A0_T_main_seed4,full,LGBM,V_raw,A0,T_main,0.000269,4,holdout,-1,val,171,43,0,0,0.0003475984646657
full_LGBM_V_raw_A0_T_main_seed4,full,LGBM,V_raw,A0,T_main,0.000269,4,holdout,-1,val,214,54,0,0,0.0082455767321757
full_LGBM_V_raw_A0_T_main_seed4,full,LGBM,V_raw,A0,T_main,0.000269,4,holdout,-1,val,95,31,1,1,0.996538842945952
full_LGBM_V_raw_A0_T_main_seed4,full,LGBM,V_raw,A0,T_main,0.000269,4,holdout,-1,val,35,16,1,1,0.9967474283713776
full_LGBM_V_raw_A0_T_main_seed4,full,LGBM,V_raw,A0,T_main,0.000269,4,holdout,-1,val,211,54,1,1,0.990248162583074
full_LGBM_V_raw_A0_T_main_seed4,full,LGBM,V_raw,A0,T_main,0.000269,4,holdout,-1,val,138,36,0,0,0.1491507565520059
full_LGBM_V_raw_A0_T_main_seed4,full,LGBM,V_raw,A0,T_main,0.000269,4,holdout,-1,val,53,21,1,1,0.9948718071185396
full_LGBM_V_raw_A0_T_main_seed4,full,LGBM,V_raw,A0,T_main,0.000269,4,holdout,-1,val,167,41,1,1,0.598067381102056
full_LGBM_V_raw_A0_T_main_seed4,full,LGBM,V_raw,A0,T_main,0.000269,4,holdout,-1,val,200,50,0,0,0.0822846096615799
full_LGBM_V_raw_A0_T_main_seed4,full,LGBM,V_raw,A0,T_main,0.000269,4,holdout,-1,val,27,11,1,1,0.9793210370585604
full_LGBM_V_raw_A0_T_main_seed4,full,LGBM,V_raw,A0,T_main,0.000269,4,holdout,-1,val,61,24,0,0,0.013799822907685
full_LGBM_V_raw_A0_T_main_seed4,full,LGBM,V_raw,A0,T_main,0.000269,4,holdout,-1,val,11,4,0,0,0.0014820529271325
full_LGBM_V_raw_A0_T_main_seed4,full,LGBM,V_raw,A0,T_main,0.000269,4,holdout,-1,val,140,36,0,0,0.0013977282514043
full_LGBM_V_raw_A0_T_main_seed4,full,LGBM,V_raw,A0,T_main,0.000269,4,holdout,-1,val,135,36,1,1,0.944546172561813
full_LGBM_V_raw_A0_T_main_seed4,full,LGBM,V_raw,A0,T_main,0.000269,4,holdout,-1,val,126,34,1,1,0.970894528368386
full_LGBM_V_raw_A0_T_main_seed4,full,LGBM,V_raw,A0,T_main,0.000269,4,holdout,-1,val,145,37,1,0,0.2722290543302713
full_LGBM_V_raw_A0_T_main_seed4,full,LGBM,V_raw,A0,T_main,0.000269,4,holdout,-1,val,64,24,1,0,0.136624655643053
full_LGBM_V_raw_A0_T_main_seed4,full,LGBM,V_raw,A0,T_main,0.000269,4,holdout,-1,val,26,11,1,1,0.9855638873050668
full_LGBM_V_raw_A0_T_main_seed4,full,LGBM,V_raw,A0,T_main,0.000269,4,holdout,-1,val,144,37,1,0,0.2722290543302713
full_LGBM_V_raw_A0_T_main_seed4,full,LGBM,V_raw,A0,T_main,0.000269,4,holdout,-1,val,60,22,0,0,0.0057986950688003
full_LGBM_V_raw_A0_T_main_seed4,full,LGBM,V_raw,A0,T_main,0.000269,4,holdout,-1,val,63,24,1,0,0.0086704712156584
full_LGBM_V_raw_A0_T_main_seed4,full,LGBM,V_raw,A0,T_main,0.000269,4,holdout,-1,val,2,1,0,0,0.0170324931105882
full_LGBM_V_raw_A0_T_main_seed4,full,LGBM,V_raw,A0,T_main,0.000269,4,holdout,-1,val,133,35,0,0,0.0002869470145675
full_LGBM_V_raw_A0_T_main_seed4,full,LGBM,V_raw,A0,T_main,0.000269,4,holdout,-1,val,168,41,0,0,0.1574200055107084
full_LGBM_V_raw_A0_T_main_seed4,full,LGBM,V_raw,A0,T_main,0.000269,4,holdout,-1,val,66,25,0,1,0.6407218005642539
full_LGBM_V_raw_A0_T_main_seed4,full,LGBM,V_raw,A0,T_main,0.000269,4,holdout,-1,val,84,30,0,1,0.967011512225952
full_LGBM_V_raw_A0_T_main_seed4,full,LGBM,V_raw,A0,T_main,0.000269,4,holdout,-1,val,41,18,1,0,0.0186545680226678
full_LGBM_V_raw_A0_T_main_seed4,full,LGBM,V_raw,A0,T_main,0.000269,4,holdout,-1,val,156,40,1,1,0.9990608547233542
full_LGBM_V_raw_A0_T_main_seed4,full,LGBM,V_raw,A0,T_main,0.000269,4,holdout,-1,val,183,47,0,0,0.0029005740110566
full_LGBM_V_raw_A0_T_main_seed4,full,LGBM,V_raw,A0,T_main,0.000269,4,holdout,-1,val,34,15,0,0,1.8376081646164613e-05
full_LGBM_V_raw_A0_T_main_seed4,full,LGBM,V_raw,A0,T_main,0.000269,4,holdout,-1,val,172,43,0,0,0.0314673874966561
full_LGBM_V_raw_A0_T_main_seed4,full,LGBM,V_raw,A0,T_main,0.000269,4,holdout,-1,test,109,32,0,0,5.707192727193557e-06
full_LGBM_V_raw_A0_T_main_seed4,full,LGBM,V_raw,A0,T_main,0.000269,4,holdout,-1,test,71,26,1,0,0.0074092146886497
full_LGBM_V_raw_A0_T_main_seed4,full,LGBM,V_raw,A0,T_main,0.000269,4,holdout,-1,test,108,32,0,0,0.0170210027802671
full_LGBM_V_raw_A0_T_main_seed4,full,LGBM,V_raw,A0,T_main,0.000269,4,holdout,-1,test,98,31,1,1,0.9992726754858432
full_LGBM_V_raw_A0_T_main_seed4,full,LGBM,V_raw,A0,T_main,0.000269,4,holdout,-1,test,143,37,1,1,0.7629206860017984
full_LGBM_V_raw_A0_T_main_seed4,full,LGBM,V_raw,A0,T_main,0.000269,4,holdout,-1,test,131,35,0,0,0.0160022010545553
full_LGBM_V_raw_A0_T_main_seed4,full,LGBM,V_raw,A0,T_main,0.000269,4,holdout,-1,test,72,26,0,0,0.0010874793535029
full_LGBM_V_raw_A0_T_main_seed4,full,LGBM,V_raw,A0,T_main,0.000269,4,holdout,-1,test,165,41,1,1,0.9779631655858088
full_LGBM_V_raw_A0_T_main_seed4,full,LGBM,V_raw,A0,T_main,0.000269,4,holdout,-1,test,201,50,0,0,0.0996754367855934
full_LGBM_V_raw_A0_T_main_seed4,full,LGBM,V_raw,A0,T_main,0.000269,4,holdout,-1,test,206,53,0,0,0.0048832256412688
full_LGBM_V_raw_A0_T_main_seed4,full,LGBM,V_raw,A0,T_main,0.000269,4,holdout,-1,test,106,32,0,0,0.111713021866916
full_LGBM_V_raw_A0_T_main_seed4,full,LGBM,V_raw,A0,T_main,0.000269,4,holdout,-1,test,101,32,0,0,0.0034900678341275
full_LGBM_V_raw_A0_T_main_seed4,full,LGBM,V_raw,A0,T_main,0.000269,4,holdout,-1,test,174,43,0,0,0.0314673874966561
full_LGBM_V_raw_A0_T_main_seed4,full,LGBM,V_raw,A0,T_main,0.000269,4,holdout,-1,test,215,54,0,0,0.0166507366713569
full_LGBM_V_raw_A0_T_main_seed4,full,LGBM,V_raw,A0,T_main,0.000269,4,holdout,-1,test,147,38,1,1,0.9816924060127672
full_LGBM_V_raw_A0_T_main_seed4,full,LGBM,V_raw,A0,T_main,0.000269,4,holdout,-1,test,226,55,1,1,0.9958534731034858
full_LGBM_V_raw_A0_T_main_seed4,full,LGBM,V_raw,A0,T_main,0.000269,4,holdout,-1,test,85,30,0,1,0.986368346647514
full_LGBM_V_raw_A0_T_main_seed4,full,LGBM,V_raw,A0,T_main,0.000269,4,holdout,-1,test,21,9,0,0,0.0184375668218314
full_LGBM_V_raw_A0_T_main_seed4,full,LGBM,V_raw,A0,T_main,0.000269,4,holdout,-1,test,81,28,1,1,0.9951580779335576
full_LGBM_V_raw_A0_T_main_seed4,full,LGBM,V_raw,A0,T_main,0.000269,4,holdout,-1,test,118,32,1,0,0.0364924964273597
full_LGBM_V_raw_A0_T_main_seed4,full,LGBM,V_raw,A0,T_main,0.000269,4,holdout,-1,test,125,34,1,1,0.7620193333903993
full_LGBM_V_raw_A0_T_main_seed4,full,LGBM,V_raw,A0,T_main,0.000269,4,holdout,-1,test,90,31,0,0,0.0100695817313423
full_LGBM_V_raw_A0_T_main_seed4,full,LGBM,V_raw,A0,T_main,0.000269,4,holdout,-1,test,128,34,0,0,0.0167994417860427
full_LGBM_V_raw_A0_T_main_seed4,full,LGBM,V_raw,A0,T_main,0.000269,4,holdout,-1,test,205,51,1,0,0.0014820702948468
full_LGBM_V_raw_A0_T_main_seed4,full,LGBM,V_raw,A0,T_main,0.000269,4,holdout,-1,test,210,54,0,1,0.5211824413508638
full_LGBM_V_raw_A0_T_main_seed4,full,LGBM,V_raw,A0,T_main,0.000269,4,holdout,-1,test,9,3,0,0,0.0001233335831376
full_LGBM_V_raw_A0_T_main_seed4,full,LGBM,V_raw,A0,T_main,0.000269,4,holdout,-1,test,221,54,0,0,0.0166507366713569
full_LGBM_V_raw_A0_T_main_seed4,full,LGBM,V_raw,A0,T_main,0.000269,4,holdout,-1,test,148,38,1,1,0.9816924060127672
full_LGBM_V_raw_A0_T_main_seed4,full,LGBM,V_raw,A0,T_main,0.000269,4,holdout,-1,test,18,6,1,1,0.9987565922293198
full_LGBM_V_raw_A0_T_main_seed4,full,LGBM,V_raw,A0,T_main,0.000269,4,holdout,-1,test,224,54,1,1,0.991099918324962
full_LGBM_V_raw_A0_T_main_seed4,full,LGBM,V_raw,A0,T_main,0.000269,4,holdout,-1,test,218,54,1,1,0.991099918324962
full_LGBM_V_raw_A0_T_main_seed4,full,LGBM,V_raw,A0,T_main,0.000269,4,holdout,-1,test,94,31,1,1,0.9985476138938518
full_LGBM_V_raw_A0_T_main_seed4,full,LGBM,V_raw,A0,T_main,0.000269,4,holdout,-1,test,180,45,1,0,0.1699792335754827
full_CB_V_raw_A0_T_main_seed4,full,CB,V_raw,A0,T_main,0.000269,4,holdout,-1,val,127,34,1,1,0.9641747850757976
full_CB_V_raw_A0_T_main_seed4,full,CB,V_raw,A0,T_main,0.000269,4,holdout,-1,val,32,14,1,0,0.1574107607622327
full_CB_V_raw_A0_T_main_seed4,full,CB,V_raw,A0,T_main,0.000269,4,holdout,-1,val,171,43,0,0,0.0110001852051541
full_CB_V_raw_A0_T_main_seed4,full,CB,V_raw,A0,T_main,0.000269,4,holdout,-1,val,214,54,0,0,0.040497908997292
full_CB_V_raw_A0_T_main_seed4,full,CB,V_raw,A0,T_main,0.000269,4,holdout,-1,val,95,31,1,1,0.9743198155902796
full_CB_V_raw_A0_T_main_seed4,full,CB,V_raw,A0,T_main,0.000269,4,holdout,-1,val,35,16,1,1,0.9091610154509436
full_CB_V_raw_A0_T_main_seed4,full,CB,V_raw,A0,T_main,0.000269,4,holdout,-1,val,211,54,1,1,0.9654372972378812
full_CB_V_raw_A0_T_main_seed4,full,CB,V_raw,A0,T_main,0.000269,4,holdout,-1,val,138,36,0,0,0.1246980643601691
full_CB_V_raw_A0_T_main_seed4,full,CB,V_raw,A0,T_main,0.000269,4,holdout,-1,val,53,21,1,1,0.988818023658594
full_CB_V_raw_A0_T_main_seed4,full,CB,V_raw,A0,T_main,0.000269,4,holdout,-1,val,167,41,1,1,0.8844851009600272
full_CB_V_raw_A0_T_main_seed4,full,CB,V_raw,A0,T_main,0.000269,4,holdout,-1,val,200,50,0,1,0.5276089472233128
full_CB_V_raw_A0_T_main_seed4,full,CB,V_raw,A0,T_main,0.000269,4,holdout,-1,val,27,11,1,1,0.9146131545081374
full_CB_V_raw_A0_T_main_seed4,full,CB,V_raw,A0,T_main,0.000269,4,holdout,-1,val,61,24,0,0,0.0197041587388595
full_CB_V_raw_A0_T_main_seed4,full,CB,V_raw,A0,T_main,0.000269,4,holdout,-1,val,11,4,0,0,0.0179012984819758
full_CB_V_raw_A0_T_main_seed4,full,CB,V_raw,A0,T_main,0.000269,4,holdout,-1,val,140,36,0,0,0.005865933856529
full_CB_V_raw_A0_T_main_seed4,full,CB,V_raw,A0,T_main,0.000269,4,holdout,-1,val,135,36,1,1,0.9431624931924611
full_CB_V_raw_A0_T_main_seed4,full,CB,V_raw,A0,T_main,0.000269,4,holdout,-1,val,126,34,1,1,0.9519884104848084
full_CB_V_raw_A0_T_main_seed4,full,CB,V_raw,A0,T_main,0.000269,4,holdout,-1,val,145,37,1,0,0.4763282670880812
full_CB_V_raw_A0_T_main_seed4,full,CB,V_raw,A0,T_main,0.000269,4,holdout,-1,val,64,24,1,1,0.7881562933057621
full_CB_V_raw_A0_T_main_seed4,full,CB,V_raw,A0,T_main,0.000269,4,holdout,-1,val,26,11,1,1,0.8982031540392116
full_CB_V_raw_A0_T_main_seed4,full,CB,V_raw,A0,T_main,0.000269,4,holdout,-1,val,144,37,1,1,0.953347093753394
full_CB_V_raw_A0_T_main_seed4,full,CB,V_raw,A0,T_main,0.000269,4,holdout,-1,val,60,22,0,0,0.0373581833018113
full_CB_V_raw_A0_T_main_seed4,full,CB,V_raw,A0,T_main,0.000269,4,holdout,-1,val,63,24,1,0,0.0187678525193846
full_CB_V_raw_A0_T_main_seed4,full,CB,V_raw,A0,T_main,0.000269,4,holdout,-1,val,2,1,0,0,0.0345379450940983
full_CB_V_raw_A0_T_main_seed4,full,CB,V_raw,A0,T_main,0.000269,4,holdout,-1,val,133,35,0,0,0.006550916369286
full_CB_V_raw_A0_T_main_seed4,full,CB,V_raw,A0,T_main,0.000269,4,holdout,-1,val,168,41,0,1,0.8542109646644174
full_CB_V_raw_A0_T_main_seed4,full,CB,V_raw,A0,T_main,0.000269,4,holdout,-1,val,66,25,0,1,0.9390207436645835
full_CB_V_raw_A0_T_main_seed4,full,CB,V_raw,A0,T_main,0.000269,4,holdout,-1,val,84,30,0,1,0.9675645904403462
full_CB_V_raw_A0_T_main_seed4,full,CB,V_raw,A0,T_main,0.000269,4,holdout,-1,val,41,18,1,0,0.0406249487979304
full_CB_V_raw_A0_T_main_seed4,full,CB,V_raw,A0,T_main,0.000269,4,holdout,-1,val,156,40,1,1,0.9908546957587084
full_CB_V_raw_A0_T_main_seed4,full,CB,V_raw,A0,T_main,0.000269,4,holdout,-1,val,183,47,0,0,0.196358181822576
full_CB_V_raw_A0_T_main_seed4,full,CB,V_raw,A0,T_main,0.000269,4,holdout,-1,val,34,15,0,0,0.0018275838603211
full_CB_V_raw_A0_T_main_seed4,full,CB,V_raw,A0,T_main,0.000269,4,holdout,-1,val,172,43,0,0,0.0446930542706508
full_CB_V_raw_A0_T_main_seed4,full,CB,V_raw,A0,T_main,0.000269,4,holdout,-1,test,109,32,0,0,0.0027278876773477
full_CB_V_raw_A0_T_main_seed4,full,CB,V_raw,A0,T_main,0.000269,4,holdout,-1,test,71,26,1,0,0.4373674881181816
full_CB_V_raw_A0_T_main_seed4,full,CB,V_raw,A0,T_main,0.000269,4,holdout,-1,test,108,32,0,0,0.0240143194522658
full_CB_V_raw_A0_T_main_seed4,full,CB,V_raw,A0,T_main,0.000269,4,holdout,-1,test,98,31,1,1,0.9865627088495283
full_CB_V_raw_A0_T_main_seed4,full,CB,V_raw,A0,T_main,0.000269,4,holdout,-1,test,143,37,1,1,0.97627310485013
full_CB_V_raw_A0_T_main_seed4,full,CB,V_raw,A0,T_main,0.000269,4,holdout,-1,test,131,35,0,0,0.1063442565172668
full_CB_V_raw_A0_T_main_seed4,full,CB,V_raw,A0,T_main,0.000269,4,holdout,-1,test,72,26,0,0,0.159462979934179
full_CB_V_raw_A0_T_main_seed4,full,CB,V_raw,A0,T_main,0.000269,4,holdout,-1,test,165,41,1,1,0.9482326918156376
full_CB_V_raw_A0_T_main_seed4,full,CB,V_raw,A0,T_main,0.000269,4,holdout,-1,test,201,50,0,0,0.4063211463366824
full_CB_V_raw_A0_T_main_seed4,full,CB,V_raw,A0,T_main,0.000269,4,holdout,-1,test,206,53,0,1,0.5154205241055413
full_CB_V_raw_A0_T_main_seed4,full,CB,V_raw,A0,T_main,0.000269,4,holdout,-1,test,106,32,0,0,0.1008612171334162
full_CB_V_raw_A0_T_main_seed4,full,CB,V_raw,A0,T_main,0.000269,4,holdout,-1,test,101,32,0,0,0.0151224620190914
full_CB_V_raw_A0_T_main_seed4,full,CB,V_raw,A0,T_main,0.000269,4,holdout,-1,test,174,43,0,0,0.0427481384822487
full_CB_V_raw_A0_T_main_seed4,full,CB,V_raw,A0,T_main,0.000269,4,holdout,-1,test,215,54,0,0,0.0466903491530596
full_CB_V_raw_A0_T_main_seed4,full,CB,V_raw,A0,T_main,0.000269,4,holdout,-1,test,147,38,1,1,0.9899286145562476
full_CB_V_raw_A0_T_main_seed4,full,CB,V_raw,A0,T_main,0.000269,4,holdout,-1,test,226,55,1,1,0.990707540521382
full_CB_V_raw_A0_T_main_seed4,full,CB,V_raw,A0,T_main,0.000269,4,holdout,-1,test,85,30,0,1,0.9717746029904526
full_CB_V_raw_A0_T_main_seed4,full,CB,V_raw,A0,T_main,0.000269,4,holdout,-1,test,21,9,0,0,0.1857643371425455
full_CB_V_raw_A0_T_main_seed4,full,CB,V_raw,A0,T_main,0.000269,4,holdout,-1,test,81,28,1,1,0.9836976963823818
full_CB_V_raw_A0_T_main_seed4,full,CB,V_raw,A0,T_main,0.000269,4,holdout,-1,test,118,32,1,0,0.1601780932575992
full_CB_V_raw_A0_T_main_seed4,full,CB,V_raw,A0,T_main,0.000269,4,holdout,-1,test,125,34,1,1,0.9015650621237384
full_CB_V_raw_A0_T_main_seed4,full,CB,V_raw,A0,T_main,0.000269,4,holdout,-1,test,90,31,0,0,0.0421012169652351
full_CB_V_raw_A0_T_main_seed4,full,CB,V_raw,A0,T_main,0.000269,4,holdout,-1,test,128,34,0,0,0.0762754880994819
full_CB_V_raw_A0_T_main_seed4,full,CB,V_raw,A0,T_main,0.000269,4,holdout,-1,test,205,51,1,0,0.0151832114307043
full_CB_V_raw_A0_T_main_seed4,full,CB,V_raw,A0,T_main,0.000269,4,holdout,-1,test,210,54,0,1,0.5228917518810566
full_CB_V_raw_A0_T_main_seed4,full,CB,V_raw,A0,T_main,0.000269,4,holdout,-1,test,9,3,0,0,0.0187583215874621
full_CB_V_raw_A0_T_main_seed4,full,CB,V_raw,A0,T_main,0.000269,4,holdout,-1,test,221,54,0,0,0.0466903491530596
full_CB_V_raw_A0_T_main_seed4,full,CB,V_raw,A0,T_main,0.000269,4,holdout,-1,test,148,38,1,1,0.9899286145562476
full_CB_V_raw_A0_T_main_seed4,full,CB,V_raw,A0,T_main,0.000269,4,holdout,-1,test,18,6,1,1,0.988052905063854
full_CB_V_raw_A0_T_main_seed4,full,CB,V_raw,A0,T_main,0.000269,4,holdout,-1,test,224,54,1,1,0.9618789671081892
full_CB_V_raw_A0_T_main_seed4,full,CB,V_raw,A0,T_main,0.000269,4,holdout,-1,test,218,54,1,1,0.9618789671081892
full_CB_V_raw_A0_T_main_seed4,full,CB,V_raw,A0,T_main,0.000269,4,holdout,-1,test,94,31,1,1,0.9727239610295156
full_CB_V_raw_A0_T_main_seed4,full,CB,V_raw,A0,T_main,0.000269,4,holdout,-1,test,180,45,1,1,0.9136635097033052
full_DT_V_raw_A0_T_median_kept_seed0,full,DT,V_raw,A0,T_median_kept,0.000269,0,holdout,-1,val,148,38,1,1,1.0
full_DT_V_raw_A0_T_median_kept_seed0,full,DT,V_raw,A0,T_median_kept,0.000269,0,holdout,-1,val,145,37,1,1,1.0
full_DT_V_raw_A0_T_median_kept_seed0,full,DT,V_raw,A0,T_median_kept,0.000269,0,holdout,-1,val,89,31,0,0,0.0
full_DT_V_raw_A0_T_median_kept_seed0,full,DT,V_raw,A0,T_median_kept,0.000269,0,holdout,-1,val,217,54,1,1,1.0
full_DT_V_raw_A0_T_median_kept_seed0,full,DT,V_raw,A0,T_median_kept,0.000269,0,holdout,-1,val,107,32,0,0,0.0
full_DT_V_raw_A0_T_median_kept_seed0,full,DT,V_raw,A0,T_median_kept,0.000269,0,holdout,-1,val,42,19,0,0,0.0
full_DT_V_raw_A0_T_median_kept_seed0,full,DT,V_raw,A0,T_median_kept,0.000269,0,holdout,-1,val,73,27,0,0,0.0
full_DT_V_raw_A0_T_median_kept_seed0,full,DT,V_raw,A0,T_median_kept,0.000269,0,holdout,-1,val,113,32,0,0,0.0
full_DT_V_raw_A0_T_median_kept_seed0,full,DT,V_raw,A0,T_median_kept,0.000269,0,holdout,-1,val,52,21,1,1,1.0
full_DT_V_raw_A0_T_median_kept_seed0,full,DT,V_raw,A0,T_median_kept,0.000269,0,holdout,-1,val,35,16,1,1,1.0
full_DT_V_raw_A0_T_median_kept_seed0,full,DT,V_raw,A0,T_median_kept,0.000269,0,holdout,-1,val,152,39,0,0,0.0
full_DT_V_raw_A0_T_median_kept_seed0,full,DT,V_raw,A0,T_median_kept,0.000269,0,holdout,-1,val,216,54,1,0,0.0
full_DT_V_raw_A0_T_median_kept_seed0,full,DT,V_raw,A0,T_median_kept,0.000269,0,holdout,-1,val,31,13,0,1,1.0
full_DT_V_raw_A0_T_median_kept_seed0,full,DT,V_raw,A0,T_median_kept,0.000269,0,holdout,-1,val,212,54,1,1,1.0
full_DT_V_raw_A0_T_median_kept_seed0,full,DT,V_raw,A0,T_median_kept,0.000269,0,holdout,-1,val,172,43,0,0,0.0
full_DT_V_raw_A0_T_median_kept_seed0,full,DT,V_raw,A0,T_median_kept,0.000269,0,holdout,-1,val,125,34,1,1,1.0
full_DT_V_raw_A0_T_median_kept_seed0,full,DT,V_raw,A0,T_median_kept,0.000269,0,holdout,-1,val,93,31,1,1,1.0
full_DT_V_raw_A0_T_median_kept_seed0,full,DT,V_raw,A0,T_median_kept,0.000269,0,holdout,-1,val,178,45,1,1,1.0
full_DT_V_raw_A0_T_median_kept_seed0,full,DT,V_raw,A0,T_median_kept,0.000269,0,holdout,-1,val,213,54,0,0,0.0
full_DT_V_raw_A0_T_median_kept_seed0,full,DT,V_raw,A0,T_median_kept,0.000269,0,holdout,-1,val,163,41,0,1,1.0
full_DT_V_raw_A0_T_median_kept_seed0,full,DT,V_raw,A0,T_median_kept,0.000269,0,holdout,-1,val,60,22,0,0,0.0
full_DT_V_raw_A0_T_median_kept_seed0,full,DT,V_raw,A0,T_median_kept,0.000269,0,holdout,-1,val,11,4,0,0,0.0
full_DT_V_raw_A0_T_median_kept_seed0,full,DT,V_raw,A0,T_median_kept,0.000269,0,holdout,-1,val,27,11,1,1,1.0
full_DT_V_raw_A0_T_median_kept_seed0,full,DT,V_raw,A0,T_median_kept,0.000269,0,holdout,-1,val,137,36,0,1,1.0
full_DT_V_raw_A0_T_median_kept_seed0,full,DT,V_raw,A0,T_median_kept,0.000269,0,holdout,-1,val,199,50,1,0,0.0
full_DT_V_raw_A0_T_median_kept_seed0,full,DT,V_raw,A0,T_median_kept,0.000269,0,holdout,-1,val,160,40,1,1,1.0
full_DT_V_raw_A0_T_median_kept_seed0,full,DT,V_raw,A0,T_median_kept,0.000269,0,holdout,-1,val,33,15,0,0,0.0
full_DT_V_raw_A0_T_median_kept_seed0,full,DT,V_raw,A0,T_median_kept,0.000269,0,holdout,-1,val,82,29,1,1,1.0
full_DT_V_raw_A0_T_median_kept_seed0,full,DT,V_raw,A0,T_median_kept,0.000269,0,holdout,-1,val,86,30,1,1,1.0
full_DT_V_raw_A0_T_median_kept_seed0,full,DT,V_raw,A0,T_median_kept,0.000269,0,holdout,-1,val,108,32,0,0,0.0
full_DT_V_raw_A0_T_median_kept_seed0,full,DT,V_raw,A0,T_median_kept,0.000269,0,holdout,-1,val,208,54,0,0,0.0
full_DT_V_raw_A0_T_median_kept_seed0,full,DT,V_raw,A0,T_median_kept,0.000269,0,holdout,-1,val,165,41,1,1,1.0
full_DT_V_raw_A0_T_median_kept_seed0,full,DT,V_raw,A0,T_median_kept,0.000269,0,holdout,-1,val,16,5,1,1,1.0
full_DT_V_raw_A0_T_median_kept_seed0,full,DT,V_raw,A0,T_median_kept,0.000269,0,holdout,-1,test,211,54,1,1,1.0
full_DT_V_raw_A0_T_median_kept_seed0,full,DT,V_raw,A0,T_median_kept,0.000269,0,holdout,-1,test,169,41,0,0,0.0
full_DT_V_raw_A0_T_median_kept_seed0,full,DT,V_raw,A0,T_median_kept,0.000269,0,holdout,-1,test,94,31,1,1,1.0
full_DT_V_raw_A0_T_median_kept_seed0,full,DT,V_raw,A0,T_median_kept,0.000269,0,holdout,-1,test,109,32,0,0,0.0
full_DT_V_raw_A0_T_median_kept_seed0,full,DT,V_raw,A0,T_median_kept,0.000269,0,holdout,-1,test,21,9,0,0,0.0
full_DT_V_raw_A0_T_median_kept_seed0,full,DT,V_raw,A0,T_median_kept,0.000269,0,holdout,-1,test,162,40,1,1,1.0
full_DT_V_raw_A0_T_median_kept_seed0,full,DT,V_raw,A0,T_median_kept,0.000269,0,holdout,-1,test,143,37,1,1,1.0
full_DT_V_raw_A0_T_median_kept_seed0,full,DT,V_raw,A0,T_median_kept,0.000269,0,holdout,-1,test,123,34,0,0,0.0
full_DT_V_raw_A0_T_median_kept_seed0,full,DT,V_raw,A0,T_median_kept,0.000269,0,holdout,-1,test,115,32,0,1,1.0
full_DT_V_raw_A0_T_median_kept_seed0,full,DT,V_raw,A0,T_median_kept,0.000269,0,holdout,-1,test,158,40,1,1,1.0
full_DT_V_raw_A0_T_median_kept_seed0,full,DT,V_raw,A0,T_median_kept,0.000269,0,holdout,-1,test,72,26,0,0,0.0
full_DT_V_raw_A0_T_median_kept_seed0,full,DT,V_raw,A0,T_median_kept,0.000269,0,holdout,-1,test,30,12,0,1,1.0
full_DT_V_raw_A0_T_median_kept_seed0,full,DT,V_raw,A0,T_median_kept,0.000269,0,holdout,-1,test,75,27,0,0,0.0
full_DT_V_raw_A0_T_median_kept_seed0,full,DT,V_raw,A0,T_median_kept,0.000269,0,holdout,-1,test,129,35,0,0,0.0
full_DT_V_raw_A0_T_median_kept_seed0,full,DT,V_raw,A0,T_median_kept,0.000269,0,holdout,-1,test,117,32,1,1,1.0
full_DT_V_raw_A0_T_median_kept_seed0,full,DT,V_raw,A0,T_median_kept,0.000269,0,holdout,-1,test,6,1,1,1,1.0
full_DT_V_raw_A0_T_median_kept_seed0,full,DT,V_raw,A0,T_median_kept,0.000269,0,holdout,-1,test,46,20,0,0,0.0
full_DT_V_raw_A0_T_median_kept_seed0,full,DT,V_raw,A0,T_median_kept,0.000269,0,holdout,-1,test,174,43,0,0,0.0
full_DT_V_raw_A0_T_median_kept_seed0,full,DT,V_raw,A0,T_median_kept,0.000269,0,holdout,-1,test,142,37,1,1,1.0
full_DT_V_raw_A0_T_median_kept_seed0,full,DT,V_raw,A0,T_median_kept,0.000269,0,holdout,-1,test,181,45,0,1,1.0
full_DT_V_raw_A0_T_median_kept_seed0,full,DT,V_raw,A0,T_median_kept,0.000269,0,holdout,-1,test,119,33,0,0,0.0
full_DT_V_raw_A0_T_median_kept_seed0,full,DT,V_raw,A0,T_median_kept,0.000269,0,holdout,-1,test,53,21,1,1,1.0
full_DT_V_raw_A0_T_median_kept_seed0,full,DT,V_raw,A0,T_median_kept,0.000269,0,holdout,-1,test,95,31,1,1,1.0
full_DT_V_raw_A0_T_median_kept_seed0,full,DT,V_raw,A0,T_median_kept,0.000269,0,holdout,-1,test,146,38,1,1,1.0
full_DT_V_raw_A0_T_median_kept_seed0,full,DT,V_raw,A0,T_median_kept,0.000269,0,holdout,-1,test,214,54,0,0,0.0
full_DT_V_raw_A0_T_median_kept_seed0,full,DT,V_raw,A0,T_median_kept,0.000269,0,holdout,-1,test,51,21,1,1,1.0
full_DT_V_raw_A0_T_median_kept_seed0,full,DT,V_raw,A0,T_median_kept,0.000269,0,holdout,-1,test,206,53,0,0,0.0
full_DT_V_raw_A0_T_median_kept_seed0,full,DT,V_raw,A0,T_median_kept,0.000269,0,holdout,-1,test,196,49,1,1,1.0
full_DT_V_raw_A0_T_median_kept_seed0,full,DT,V_raw,A0,T_median_kept,0.000269,0,holdout,-1,test,25,11,1,1,1.0
full_DT_V_raw_A0_T_median_kept_seed0,full,DT,V_raw,A0,T_median_kept,0.000269,0,holdout,-1,test,220,54,0,0,0.0
full_DT_V_raw_A0_T_median_kept_seed0,full,DT,V_raw,A0,T_median_kept,0.000269,0,holdout,-1,test,5,1,1,1,1.0
full_DT_V_raw_A0_T_median_kept_seed0,full,DT,V_raw,A0,T_median_kept,0.000269,0,holdout,-1,test,3,1,1,1,1.0
full_DT_V_raw_A0_T_median_kept_seed0,full,DT,V_raw,A0,T_median_kept,0.000269,0,holdout,-1,test,91,31,0,1,1.0
full_RF_V_raw_A0_T_median_kept_seed0,full,RF,V_raw,A0,T_median_kept,0.000269,0,holdout,-1,val,148,38,1,1,0.9709725144435984
full_RF_V_raw_A0_T_median_kept_seed0,full,RF,V_raw,A0,T_median_kept,0.000269,0,holdout,-1,val,145,37,1,1,0.6880000000000001
full_RF_V_raw_A0_T_median_kept_seed0,full,RF,V_raw,A0,T_median_kept,0.000269,0,holdout,-1,val,89,31,0,0,0.1337962746905578
full_RF_V_raw_A0_T_median_kept_seed0,full,RF,V_raw,A0,T_median_kept,0.000269,0,holdout,-1,val,217,54,1,1,0.7825665005652468
full_RF_V_raw_A0_T_median_kept_seed0,full,RF,V_raw,A0,T_median_kept,0.000269,0,holdout,-1,val,107,32,0,0,0.1721722779799337
full_RF_V_raw_A0_T_median_kept_seed0,full,RF,V_raw,A0,T_median_kept,0.000269,0,holdout,-1,val,42,19,0,0,0.1346553688759963
full_RF_V_raw_A0_T_median_kept_seed0,full,RF,V_raw,A0,T_median_kept,0.000269,0,holdout,-1,val,73,27,0,0,0.274949440714766
full_RF_V_raw_A0_T_median_kept_seed0,full,RF,V_raw,A0,T_median_kept,0.000269,0,holdout,-1,val,113,32,0,0,0.4598327972655921
full_RF_V_raw_A0_T_median_kept_seed0,full,RF,V_raw,A0,T_median_kept,0.000269,0,holdout,-1,val,52,21,1,1,0.7038203885486056
full_RF_V_raw_A0_T_median_kept_seed0,full,RF,V_raw,A0,T_median_kept,0.000269,0,holdout,-1,val,35,16,1,1,0.7617749094236524
full_RF_V_raw_A0_T_median_kept_seed0,full,RF,V_raw,A0,T_median_kept,0.000269,0,holdout,-1,val,152,39,0,0,0.3085019664431429
full_RF_V_raw_A0_T_median_kept_seed0,full,RF,V_raw,A0,T_median_kept,0.000269,0,holdout,-1,val,216,54,1,0,0.2594296895209142
full_RF_V_raw_A0_T_median_kept_seed0,full,RF,V_raw,A0,T_median_kept,0.000269,0,holdout,-1,val,31,13,0,1,0.8353118994259346
full_RF_V_raw_A0_T_median_kept_seed0,full,RF,V_raw,A0,T_median_kept,0.000269,0,holdout,-1,val,212,54,1,1,0.8177065275430021
full_RF_V_raw_A0_T_median_kept_seed0,full,RF,V_raw,A0,T_median_kept,0.000269,0,holdout,-1,val,172,43,0,0,0.2672318972532195
full_RF_V_raw_A0_T_median_kept_seed0,full,RF,V_raw,A0,T_median_kept,0.000269,0,holdout,-1,val,125,34,1,1,0.7494933809352106
full_RF_V_raw_A0_T_median_kept_seed0,full,RF,V_raw,A0,T_median_kept,0.000269,0,holdout,-1,val,93,31,1,1,0.8787905983001567
full_RF_V_raw_A0_T_median_kept_seed0,full,RF,V_raw,A0,T_median_kept,0.000269,0,holdout,-1,val,178,45,1,1,0.6697091421460378
full_RF_V_raw_A0_T_median_kept_seed0,full,RF,V_raw,A0,T_median_kept,0.000269,0,holdout,-1,val,213,54,0,0,0.0740117556029804
full_RF_V_raw_A0_T_median_kept_seed0,full,RF,V_raw,A0,T_median_kept,0.000269,0,holdout,-1,val,163,41,0,1,0.7094620045804948
full_RF_V_raw_A0_T_median_kept_seed0,full,RF,V_raw,A0,T_median_kept,0.000269,0,holdout,-1,val,60,22,0,0,0.2099897952012346
full_RF_V_raw_A0_T_median_kept_seed0,full,RF,V_raw,A0,T_median_kept,0.000269,0,holdout,-1,val,11,4,0,0,0.1291145531518619
full_RF_V_raw_A0_T_median_kept_seed0,full,RF,V_raw,A0,T_median_kept,0.000269,0,holdout,-1,val,27,11,1,1,0.7620995392883987
full_RF_V_raw_A0_T_median_kept_seed0,full,RF,V_raw,A0,T_median_kept,0.000269,0,holdout,-1,val,137,36,0,0,0.4879345424099976
full_RF_V_raw_A0_T_median_kept_seed0,full,RF,V_raw,A0,T_median_kept,0.000269,0,holdout,-1,val,199,50,1,0,0.2456510763069212
full_RF_V_raw_A0_T_median_kept_seed0,full,RF,V_raw,A0,T_median_kept,0.000269,0,holdout,-1,val,160,40,1,1,0.9958881028789496
full_RF_V_raw_A0_T_median_kept_seed0,full,RF,V_raw,A0,T_median_kept,0.000269,0,holdout,-1,val,33,15,0,0,0.3050260336039158
full_RF_V_raw_A0_T_median_kept_seed0,full,RF,V_raw,A0,T_median_kept,0.000269,0,holdout,-1,val,82,29,1,1,0.5954905070422398
full_RF_V_raw_A0_T_median_kept_seed0,full,RF,V_raw,A0,T_median_kept,0.000269,0,holdout,-1,val,86,30,1,1,0.5174296870967017
full_RF_V_raw_A0_T_median_kept_seed0,full,RF,V_raw,A0,T_median_kept,0.000269,0,holdout,-1,val,108,32,0,0,0.4165272949497515
full_RF_V_raw_A0_T_median_kept_seed0,full,RF,V_raw,A0,T_median_kept,0.000269,0,holdout,-1,val,208,54,0,0,0.2136600853430416
full_RF_V_raw_A0_T_median_kept_seed0,full,RF,V_raw,A0,T_median_kept,0.000269,0,holdout,-1,val,165,41,1,1,0.9507128091542308
full_RF_V_raw_A0_T_median_kept_seed0,full,RF,V_raw,A0,T_median_kept,0.000269,0,holdout,-1,val,16,5,1,1,0.7713694127050372
full_RF_V_raw_A0_T_median_kept_seed0,full,RF,V_raw,A0,T_median_kept,0.000269,0,holdout,-1,test,211,54,1,1,0.7825665005652468
full_RF_V_raw_A0_T_median_kept_seed0,full,RF,V_raw,A0,T_median_kept,0.000269,0,holdout,-1,test,169,41,0,0,0.4316389529684696
full_RF_V_raw_A0_T_median_kept_seed0,full,RF,V_raw,A0,T_median_kept,0.000269,0,holdout,-1,test,94,31,1,1,0.8864240759336341
full_RF_V_raw_A0_T_median_kept_seed0,full,RF,V_raw,A0,T_median_kept,0.000269,0,holdout,-1,test,109,32,0,0,0.0108902403152403
full_RF_V_raw_A0_T_median_kept_seed0,full,RF,V_raw,A0,T_median_kept,0.000269,0,holdout,-1,test,21,9,0,1,0.5273705096592233
full_RF_V_raw_A0_T_median_kept_seed0,full,RF,V_raw,A0,T_median_kept,0.000269,0,holdout,-1,test,162,40,1,1,0.9932794072267755
full_RF_V_raw_A0_T_median_kept_seed0,full,RF,V_raw,A0,T_median_kept,0.000269,0,holdout,-1,test,143,37,1,1,0.8390957550325365
full_RF_V_raw_A0_T_median_kept_seed0,full,RF,V_raw,A0,T_median_kept,0.000269,0,holdout,-1,test,123,34,0,0,0.1215054170987674
full_RF_V_raw_A0_T_median_kept_seed0,full,RF,V_raw,A0,T_median_kept,0.000269,0,holdout,-1,test,115,32,0,0,0.2105835365427802
full_RF_V_raw_A0_T_median_kept_seed0,full,RF,V_raw,A0,T_median_kept,0.000269,0,holdout,-1,test,158,40,1,1,0.8046950185177048
full_RF_V_raw_A0_T_median_kept_seed0,full,RF,V_raw,A0,T_median_kept,0.000269,0,holdout,-1,test,72,26,0,1,0.6755884895812705
full_RF_V_raw_A0_T_median_kept_seed0,full,RF,V_raw,A0,T_median_kept,0.000269,0,holdout,-1,test,30,12,0,1,0.5444948047213598
full_RF_V_raw_A0_T_median_kept_seed0,full,RF,V_raw,A0,T_median_kept,0.000269,0,holdout,-1,test,75,27,0,0,0.1838964236986076
full_RF_V_raw_A0_T_median_kept_seed0,full,RF,V_raw,A0,T_median_kept,0.000269,0,holdout,-1,test,129,35,0,0,0.0665492256022615
full_RF_V_raw_A0_T_median_kept_seed0,full,RF,V_raw,A0,T_median_kept,0.000269,0,holdout,-1,test,117,32,1,0,0.3808026853242398
full_RF_V_raw_A0_T_median_kept_seed0,full,RF,V_raw,A0,T_median_kept,0.000269,0,holdout,-1,test,6,1,1,1,0.8081216339609317
full_RF_V_raw_A0_T_median_kept_seed0,full,RF,V_raw,A0,T_median_kept,0.000269,0,holdout,-1,test,46,20,0,0,0.1310453160586171
full_RF_V_raw_A0_T_median_kept_seed0,full,RF,V_raw,A0,T_median_kept,0.000269,0,holdout,-1,test,174,43,0,0,0.2894296994510217
full_RF_V_raw_A0_T_median_kept_seed0,full,RF,V_raw,A0,T_median_kept,0.000269,0,holdout,-1,test,142,37,1,1,0.5017555380739445
full_RF_V_raw_A0_T_median_kept_seed0,full,RF,V_raw,A0,T_median_kept,0.000269,0,holdout,-1,test,181,45,0,1,0.811897028897029
full_RF_V_raw_A0_T_median_kept_seed0,full,RF,V_raw,A0,T_median_kept,0.000269,0,holdout,-1,test,119,33,0,0,0.1698334075948614
full_RF_V_raw_A0_T_median_kept_seed0,full,RF,V_raw,A0,T_median_kept,0.000269,0,holdout,-1,test,53,21,1,1,0.7096845860794698
full_RF_V_raw_A0_T_median_kept_seed0,full,RF,V_raw,A0,T_median_kept,0.000269,0,holdout,-1,test,95,31,1,1,0.8995950716046298
full_RF_V_raw_A0_T_median_kept_seed0,full,RF,V_raw,A0,T_median_kept,0.000269,0,holdout,-1,test,146,38,1,1,0.8577627037371149
full_RF_V_raw_A0_T_median_kept_seed0,full,RF,V_raw,A0,T_median_kept,0.000269,0,holdout,-1,test,214,54,0,0,0.2136600853430416
full_RF_V_raw_A0_T_median_kept_seed0,full,RF,V_raw,A0,T_median_kept,0.000269,0,holdout,-1,test,51,21,1,1,0.5260327880769914
full_RF_V_raw_A0_T_median_kept_seed0,full,RF,V_raw,A0,T_median_kept,0.000269,0,holdout,-1,test,206,53,0,0,0.3973724722447936
full_RF_V_raw_A0_T_median_kept_seed0,full,RF,V_raw,A0,T_median_kept,0.000269,0,holdout,-1,test,196,49,1,1,0.7513982577962819
full_RF_V_raw_A0_T_median_kept_seed0,full,RF,V_raw,A0,T_median_kept,0.000269,0,holdout,-1,test,25,11,1,1,0.7044220180140731
full_RF_V_raw_A0_T_median_kept_seed0,full,RF,V_raw,A0,T_median_kept,0.000269,0,holdout,-1,test,220,54,0,0,0.2136600853430416
full_RF_V_raw_A0_T_median_kept_seed0,full,RF,V_raw,A0,T_median_kept,0.000269,0,holdout,-1,test,5,1,1,1,0.832578491684952
full_RF_V_raw_A0_T_median_kept_seed0,full,RF,V_raw,A0,T_median_kept,0.000269,0,holdout,-1,test,3,1,1,1,0.7603667425052395
full_RF_V_raw_A0_T_median_kept_seed0,full,RF,V_raw,A0,T_median_kept,0.000269,0,holdout,-1,test,91,31,0,1,0.5016390107784316
full_LGBM_V_raw_A0_T_median_kept_seed0,full,LGBM,V_raw,A0,T_median_kept,0.000269,0,holdout,-1,val,148,38,1,1,0.9764411988390376
full_LGBM_V_raw_A0_T_median_kept_seed0,full,LGBM,V_raw,A0,T_median_kept,0.000269,0,holdout,-1,val,145,37,1,1,0.8848042419791311
full_LGBM_V_raw_A0_T_median_kept_seed0,full,LGBM,V_raw,A0,T_median_kept,0.000269,0,holdout,-1,val,89,31,0,0,0.068980977121699
full_LGBM_V_raw_A0_T_median_kept_seed0,full,LGBM,V_raw,A0,T_median_kept,0.000269,0,holdout,-1,val,217,54,1,1,0.8348464116762752
full_LGBM_V_raw_A0_T_median_kept_seed0,full,LGBM,V_raw,A0,T_median_kept,0.000269,0,holdout,-1,val,107,32,0,0,0.0627163877541777
full_LGBM_V_raw_A0_T_median_kept_seed0,full,LGBM,V_raw,A0,T_median_kept,0.000269,0,holdout,-1,val,42,19,0,0,0.1330126946817442
full_LGBM_V_raw_A0_T_median_kept_seed0,full,LGBM,V_raw,A0,T_median_kept,0.000269,0,holdout,-1,val,73,27,0,0,0.3764114086315693
full_LGBM_V_raw_A0_T_median_kept_seed0,full,LGBM,V_raw,A0,T_median_kept,0.000269,0,holdout,-1,val,113,32,0,0,0.4075367562240398
full_LGBM_V_raw_A0_T_median_kept_seed0,full,LGBM,V_raw,A0,T_median_kept,0.000269,0,holdout,-1,val,52,21,1,1,0.7715145781960643
full_LGBM_V_raw_A0_T_median_kept_seed0,full,LGBM,V_raw,A0,T_median_kept,0.000269,0,holdout,-1,val,35,16,1,1,0.8856419202007492
full_LGBM_V_raw_A0_T_median_kept_seed0,full,LGBM,V_raw,A0,T_median_kept,0.000269,0,holdout,-1,val,152,39,0,0,0.3719080780056378
full_LGBM_V_raw_A0_T_median_kept_seed0,full,LGBM,V_raw,A0,T_median_kept,0.000269,0,holdout,-1,val,216,54,1,0,0.2031046788385689
full_LGBM_V_raw_A0_T_median_kept_seed0,full,LGBM,V_raw,A0,T_median_kept,0.000269,0,holdout,-1,val,31,13,0,1,0.9790076085190592
full_LGBM_V_raw_A0_T_median_kept_seed0,full,LGBM,V_raw,A0,T_median_kept,0.000269,0,holdout,-1,val,212,54,1,1,0.8202424370687896
full_LGBM_V_raw_A0_T_median_kept_seed0,full,LGBM,V_raw,A0,T_median_kept,0.000269,0,holdout,-1,val,172,43,0,0,0.1150575637490294
full_LGBM_V_raw_A0_T_median_kept_seed0,full,LGBM,V_raw,A0,T_median_kept,0.000269,0,holdout,-1,val,125,34,1,1,0.8665075588308757
full_LGBM_V_raw_A0_T_median_kept_seed0,full,LGBM,V_raw,A0,T_median_kept,0.000269,0,holdout,-1,val,93,31,1,1,0.972280879705504
full_LGBM_V_raw_A0_T_median_kept_seed0,full,LGBM,V_raw,A0,T_median_kept,0.000269,0,holdout,-1,val,178,45,1,1,0.7699871153927575
full_LGBM_V_raw_A0_T_median_kept_seed0,full,LGBM,V_raw,A0,T_median_kept,0.000269,0,holdout,-1,val,213,54,0,0,0.0120477011657029
full_LGBM_V_raw_A0_T_median_kept_seed0,full,LGBM,V_raw,A0,T_median_kept,0.000269,0,holdout,-1,val,163,41,0,1,0.7479311899011544
full_LGBM_V_raw_A0_T_median_kept_seed0,full,LGBM,V_raw,A0,T_median_kept,0.000269,0,holdout,-1,val,60,22,0,0,0.0949584448765429
full_LGBM_V_raw_A0_T_median_kept_seed0,full,LGBM,V_raw,A0,T_median_kept,0.000269,0,holdout,-1,val,11,4,0,0,0.0537498522074796
full_LGBM_V_raw_A0_T_median_kept_seed0,full,LGBM,V_raw,A0,T_median_kept,0.000269,0,holdout,-1,val,27,11,1,1,0.8002236424531695
full_LGBM_V_raw_A0_T_median_kept_seed0,full,LGBM,V_raw,A0,T_median_kept,0.000269,0,holdout,-1,val,137,36,0,1,0.854456619162924
full_LGBM_V_raw_A0_T_median_kept_seed0,full,LGBM,V_raw,A0,T_median_kept,0.000269,0,holdout,-1,val,199,50,1,0,0.1234316973850102
full_LGBM_V_raw_A0_T_median_kept_seed0,full,LGBM,V_raw,A0,T_median_kept,0.000269,0,holdout,-1,val,160,40,1,1,0.9730818191072726
full_LGBM_V_raw_A0_T_median_kept_seed0,full,LGBM,V_raw,A0,T_median_kept,0.000269,0,holdout,-1,val,33,15,0,0,0.0379027159286753
full_LGBM_V_raw_A0_T_median_kept_seed0,full,LGBM,V_raw,A0,T_median_kept,0.000269,0,holdout,-1,val,82,29,1,1,0.7527639288521102
full_LGBM_V_raw_A0_T_median_kept_seed0,full,LGBM,V_raw,A0,T_median_kept,0.000269,0,holdout,-1,val,86,30,1,1,0.6932084783549974
full_LGBM_V_raw_A0_T_median_kept_seed0,full,LGBM,V_raw,A0,T_median_kept,0.000269,0,holdout,-1,val,108,32,0,0,0.126111900128076
full_LGBM_V_raw_A0_T_median_kept_seed0,full,LGBM,V_raw,A0,T_median_kept,0.000269,0,holdout,-1,val,208,54,0,0,0.117529992661891
full_LGBM_V_raw_A0_T_median_kept_seed0,full,LGBM,V_raw,A0,T_median_kept,0.000269,0,holdout,-1,val,165,41,1,1,0.9445356987379672
full_LGBM_V_raw_A0_T_median_kept_seed0,full,LGBM,V_raw,A0,T_median_kept,0.000269,0,holdout,-1,val,16,5,1,1,0.9526725253176088
full_LGBM_V_raw_A0_T_median_kept_seed0,full,LGBM,V_raw,A0,T_median_kept,0.000269,0,holdout,-1,test,211,54,1,1,0.8348464116762752
full_LGBM_V_raw_A0_T_median_kept_seed0,full,LGBM,V_raw,A0,T_median_kept,0.000269,0,holdout,-1,test,169,41,0,0,0.113007846507033
full_LGBM_V_raw_A0_T_median_kept_seed0,full,LGBM,V_raw,A0,T_median_kept,0.000269,0,holdout,-1,test,94,31,1,1,0.9685244230541932
full_LGBM_V_raw_A0_T_median_kept_seed0,full,LGBM,V_raw,A0,T_median_kept,0.000269,0,holdout,-1,test,109,32,0,0,0.0225960423186858
full_LGBM_V_raw_A0_T_median_kept_seed0,full,LGBM,V_raw,A0,T_median_kept,0.000269,0,holdout,-1,test,21,9,0,1,0.8113187918622549
full_LGBM_V_raw_A0_T_median_kept_seed0,full,LGBM,V_raw,A0,T_median_kept,0.000269,0,holdout,-1,test,162,40,1,1,0.9730818191072726
full_LGBM_V_raw_A0_T_median_kept_seed0,full,LGBM,V_raw,A0,T_median_kept,0.000269,0,holdout,-1,test,143,37,1,1,0.9377369720827644
full_LGBM_V_raw_A0_T_median_kept_seed0,full,LGBM,V_raw,A0,T_median_kept,0.000269,0,holdout,-1,test,123,34,0,0,0.0471385783459893
full_LGBM_V_raw_A0_T_median_kept_seed0,full,LGBM,V_raw,A0,T_median_kept,0.000269,0,holdout,-1,test,115,32,0,0,0.366956663928338
full_LGBM_V_raw_A0_T_median_kept_seed0,full,LGBM,V_raw,A0,T_median_kept,0.000269,0,holdout,-1,test,158,40,1,1,0.6751439352159203
full_LGBM_V_raw_A0_T_median_kept_seed0,full,LGBM,V_raw,A0,T_median_kept,0.000269,0,holdout,-1,test,72,26,0,1,0.7652142285172925
full_LGBM_V_raw_A0_T_median_kept_seed0,full,LGBM,V_raw,A0,T_median_kept,0.000269,0,holdout,-1,test,30,12,0,1,0.6706416228782938
full_LGBM_V_raw_A0_T_median_kept_seed0,full,LGBM,V_raw,A0,T_median_kept,0.000269,0,holdout,-1,test,75,27,0,0,0.3599953608265027
full_LGBM_V_raw_A0_T_median_kept_seed0,full,LGBM,V_raw,A0,T_median_kept,0.000269,0,holdout,-1,test,129,35,0,0,0.015689283034196
full_LGBM_V_raw_A0_T_median_kept_seed0,full,LGBM,V_raw,A0,T_median_kept,0.000269,0,holdout,-1,test,117,32,1,1,0.5030890916665398
full_LGBM_V_raw_A0_T_median_kept_seed0,full,LGBM,V_raw,A0,T_median_kept,0.000269,0,holdout,-1,test,6,1,1,1,0.7914401772584542
full_LGBM_V_raw_A0_T_median_kept_seed0,full,LGBM,V_raw,A0,T_median_kept,0.000269,0,holdout,-1,test,46,20,0,0,0.1017022420147794
full_LGBM_V_raw_A0_T_median_kept_seed0,full,LGBM,V_raw,A0,T_median_kept,0.000269,0,holdout,-1,test,174,43,0,0,0.1322845297628141
full_LGBM_V_raw_A0_T_median_kept_seed0,full,LGBM,V_raw,A0,T_median_kept,0.000269,0,holdout,-1,test,142,37,1,1,0.6832562338239673
full_LGBM_V_raw_A0_T_median_kept_seed0,full,LGBM,V_raw,A0,T_median_kept,0.000269,0,holdout,-1,test,181,45,0,1,0.9536960452892076
full_LGBM_V_raw_A0_T_median_kept_seed0,full,LGBM,V_raw,A0,T_median_kept,0.000269,0,holdout,-1,test,119,33,0,0,0.0559222772695328
full_LGBM_V_raw_A0_T_median_kept_seed0,full,LGBM,V_raw,A0,T_median_kept,0.000269,0,holdout,-1,test,53,21,1,1,0.7715145781960643
full_LGBM_V_raw_A0_T_median_kept_seed0,full,LGBM,V_raw,A0,T_median_kept,0.000269,0,holdout,-1,test,95,31,1,1,0.9142968763897388
full_LGBM_V_raw_A0_T_median_kept_seed0,full,LGBM,V_raw,A0,T_median_kept,0.000269,0,holdout,-1,test,146,38,1,1,0.9583068060340592
full_LGBM_V_raw_A0_T_median_kept_seed0,full,LGBM,V_raw,A0,T_median_kept,0.000269,0,holdout,-1,test,214,54,0,0,0.117529992661891
full_LGBM_V_raw_A0_T_median_kept_seed0,full,LGBM,V_raw,A0,T_median_kept,0.000269,0,holdout,-1,test,51,21,1,0,0.3865971868094068
full_LGBM_V_raw_A0_T_median_kept_seed0,full,LGBM,V_raw,A0,T_median_kept,0.000269,0,holdout,-1,test,206,53,0,0,0.3376657775868911
full_LGBM_V_raw_A0_T_median_kept_seed0,full,LGBM,V_raw,A0,T_median_kept,0.000269,0,holdout,-1,test,196,49,1,1,0.8148559681103817
full_LGBM_V_raw_A0_T_median_kept_seed0,full,LGBM,V_raw,A0,T_median_kept,0.000269,0,holdout,-1,test,25,11,1,1,0.8465229894658005
full_LGBM_V_raw_A0_T_median_kept_seed0,full,LGBM,V_raw,A0,T_median_kept,0.000269,0,holdout,-1,test,220,54,0,0,0.117529992661891
full_LGBM_V_raw_A0_T_median_kept_seed0,full,LGBM,V_raw,A0,T_median_kept,0.000269,0,holdout,-1,test,5,1,1,1,0.924496076508309
full_LGBM_V_raw_A0_T_median_kept_seed0,full,LGBM,V_raw,A0,T_median_kept,0.000269,0,holdout,-1,test,3,1,1,1,0.8893350972404541
full_LGBM_V_raw_A0_T_median_kept_seed0,full,LGBM,V_raw,A0,T_median_kept,0.000269,0,holdout,-1,test,91,31,0,1,0.75734884646
full_CB_V_raw_A0_T_median_kept_seed0,full,CB,V_raw,A0,T_median_kept,0.000269,0,holdout,-1,val,148,38,1,1,0.9982029755559712
full_CB_V_raw_A0_T_median_kept_seed0,full,CB,V_raw,A0,T_median_kept,0.000269,0,holdout,-1,val,145,37,1,1,0.6251430534351621
full_CB_V_raw_A0_T_median_kept_seed0,full,CB,V_raw,A0,T_median_kept,0.000269,0,holdout,-1,val,89,31,0,0,0.0053710720478746
full_CB_V_raw_A0_T_median_kept_seed0,full,CB,V_raw,A0,T_median_kept,0.000269,0,holdout,-1,val,217,54,1,1,0.99463829480181
full_CB_V_raw_A0_T_median_kept_seed0,full,CB,V_raw,A0,T_median_kept,0.000269,0,holdout,-1,val,107,32,0,0,0.0081890305122865
full_CB_V_raw_A0_T_median_kept_seed0,full,CB,V_raw,A0,T_median_kept,0.000269,0,holdout,-1,val,42,19,0,0,0.0015422471901217
full_CB_V_raw_A0_T_median_kept_seed0,full,CB,V_raw,A0,T_median_kept,0.000269,0,holdout,-1,val,73,27,0,0,0.0164540983774562
full_CB_V_raw_A0_T_median_kept_seed0,full,CB,V_raw,A0,T_median_kept,0.000269,0,holdout,-1,val,113,32,0,0,0.4008402881791169
full_CB_V_raw_A0_T_median_kept_seed0,full,CB,V_raw,A0,T_median_kept,0.000269,0,holdout,-1,val,52,21,1,1,0.9918051547467422
full_CB_V_raw_A0_T_median_kept_seed0,full,CB,V_raw,A0,T_median_kept,0.000269,0,holdout,-1,val,35,16,1,1,0.9889402700626004
full_CB_V_raw_A0_T_median_kept_seed0,full,CB,V_raw,A0,T_median_kept,0.000269,0,holdout,-1,val,152,39,0,0,0.2066780563803359
full_CB_V_raw_A0_T_median_kept_seed0,full,CB,V_raw,A0,T_median_kept,0.000269,0,holdout,-1,val,216,54,1,0,0.0081653606686158
full_CB_V_raw_A0_T_median_kept_seed0,full,CB,V_raw,A0,T_median_kept,0.000269,0,holdout,-1,val,31,13,0,1,0.9779573598118132
full_CB_V_raw_A0_T_median_kept_seed0,full,CB,V_raw,A0,T_median_kept,0.000269,0,holdout,-1,val,212,54,1,1,0.9876115782299686
full_CB_V_raw_A0_T_median_kept_seed0,full,CB,V_raw,A0,T_median_kept,0.000269,0,holdout,-1,val,172,43,0,0,0.0095362821532162
full_CB_V_raw_A0_T_median_kept_seed0,full,CB,V_raw,A0,T_median_kept,0.000269,0,holdout,-1,val,125,34,1,1,0.9882772159311576
full_CB_V_raw_A0_T_median_kept_seed0,full,CB,V_raw,A0,T_median_kept,0.000269,0,holdout,-1,val,93,31,1,1,0.9986935306112896
full_CB_V_raw_A0_T_median_kept_seed0,full,CB,V_raw,A0,T_median_kept,0.000269,0,holdout,-1,val,178,45,1,1,0.9698672511417266
full_CB_V_raw_A0_T_median_kept_seed0,full,CB,V_raw,A0,T_median_kept,0.000269,0,holdout,-1,val,213,54,0,0,0.0020397209217456
full_CB_V_raw_A0_T_median_kept_seed0,full,CB,V_raw,A0,T_median_kept,0.000269,0,holdout,-1,val,163,41,0,1,0.9856231646030252
full_CB_V_raw_A0_T_median_kept_seed0,full,CB,V_raw,A0,T_median_kept,0.000269,0,holdout,-1,val,60,22,0,0,0.0064109572969562
full_CB_V_raw_A0_T_median_kept_seed0,full,CB,V_raw,A0,T_median_kept,0.000269,0,holdout,-1,val,11,4,0,0,0.0056054167742941
full_CB_V_raw_A0_T_median_kept_seed0,full,CB,V_raw,A0,T_median_kept,0.000269,0,holdout,-1,val,27,11,1,1,0.9916090466364238
full_CB_V_raw_A0_T_median_kept_seed0,full,CB,V_raw,A0,T_median_kept,0.000269,0,holdout,-1,val,137,36,0,0,0.3042547931671467
full_CB_V_raw_A0_T_median_kept_seed0,full,CB,V_raw,A0,T_median_kept,0.000269,0,holdout,-1,val,199,50,1,0,0.0221976676912498
full_CB_V_raw_A0_T_median_kept_seed0,full,CB,V_raw,A0,T_median_kept,0.000269,0,holdout,-1,val,160,40,1,1,0.9985311533992272
full_CB_V_raw_A0_T_median_kept_seed0,full,CB,V_raw,A0,T_median_kept,0.000269,0,holdout,-1,val,33,15,0,0,0.0357942696717401
full_CB_V_raw_A0_T_median_kept_seed0,full,CB,V_raw,A0,T_median_kept,0.000269,0,holdout,-1,val,82,29,1,1,0.7606001567488878
full_CB_V_raw_A0_T_median_kept_seed0,full,CB,V_raw,A0,T_median_kept,0.000269,0,holdout,-1,val,86,30,1,1,0.8225916430513512
full_CB_V_raw_A0_T_median_kept_seed0,full,CB,V_raw,A0,T_median_kept,0.000269,0,holdout,-1,val,108,32,0,0,0.0495245879168851
full_CB_V_raw_A0_T_median_kept_seed0,full,CB,V_raw,A0,T_median_kept,0.000269,0,holdout,-1,val,208,54,0,0,0.0233720866376406
full_CB_V_raw_A0_T_median_kept_seed0,full,CB,V_raw,A0,T_median_kept,0.000269,0,holdout,-1,val,165,41,1,1,0.9951134872656726
full_CB_V_raw_A0_T_median_kept_seed0,full,CB,V_raw,A0,T_median_kept,0.000269,0,holdout,-1,val,16,5,1,1,0.961852381337586
full_CB_V_raw_A0_T_median_kept_seed0,full,CB,V_raw,A0,T_median_kept,0.000269,0,holdout,-1,test,211,54,1,1,0.99463829480181
full_CB_V_raw_A0_T_median_kept_seed0,full,CB,V_raw,A0,T_median_kept,0.000269,0,holdout,-1,test,169,41,0,0,0.0040356136519131
full_CB_V_raw_A0_T_median_kept_seed0,full,CB,V_raw,A0,T_median_kept,0.000269,0,holdout,-1,test,94,31,1,1,0.9962523340720528
full_CB_V_raw_A0_T_median_kept_seed0,full,CB,V_raw,A0,T_median_kept,0.000269,0,holdout,-1,test,109,32,0,0,0.0002525944314096
full_CB_V_raw_A0_T_median_kept_seed0,full,CB,V_raw,A0,T_median_kept,0.000269,0,holdout,-1,test,21,9,0,0,0.3182930045256948
full_CB_V_raw_A0_T_median_kept_seed0,full,CB,V_raw,A0,T_median_kept,0.000269,0,holdout,-1,test,162,40,1,1,0.9989746800731524
full_CB_V_raw_A0_T_median_kept_seed0,full,CB,V_raw,A0,T_median_kept,0.000269,0,holdout,-1,test,143,37,1,1,0.989851460264068
full_CB_V_raw_A0_T_median_kept_seed0,full,CB,V_raw,A0,T_median_kept,0.000269,0,holdout,-1,test,123,34,0,0,0.0035172804814823
full_CB_V_raw_A0_T_median_kept_seed0,full,CB,V_raw,A0,T_median_kept,0.000269,0,holdout,-1,test,115,32,0,1,0.7222335894887972
full_CB_V_raw_A0_T_median_kept_seed0,full,CB,V_raw,A0,T_median_kept,0.000269,0,holdout,-1,test,158,40,1,1,0.9773807015684088
full_CB_V_raw_A0_T_median_kept_seed0,full,CB,V_raw,A0,T_median_kept,0.000269,0,holdout,-1,test,72,26,0,1,0.8196761544783262
full_CB_V_raw_A0_T_median_kept_seed0,full,CB,V_raw,A0,T_median_kept,0.000269,0,holdout,-1,test,30,12,0,0,0.399902298029793
full_CB_V_raw_A0_T_median_kept_seed0,full,CB,V_raw,A0,T_median_kept,0.000269,0,holdout,-1,test,75,27,0,0,0.0120966213194965
full_CB_V_raw_A0_T_median_kept_seed0,full,CB,V_raw,A0,T_median_kept,0.000269,0,holdout,-1,test,129,35,0,0,0.0015782948034486
full_CB_V_raw_A0_T_median_kept_seed0,full,CB,V_raw,A0,T_median_kept,0.000269,0,holdout,-1,test,117,32,1,1,0.924539151186783
full_CB_V_raw_A0_T_median_kept_seed0,full,CB,V_raw,A0,T_median_kept,0.000269,0,holdout,-1,test,6,1,1,1,0.9885237130244336
full_CB_V_raw_A0_T_median_kept_seed0,full,CB,V_raw,A0,T_median_kept,0.000269,0,holdout,-1,test,46,20,0,0,0.0070679378747367
full_CB_V_raw_A0_T_median_kept_seed0,full,CB,V_raw,A0,T_median_kept,0.000269,0,holdout,-1,test,174,43,0,0,0.0091581095397085
full_CB_V_raw_A0_T_median_kept_seed0,full,CB,V_raw,A0,T_median_kept,0.000269,0,holdout,-1,test,142,37,1,1,0.8757024198147478
full_CB_V_raw_A0_T_median_kept_seed0,full,CB,V_raw,A0,T_median_kept,0.000269,0,holdout,-1,test,181,45,0,1,0.9732329812575728
full_CB_V_raw_A0_T_median_kept_seed0,full,CB,V_raw,A0,T_median_kept,0.000269,0,holdout,-1,test,119,33,0,0,0.0024062843516726
full_CB_V_raw_A0_T_median_kept_seed0,full,CB,V_raw,A0,T_median_kept,0.000269,0,holdout,-1,test,53,21,1,1,0.9898758435515992
full_CB_V_raw_A0_T_median_kept_seed0,full,CB,V_raw,A0,T_median_kept,0.000269,0,holdout,-1,test,95,31,1,1,0.9967662689534064
full_CB_V_raw_A0_T_median_kept_seed0,full,CB,V_raw,A0,T_median_kept,0.000269,0,holdout,-1,test,146,38,1,1,0.9947476434120408
full_CB_V_raw_A0_T_median_kept_seed0,full,CB,V_raw,A0,T_median_kept,0.000269,0,holdout,-1,test,214,54,0,0,0.0233720866376406
full_CB_V_raw_A0_T_median_kept_seed0,full,CB,V_raw,A0,T_median_kept,0.000269,0,holdout,-1,test,51,21,1,0,0.0234266602667203
full_CB_V_raw_A0_T_median_kept_seed0,full,CB,V_raw,A0,T_median_kept,0.000269,0,holdout,-1,test,206,53,0,0,0.049501138105982
full_CB_V_raw_A0_T_median_kept_seed0,full,CB,V_raw,A0,T_median_kept,0.000269,0,holdout,-1,test,196,49,1,1,0.9900724684729606
full_CB_V_raw_A0_T_median_kept_seed0,full,CB,V_raw,A0,T_median_kept,0.000269,0,holdout,-1,test,25,11,1,1,0.9373658764181516
full_CB_V_raw_A0_T_median_kept_seed0,full,CB,V_raw,A0,T_median_kept,0.000269,0,holdout,-1,test,220,54,0,0,0.0233720866376406
full_CB_V_raw_A0_T_median_kept_seed0,full,CB,V_raw,A0,T_median_kept,0.000269,0,holdout,-1,test,5,1,1,1,0.980373980877542
full_CB_V_raw_A0_T_median_kept_seed0,full,CB,V_raw,A0,T_median_kept,0.000269,0,holdout,-1,test,3,1,1,1,0.9834262057836984
full_CB_V_raw_A0_T_median_kept_seed0,full,CB,V_raw,A0,T_median_kept,0.000269,0,holdout,-1,test,91,31,0,1,0.8772504856445853
full_DT_V_raw_A0_T_median_kept_seed1,full,DT,V_raw,A0,T_median_kept,0.000269,1,holdout,-1,val,92,31,1,1,1.0
full_DT_V_raw_A0_T_median_kept_seed1,full,DT,V_raw,A0,T_median_kept,0.000269,1,holdout,-1,val,214,54,0,0,0.0
full_DT_V_raw_A0_T_median_kept_seed1,full,DT,V_raw,A0,T_median_kept,0.000269,1,holdout,-1,val,134,36,1,1,1.0
full_DT_V_raw_A0_T_median_kept_seed1,full,DT,V_raw,A0,T_median_kept,0.000269,1,holdout,-1,val,102,32,0,0,0.0
full_DT_V_raw_A0_T_median_kept_seed1,full,DT,V_raw,A0,T_median_kept,0.000269,1,holdout,-1,val,20,8,1,1,1.0
full_DT_V_raw_A0_T_median_kept_seed1,full,DT,V_raw,A0,T_median_kept,0.000269,1,holdout,-1,val,34,15,0,0,0.0
full_DT_V_raw_A0_T_median_kept_seed1,full,DT,V_raw,A0,T_median_kept,0.000269,1,holdout,-1,val,155,40,1,1,1.0
full_DT_V_raw_A0_T_median_kept_seed1,full,DT,V_raw,A0,T_median_kept,0.000269,1,holdout,-1,val,224,54,1,1,1.0
full_DT_V_raw_A0_T_median_kept_seed1,full,DT,V_raw,A0,T_median_kept,0.000269,1,holdout,-1,val,64,24,1,1,1.0
full_DT_V_raw_A0_T_median_kept_seed1,full,DT,V_raw,A0,T_median_kept,0.000269,1,holdout,-1,val,184,47,1,1,1.0
full_DT_V_raw_A0_T_median_kept_seed1,full,DT,V_raw,A0,T_median_kept,0.000269,1,holdout,-1,val,108,32,0,0,0.0
full_DT_V_raw_A0_T_median_kept_seed1,full,DT,V_raw,A0,T_median_kept,0.000269,1,holdout,-1,val,118,32,1,0,0.0
full_DT_V_raw_A0_T_median_kept_seed1,full,DT,V_raw,A0,T_median_kept,0.000269,1,holdout,-1,val,156,40,1,1,1.0
full_DT_V_raw_A0_T_median_kept_seed1,full,DT,V_raw,A0,T_median_kept,0.000269,1,holdout,-1,val,2,1,0,0,0.0
full_DT_V_raw_A0_T_median_kept_seed1,full,DT,V_raw,A0,T_median_kept,0.000269,1,holdout,-1,val,40,18,0,1,1.0
full_DT_V_raw_A0_T_median_kept_seed1,full,DT,V_raw,A0,T_median_kept,0.000269,1,holdout,-1,val,126,34,1,1,1.0
full_DT_V_raw_A0_T_median_kept_seed1,full,DT,V_raw,A0,T_median_kept,0.000269,1,holdout,-1,val,11,4,0,1,1.0
full_DT_V_raw_A0_T_median_kept_seed1,full,DT,V_raw,A0,T_median_kept,0.000269,1,holdout,-1,val,26,11,1,1,1.0
full_DT_V_raw_A0_T_median_kept_seed1,full,DT,V_raw,A0,T_median_kept,0.000269,1,holdout,-1,val,111,32,0,1,1.0
full_DT_V_raw_A0_T_median_kept_seed1,full,DT,V_raw,A0,T_median_kept,0.000269,1,holdout,-1,val,24,11,0,1,1.0
full_DT_V_raw_A0_T_median_kept_seed1,full,DT,V_raw,A0,T_median_kept,0.000269,1,holdout,-1,val,17,6,1,1,1.0
full_DT_V_raw_A0_T_median_kept_seed1,full,DT,V_raw,A0,T_median_kept,0.000269,1,holdout,-1,val,112,32,0,1,1.0
full_DT_V_raw_A0_T_median_kept_seed1,full,DT,V_raw,A0,T_median_kept,0.000269,1,holdout,-1,val,173,43,0,0,0.0
full_DT_V_raw_A0_T_median_kept_seed1,full,DT,V_raw,A0,T_median_kept,0.000269,1,holdout,-1,val,150,38,1,1,1.0
full_DT_V_raw_A0_T_median_kept_seed1,full,DT,V_raw,A0,T_median_kept,0.000269,1,holdout,-1,val,199,50,1,0,0.0
full_DT_V_raw_A0_T_median_kept_seed1,full,DT,V_raw,A0,T_median_kept,0.000269,1,holdout,-1,val,209,54,0,0,0.0
full_DT_V_raw_A0_T_median_kept_seed1,full,DT,V_raw,A0,T_median_kept,0.000269,1,holdout,-1,val,204,51,0,1,1.0
full_DT_V_raw_A0_T_median_kept_seed1,full,DT,V_raw,A0,T_median_kept,0.000269,1,holdout,-1,val,183,47,0,0,0.0
full_DT_V_raw_A0_T_median_kept_seed1,full,DT,V_raw,A0,T_median_kept,0.000269,1,holdout,-1,val,42,19,0,0,0.0
full_DT_V_raw_A0_T_median_kept_seed1,full,DT,V_raw,A0,T_median_kept,0.000269,1,holdout,-1,val,166,41,1,1,1.0
full_DT_V_raw_A0_T_median_kept_seed1,full,DT,V_raw,A0,T_median_kept,0.000269,1,holdout,-1,val,15,4,0,1,1.0
full_DT_V_raw_A0_T_median_kept_seed1,full,DT,V_raw,A0,T_median_kept,0.000269,1,holdout,-1,val,82,29,1,1,1.0
full_DT_V_raw_A0_T_median_kept_seed1,full,DT,V_raw,A0,T_median_kept,0.000269,1,holdout,-1,val,124,34,0,0,0.0
full_DT_V_raw_A0_T_median_kept_seed1,full,DT,V_raw,A0,T_median_kept,0.000269,1,holdout,-1,test,131,35,0,0,0.0
full_DT_V_raw_A0_T_median_kept_seed1,full,DT,V_raw,A0,T_median_kept,0.000269,1,holdout,-1,test,14,4,0,1,1.0
full_DT_V_raw_A0_T_median_kept_seed1,full,DT,V_raw,A0,T_median_kept,0.000269,1,holdout,-1,test,53,21,1,1,1.0
full_DT_V_raw_A0_T_median_kept_seed1,full,DT,V_raw,A0,T_median_kept,0.000269,1,holdout,-1,test,195,49,1,1,1.0
full_DT_V_raw_A0_T_median_kept_seed1,full,DT,V_raw,A0,T_median_kept,0.000269,1,holdout,-1,test,30,12,0,1,1.0
full_DT_V_raw_A0_T_median_kept_seed1,full,DT,V_raw,A0,T_median_kept,0.000269,1,holdout,-1,test,28,11,1,1,1.0
full_DT_V_raw_A0_T_median_kept_seed1,full,DT,V_raw,A0,T_median_kept,0.000269,1,holdout,-1,test,203,51,1,1,1.0
full_DT_V_raw_A0_T_median_kept_seed1,full,DT,V_raw,A0,T_median_kept,0.000269,1,holdout,-1,test,228,55,1,1,1.0
full_DT_V_raw_A0_T_median_kept_seed1,full,DT,V_raw,A0,T_median_kept,0.000269,1,holdout,-1,test,136,36,1,1,1.0
full_DT_V_raw_A0_T_median_kept_seed1,full,DT,V_raw,A0,T_median_kept,0.000269,1,holdout,-1,test,25,11,1,1,1.0
full_DT_V_raw_A0_T_median_kept_seed1,full,DT,V_raw,A0,T_median_kept,0.000269,1,holdout,-1,test,18,6,1,1,1.0
full_DT_V_raw_A0_T_median_kept_seed1,full,DT,V_raw,A0,T_median_kept,0.000269,1,holdout,-1,test,221,54,0,0,0.0
full_DT_V_raw_A0_T_median_kept_seed1,full,DT,V_raw,A0,T_median_kept,0.000269,1,holdout,-1,test,130,35,0,0,0.0
full_DT_V_raw_A0_T_median_kept_seed1,full,DT,V_raw,A0,T_median_kept,0.000269,1,holdout,-1,test,9,3,0,0,0.0
full_DT_V_raw_A0_T_median_kept_seed1,full,DT,V_raw,A0,T_median_kept,0.000269,1,holdout,-1,test,54,21,1,1,1.0
full_DT_V_raw_A0_T_median_kept_seed1,full,DT,V_raw,A0,T_median_kept,0.000269,1,holdout,-1,test,159,40,1,1,1.0
full_DT_V_raw_A0_T_median_kept_seed1,full,DT,V_raw,A0,T_median_kept,0.000269,1,holdout,-1,test,45,19,1,1,1.0
full_DT_V_raw_A0_T_median_kept_seed1,full,DT,V_raw,A0,T_median_kept,0.000269,1,holdout,-1,test,175,44,1,1,1.0
full_DT_V_raw_A0_T_median_kept_seed1,full,DT,V_raw,A0,T_median_kept,0.000269,1,holdout,-1,test,138,36,0,0,0.0
full_DT_V_raw_A0_T_median_kept_seed1,full,DT,V_raw,A0,T_median_kept,0.000269,1,holdout,-1,test,137,36,0,0,0.0
full_DT_V_raw_A0_T_median_kept_seed1,full,DT,V_raw,A0,T_median_kept,0.000269,1,holdout,-1,test,141,36,0,0,0.0
full_DT_V_raw_A0_T_median_kept_seed1,full,DT,V_raw,A0,T_median_kept,0.000269,1,holdout,-1,test,13,4,0,0,0.0
full_DT_V_raw_A0_T_median_kept_seed1,full,DT,V_raw,A0,T_median_kept,0.000269,1,holdout,-1,test,101,32,0,0,0.0
full_DT_V_raw_A0_T_median_kept_seed1,full,DT,V_raw,A0,T_median_kept,0.000269,1,holdout,-1,test,78,28,1,1,1.0
full_DT_V_raw_A0_T_median_kept_seed1,full,DT,V_raw,A0,T_median_kept,0.000269,1,holdout,-1,test,21,9,0,0,0.0
full_DT_V_raw_A0_T_median_kept_seed1,full,DT,V_raw,A0,T_median_kept,0.000269,1,holdout,-1,test,39,18,0,1,1.0
full_DT_V_raw_A0_T_median_kept_seed1,full,DT,V_raw,A0,T_median_kept,0.000269,1,holdout,-1,test,44,19,0,0,0.0
full_DT_V_raw_A0_T_median_kept_seed1,full,DT,V_raw,A0,T_median_kept,0.000269,1,holdout,-1,test,50,20,0,0,0.0
full_DT_V_raw_A0_T_median_kept_seed1,full,DT,V_raw,A0,T_median_kept,0.000269,1,holdout,-1,test,167,41,1,1,1.0
full_DT_V_raw_A0_T_median_kept_seed1,full,DT,V_raw,A0,T_median_kept,0.000269,1,holdout,-1,test,27,11,1,1,1.0
full_DT_V_raw_A0_T_median_kept_seed1,full,DT,V_raw,A0,T_median_kept,0.000269,1,holdout,-1,test,97,31,1,1,1.0
full_DT_V_raw_A0_T_median_kept_seed1,full,DT,V_raw,A0,T_median_kept,0.000269,1,holdout,-1,test,115,32,0,0,0.0
full_DT_V_raw_A0_T_median_kept_seed1,full,DT,V_raw,A0,T_median_kept,0.000269,1,holdout,-1,test,153,40,1,1,1.0
full_RF_V_raw_A0_T_median_kept_seed1,full,RF,V_raw,A0,T_median_kept,0.000269,1,holdout,-1,val,92,31,1,0,0.2690044404062343
full_RF_V_raw_A0_T_median_kept_seed1,full,RF,V_raw,A0,T_median_kept,0.000269,1,holdout,-1,val,214,54,0,0,0.1975376835273868
full_RF_V_raw_A0_T_median_kept_seed1,full,RF,V_raw,A0,T_median_kept,0.000269,1,holdout,-1,val,134,36,1,1,0.5488448865386637
full_RF_V_raw_A0_T_median_kept_seed1,full,RF,V_raw,A0,T_median_kept,0.000269,1,holdout,-1,val,102,32,0,0,0.3278826729627715
full_RF_V_raw_A0_T_median_kept_seed1,full,RF,V_raw,A0,T_median_kept,0.000269,1,holdout,-1,val,20,8,1,0,0.3106380831879426
full_RF_V_raw_A0_T_median_kept_seed1,full,RF,V_raw,A0,T_median_kept,0.000269,1,holdout,-1,val,34,15,0,0,0.0290135194944528
full_RF_V_raw_A0_T_median_kept_seed1,full,RF,V_raw,A0,T_median_kept,0.000269,1,holdout,-1,val,155,40,1,1,0.8783974641318305
full_RF_V_raw_A0_T_median_kept_seed1,full,RF,V_raw,A0,T_median_kept,0.000269,1,holdout,-1,val,224,54,1,1,0.7890331516642897
full_RF_V_raw_A0_T_median_kept_seed1,full,RF,V_raw,A0,T_median_kept,0.000269,1,holdout,-1,val,64,24,1,1,0.5982636969019779
full_RF_V_raw_A0_T_median_kept_seed1,full,RF,V_raw,A0,T_median_kept,0.000269,1,holdout,-1,val,184,47,1,0,0.4089517936560081
full_RF_V_raw_A0_T_median_kept_seed1,full,RF,V_raw,A0,T_median_kept,0.000269,1,holdout,-1,val,108,32,0,0,0.3378374713473496
full_RF_V_raw_A0_T_median_kept_seed1,full,RF,V_raw,A0,T_median_kept,0.000269,1,holdout,-1,val,118,32,1,0,0.4566306800677178
full_RF_V_raw_A0_T_median_kept_seed1,full,RF,V_raw,A0,T_median_kept,0.000269,1,holdout,-1,val,156,40,1,1,0.8781752419096084
full_RF_V_raw_A0_T_median_kept_seed1,full,RF,V_raw,A0,T_median_kept,0.000269,1,holdout,-1,val,2,1,0,0,0.0925344273224847
full_RF_V_raw_A0_T_median_kept_seed1,full,RF,V_raw,A0,T_median_kept,0.000269,1,holdout,-1,val,40,18,0,1,0.8445719059500479
full_RF_V_raw_A0_T_median_kept_seed1,full,RF,V_raw,A0,T_median_kept,0.000269,1,holdout,-1,val,126,34,1,1,0.846593818511806
full_RF_V_raw_A0_T_median_kept_seed1,full,RF,V_raw,A0,T_median_kept,0.000269,1,holdout,-1,val,11,4,0,0,0.3871366527232143
full_RF_V_raw_A0_T_median_kept_seed1,full,RF,V_raw,A0,T_median_kept,0.000269,1,holdout,-1,val,26,11,1,1,0.7156882698709012
full_RF_V_raw_A0_T_median_kept_seed1,full,RF,V_raw,A0,T_median_kept,0.000269,1,holdout,-1,val,111,32,0,0,0.4872386209261511
full_RF_V_raw_A0_T_median_kept_seed1,full,RF,V_raw,A0,T_median_kept,0.000269,1,holdout,-1,val,24,11,0,0,0.252802609936791
full_RF_V_raw_A0_T_median_kept_seed1,full,RF,V_raw,A0,T_median_kept,0.000269,1,holdout,-1,val,17,6,1,1,0.7812255424098938
full_RF_V_raw_A0_T_median_kept_seed1,full,RF,V_raw,A0,T_median_kept,0.000269,1,holdout,-1,val,112,32,0,0,0.4904555521430823
full_RF_V_raw_A0_T_median_kept_seed1,full,RF,V_raw,A0,T_median_kept,0.000269,1,holdout,-1,val,173,43,0,0,0.3703126268572208
full_RF_V_raw_A0_T_median_kept_seed1,full,RF,V_raw,A0,T_median_kept,0.000269,1,holdout,-1,val,150,38,1,1,0.8918601852006504
full_RF_V_raw_A0_T_median_kept_seed1,full,RF,V_raw,A0,T_median_kept,0.000269,1,holdout,-1,val,199,50,1,0,0.3492166386287461
full_RF_V_raw_A0_T_median_kept_seed1,full,RF,V_raw,A0,T_median_kept,0.000269,1,holdout,-1,val,209,54,0,0,0.2323029865203374
full_RF_V_raw_A0_T_median_kept_seed1,full,RF,V_raw,A0,T_median_kept,0.000269,1,holdout,-1,val,204,51,0,1,0.5764629212532413
full_RF_V_raw_A0_T_median_kept_seed1,full,RF,V_raw,A0,T_median_kept,0.000269,1,holdout,-1,val,183,47,0,0,0.0906596487063715
full_RF_V_raw_A0_T_median_kept_seed1,full,RF,V_raw,A0,T_median_kept,0.000269,1,holdout,-1,val,42,19,0,0,0.1010686017220152
full_RF_V_raw_A0_T_median_kept_seed1,full,RF,V_raw,A0,T_median_kept,0.000269,1,holdout,-1,val,166,41,1,1,0.5415626604108159
full_RF_V_raw_A0_T_median_kept_seed1,full,RF,V_raw,A0,T_median_kept,0.000269,1,holdout,-1,val,15,4,0,0,0.4565823277730379
full_RF_V_raw_A0_T_median_kept_seed1,full,RF,V_raw,A0,T_median_kept,0.000269,1,holdout,-1,val,82,29,1,1,0.5050432782005936
full_RF_V_raw_A0_T_median_kept_seed1,full,RF,V_raw,A0,T_median_kept,0.000269,1,holdout,-1,val,124,34,0,0,0.4292748818790795
full_RF_V_raw_A0_T_median_kept_seed1,full,RF,V_raw,A0,T_median_kept,0.000269,1,holdout,-1,test,131,35,0,0,0.2888246855299219
full_RF_V_raw_A0_T_median_kept_seed1,full,RF,V_raw,A0,T_median_kept,0.000269,1,holdout,-1,test,14,4,0,0,0.2797561371472675
full_RF_V_raw_A0_T_median_kept_seed1,full,RF,V_raw,A0,T_median_kept,0.000269,1,holdout,-1,test,53,21,1,1,0.676715254058097
full_RF_V_raw_A0_T_median_kept_seed1,full,RF,V_raw,A0,T_median_kept,0.000269,1,holdout,-1,test,195,49,1,1,0.5523314451256318
full_RF_V_raw_A0_T_median_kept_seed1,full,RF,V_raw,A0,T_median_kept,0.000269,1,holdout,-1,test,30,12,0,0,0.4248507744656213
full_RF_V_raw_A0_T_median_kept_seed1,full,RF,V_raw,A0,T_median_kept,0.000269,1,holdout,-1,test,28,11,1,1,0.7051039749559552
full_RF_V_raw_A0_T_median_kept_seed1,full,RF,V_raw,A0,T_median_kept,0.000269,1,holdout,-1,test,203,51,1,1,0.6709994143457363
full_RF_V_raw_A0_T_median_kept_seed1,full,RF,V_raw,A0,T_median_kept,0.000269,1,holdout,-1,test,228,55,1,1,0.8084761822325943
full_RF_V_raw_A0_T_median_kept_seed1,full,RF,V_raw,A0,T_median_kept,0.000269,1,holdout,-1,test,136,36,1,1,0.612499153976786
full_RF_V_raw_A0_T_median_kept_seed1,full,RF,V_raw,A0,T_median_kept,0.000269,1,holdout,-1,test,25,11,1,1,0.7228242190144585
full_RF_V_raw_A0_T_median_kept_seed1,full,RF,V_raw,A0,T_median_kept,0.000269,1,holdout,-1,test,18,6,1,1,0.7812255424098938
full_RF_V_raw_A0_T_median_kept_seed1,full,RF,V_raw,A0,T_median_kept,0.000269,1,holdout,-1,test,221,54,0,0,0.2323029865203374
full_RF_V_raw_A0_T_median_kept_seed1,full,RF,V_raw,A0,T_median_kept,0.000269,1,holdout,-1,test,130,35,0,0,0.2653657422733204
full_RF_V_raw_A0_T_median_kept_seed1,full,RF,V_raw,A0,T_median_kept,0.000269,1,holdout,-1,test,9,3,0,0,0.0390264882085084
full_RF_V_raw_A0_T_median_kept_seed1,full,RF,V_raw,A0,T_median_kept,0.000269,1,holdout,-1,test,54,21,1,1,0.6135867401246813
full_RF_V_raw_A0_T_median_kept_seed1,full,RF,V_raw,A0,T_median_kept,0.000269,1,holdout,-1,test,159,40,1,1,0.8980870076067111
full_RF_V_raw_A0_T_median_kept_seed1,full,RF,V_raw,A0,T_median_kept,0.000269,1,holdout,-1,test,45,19,1,0,0.3284401339600308
full_RF_V_raw_A0_T_median_kept_seed1,full,RF,V_raw,A0,T_median_kept,0.000269,1,holdout,-1,test,175,44,1,1,0.7146939036392703
full_RF_V_raw_A0_T_median_kept_seed1,full,RF,V_raw,A0,T_median_kept,0.000269,1,holdout,-1,test,138,36,0,1,0.571926347153979
full_RF_V_raw_A0_T_median_kept_seed1,full,RF,V_raw,A0,T_median_kept,0.000269,1,holdout,-1,test,137,36,0,1,0.5973746396022716
full_RF_V_raw_A0_T_median_kept_seed1,full,RF,V_raw,A0,T_median_kept,0.000269,1,holdout,-1,test,141,36,0,0,0.1955622301617065
full_RF_V_raw_A0_T_median_kept_seed1,full,RF,V_raw,A0,T_median_kept,0.000269,1,holdout,-1,test,13,4,0,0,0.0884686904139697
full_RF_V_raw_A0_T_median_kept_seed1,full,RF,V_raw,A0,T_median_kept,0.000269,1,holdout,-1,test,101,32,0,0,0.3246657417458403
full_RF_V_raw_A0_T_median_kept_seed1,full,RF,V_raw,A0,T_median_kept,0.000269,1,holdout,-1,test,78,28,1,1,0.7453717252033591
full_RF_V_raw_A0_T_median_kept_seed1,full,RF,V_raw,A0,T_median_kept,0.000269,1,holdout,-1,test,21,9,0,0,0.2542137970910567
full_RF_V_raw_A0_T_median_kept_seed1,full,RF,V_raw,A0,T_median_kept,0.000269,1,holdout,-1,test,39,18,0,1,0.8445719059500479
full_RF_V_raw_A0_T_median_kept_seed1,full,RF,V_raw,A0,T_median_kept,0.000269,1,holdout,-1,test,44,19,0,0,0.1035347852968944
full_RF_V_raw_A0_T_median_kept_seed1,full,RF,V_raw,A0,T_median_kept,0.000269,1,holdout,-1,test,50,20,0,1,0.5687223321665608
full_RF_V_raw_A0_T_median_kept_seed1,full,RF,V_raw,A0,T_median_kept,0.000269,1,holdout,-1,test,167,41,1,1,0.5239328735310288
full_RF_V_raw_A0_T_median_kept_seed1,full,RF,V_raw,A0,T_median_kept,0.000269,1,holdout,-1,test,27,11,1,1,0.7125148989435829
full_RF_V_raw_A0_T_median_kept_seed1,full,RF,V_raw,A0,T_median_kept,0.000269,1,holdout,-1,test,97,31,1,1,0.7867303654540342
full_RF_V_raw_A0_T_median_kept_seed1,full,RF,V_raw,A0,T_median_kept,0.000269,1,holdout,-1,test,115,32,0,0,0.3893935635789515
full_RF_V_raw_A0_T_median_kept_seed1,full,RF,V_raw,A0,T_median_kept,0.000269,1,holdout,-1,test,153,40,1,1,0.7979105746639572
full_LGBM_V_raw_A0_T_median_kept_seed1,full,LGBM,V_raw,A0,T_median_kept,0.000269,1,holdout,-1,val,92,31,1,0,0.0880528333828914
full_LGBM_V_raw_A0_T_median_kept_seed1,full,LGBM,V_raw,A0,T_median_kept,0.000269,1,holdout,-1,val,214,54,0,0,0.0012088213884477
full_LGBM_V_raw_A0_T_median_kept_seed1,full,LGBM,V_raw,A0,T_median_kept,0.000269,1,holdout,-1,val,134,36,1,1,0.9087137172847936
full_LGBM_V_raw_A0_T_median_kept_seed1,full,LGBM,V_raw,A0,T_median_kept,0.000269,1,holdout,-1,val,102,32,0,0,0.0027360146073984
full_LGBM_V_raw_A0_T_median_kept_seed1,full,LGBM,V_raw,A0,T_median_kept,0.000269,1,holdout,-1,val,20,8,1,1,0.8257745165214934
full_LGBM_V_raw_A0_T_median_kept_seed1,full,LGBM,V_raw,A0,T_median_kept,0.000269,1,holdout,-1,val,34,15,0,0,4.681191001262604e-06
full_LGBM_V_raw_A0_T_median_kept_seed1,full,LGBM,V_raw,A0,T_median_kept,0.000269,1,holdout,-1,val,155,40,1,1,0.9999707302347074
full_LGBM_V_raw_A0_T_median_kept_seed1,full,LGBM,V_raw,A0,T_median_kept,0.000269,1,holdout,-1,val,224,54,1,1,0.9978771353656234
full_LGBM_V_raw_A0_T_median_kept_seed1,full,LGBM,V_raw,A0,T_median_kept,0.000269,1,holdout,-1,val,64,24,1,1,0.9767337083314558
full_LGBM_V_raw_A0_T_median_kept_seed1,full,LGBM,V_raw,A0,T_median_kept,0.000269,1,holdout,-1,val,184,47,1,0,0.3031735762777406
full_LGBM_V_raw_A0_T_median_kept_seed1,full,LGBM,V_raw,A0,T_median_kept,0.000269,1,holdout,-1,val,108,32,0,0,0.0008553750690499
full_LGBM_V_raw_A0_T_median_kept_seed1,full,LGBM,V_raw,A0,T_median_kept,0.000269,1,holdout,-1,val,118,32,1,0,0.0091794255334992
full_LGBM_V_raw_A0_T_median_kept_seed1,full,LGBM,V_raw,A0,T_median_kept,0.000269,1,holdout,-1,val,156,40,1,1,0.9996308299422484
full_LGBM_V_raw_A0_T_median_kept_seed1,full,LGBM,V_raw,A0,T_median_kept,0.000269,1,holdout,-1,val,2,1,0,0,0.0035541288739409
full_LGBM_V_raw_A0_T_median_kept_seed1,full,LGBM,V_raw,A0,T_median_kept,0.000269,1,holdout,-1,val,40,18,0,1,0.9994256104711916
full_LGBM_V_raw_A0_T_median_kept_seed1,full,LGBM,V_raw,A0,T_median_kept,0.000269,1,holdout,-1,val,126,34,1,1,0.9999645574281956
full_LGBM_V_raw_A0_T_median_kept_seed1,full,LGBM,V_raw,A0,T_median_kept,0.000269,1,holdout,-1,val,11,4,0,0,0.0031658411644506
full_LGBM_V_raw_A0_T_median_kept_seed1,full,LGBM,V_raw,A0,T_median_kept,0.000269,1,holdout,-1,val,26,11,1,1,0.9930450082211884
full_LGBM_V_raw_A0_T_median_kept_seed1,full,LGBM,V_raw,A0,T_median_kept,0.000269,1,holdout,-1,val,111,32,0,1,0.996036802241236
full_LGBM_V_raw_A0_T_median_kept_seed1,full,LGBM,V_raw,A0,T_median_kept,0.000269,1,holdout,-1,val,24,11,0,0,0.014573380957454
full_LGBM_V_raw_A0_T_median_kept_seed1,full,LGBM,V_raw,A0,T_median_kept,0.000269,1,holdout,-1,val,17,6,1,1,0.9997750153149456
full_LGBM_V_raw_A0_T_median_kept_seed1,full,LGBM,V_raw,A0,T_median_kept,0.000269,1,holdout,-1,val,112,32,0,1,0.9957476156393896
full_LGBM_V_raw_A0_T_median_kept_seed1,full,LGBM,V_raw,A0,T_median_kept,0.000269,1,holdout,-1,val,173,43,0,0,0.0012259546145888
full_LGBM_V_raw_A0_T_median_kept_seed1,full,LGBM,V_raw,A0,T_median_kept,0.000269,1,holdout,-1,val,150,38,1,1,0.9996906771968728
full_LGBM_V_raw_A0_T_median_kept_seed1,full,LGBM,V_raw,A0,T_median_kept,0.000269,1,holdout,-1,val,199,50,1,0,0.0169425872590525
full_LGBM_V_raw_A0_T_median_kept_seed1,full,LGBM,V_raw,A0,T_median_kept,0.000269,1,holdout,-1,val,209,54,0,0,0.0012035244799727
full_LGBM_V_raw_A0_T_median_kept_seed1,full,LGBM,V_raw,A0,T_median_kept,0.000269,1,holdout,-1,val,204,51,0,1,0.9941420173214476
full_LGBM_V_raw_A0_T_median_kept_seed1,full,LGBM,V_raw,A0,T_median_kept,0.000269,1,holdout,-1,val,183,47,0,0,0.0191323925879246
full_LGBM_V_raw_A0_T_median_kept_seed1,full,LGBM,V_raw,A0,T_median_kept,0.000269,1,holdout,-1,val,42,19,0,0,1.4561536583027736e-05
full_LGBM_V_raw_A0_T_median_kept_seed1,full,LGBM,V_raw,A0,T_median_kept,0.000269,1,holdout,-1,val,166,41,1,1,0.9965121795875256
full_LGBM_V_raw_A0_T_median_kept_seed1,full,LGBM,V_raw,A0,T_median_kept,0.000269,1,holdout,-1,val,15,4,0,0,0.020324445125005
full_LGBM_V_raw_A0_T_median_kept_seed1,full,LGBM,V_raw,A0,T_median_kept,0.000269,1,holdout,-1,val,82,29,1,1,0.9760868913794196
full_LGBM_V_raw_A0_T_median_kept_seed1,full,LGBM,V_raw,A0,T_median_kept,0.000269,1,holdout,-1,val,124,34,0,0,0.0141003885517731
full_LGBM_V_raw_A0_T_median_kept_seed1,full,LGBM,V_raw,A0,T_median_kept,0.000269,1,holdout,-1,test,131,35,0,0,0.0001981927476871
full_LGBM_V_raw_A0_T_median_kept_seed1,full,LGBM,V_raw,A0,T_median_kept,0.000269,1,holdout,-1,test,14,4,0,0,0.0121136733335983
full_LGBM_V_raw_A0_T_median_kept_seed1,full,LGBM,V_raw,A0,T_median_kept,0.000269,1,holdout,-1,test,53,21,1,1,0.999902625275846
full_LGBM_V_raw_A0_T_median_kept_seed1,full,LGBM,V_raw,A0,T_median_kept,0.000269,1,holdout,-1,test,195,49,1,1,0.9401747275972832
full_LGBM_V_raw_A0_T_median_kept_seed1,full,LGBM,V_raw,A0,T_median_kept,0.000269,1,holdout,-1,test,30,12,0,0,0.1175187505850473
full_LGBM_V_raw_A0_T_median_kept_seed1,full,LGBM,V_raw,A0,T_median_kept,0.000269,1,holdout,-1,test,28,11,1,1,0.9985342496806886
full_LGBM_V_raw_A0_T_median_kept_seed1,full,LGBM,V_raw,A0,T_median_kept,0.000269,1,holdout,-1,test,203,51,1,1,0.999087799027153
full_LGBM_V_raw_A0_T_median_kept_seed1,full,LGBM,V_raw,A0,T_median_kept,0.000269,1,holdout,-1,test,228,55,1,1,0.9999629484730126
full_LGBM_V_raw_A0_T_median_kept_seed1,full,LGBM,V_raw,A0,T_median_kept,0.000269,1,holdout,-1,test,136,36,1,1,0.9970204655705596
full_LGBM_V_raw_A0_T_median_kept_seed1,full,LGBM,V_raw,A0,T_median_kept,0.000269,1,holdout,-1,test,25,11,1,1,0.9935322342704718
full_LGBM_V_raw_A0_T_median_kept_seed1,full,LGBM,V_raw,A0,T_median_kept,0.000269,1,holdout,-1,test,18,6,1,1,0.9997750153149456
full_LGBM_V_raw_A0_T_median_kept_seed1,full,LGBM,V_raw,A0,T_median_kept,0.000269,1,holdout,-1,test,221,54,0,0,0.0012035244799727
full_LGBM_V_raw_A0_T_median_kept_seed1,full,LGBM,V_raw,A0,T_median_kept,0.000269,1,holdout,-1,test,130,35,0,0,0.0003572163194201
full_LGBM_V_raw_A0_T_median_kept_seed1,full,LGBM,V_raw,A0,T_median_kept,0.000269,1,holdout,-1,test,9,3,0,0,0.0001207404917644
full_LGBM_V_raw_A0_T_median_kept_seed1,full,LGBM,V_raw,A0,T_median_kept,0.000269,1,holdout,-1,test,54,21,1,1,0.999902625275846
full_LGBM_V_raw_A0_T_median_kept_seed1,full,LGBM,V_raw,A0,T_median_kept,0.000269,1,holdout,-1,test,159,40,1,1,0.999996930635126
full_LGBM_V_raw_A0_T_median_kept_seed1,full,LGBM,V_raw,A0,T_median_kept,0.000269,1,holdout,-1,test,45,19,1,0,0.0201390862729305
full_LGBM_V_raw_A0_T_median_kept_seed1,full,LGBM,V_raw,A0,T_median_kept,0.000269,1,holdout,-1,test,175,44,1,1,0.8773177684391174
full_LGBM_V_raw_A0_T_median_kept_seed1,full,LGBM,V_raw,A0,T_median_kept,0.000269,1,holdout,-1,test,138,36,0,1,0.9888859679639792
full_LGBM_V_raw_A0_T_median_kept_seed1,full,LGBM,V_raw,A0,T_median_kept,0.000269,1,holdout,-1,test,137,36,0,1,0.9946293073465
full_LGBM_V_raw_A0_T_median_kept_seed1,full,LGBM,V_raw,A0,T_median_kept,0.000269,1,holdout,-1,test,141,36,0,0,0.0003193500293434
full_LGBM_V_raw_A0_T_median_kept_seed1,full,LGBM,V_raw,A0,T_median_kept,0.000269,1,holdout,-1,test,13,4,0,0,0.0001086760574136
full_LGBM_V_raw_A0_T_median_kept_seed1,full,LGBM,V_raw,A0,T_median_kept,0.000269,1,holdout,-1,test,101,32,0,0,0.0028049819892278
full_LGBM_V_raw_A0_T_median_kept_seed1,full,LGBM,V_raw,A0,T_median_kept,0.000269,1,holdout,-1,test,78,28,1,1,0.99724480174649
full_LGBM_V_raw_A0_T_median_kept_seed1,full,LGBM,V_raw,A0,T_median_kept,0.000269,1,holdout,-1,test,21,9,0,0,0.0254763051594503
full_LGBM_V_raw_A0_T_median_kept_seed1,full,LGBM,V_raw,A0,T_median_kept,0.000269,1,holdout,-1,test,39,18,0,1,0.9994256104711916
full_LGBM_V_raw_A0_T_median_kept_seed1,full,LGBM,V_raw,A0,T_median_kept,0.000269,1,holdout,-1,test,44,19,0,0,0.0003325434227271
full_LGBM_V_raw_A0_T_median_kept_seed1,full,LGBM,V_raw,A0,T_median_kept,0.000269,1,holdout,-1,test,50,20,0,0,0.0129313507397828
full_LGBM_V_raw_A0_T_median_kept_seed1,full,LGBM,V_raw,A0,T_median_kept,0.000269,1,holdout,-1,test,167,41,1,1,0.976163974859066
full_LGBM_V_raw_A0_T_median_kept_seed1,full,LGBM,V_raw,A0,T_median_kept,0.000269,1,holdout,-1,test,27,11,1,1,0.9984259351718864
full_LGBM_V_raw_A0_T_median_kept_seed1,full,LGBM,V_raw,A0,T_median_kept,0.000269,1,holdout,-1,test,97,31,1,1,0.9995593802844138
full_LGBM_V_raw_A0_T_median_kept_seed1,full,LGBM,V_raw,A0,T_median_kept,0.000269,1,holdout,-1,test,115,32,0,0,0.0026748838948113
full_LGBM_V_raw_A0_T_median_kept_seed1,full,LGBM,V_raw,A0,T_median_kept,0.000269,1,holdout,-1,test,153,40,1,1,0.8957194199308762
full_CB_V_raw_A0_T_median_kept_seed1,full,CB,V_raw,A0,T_median_kept,0.000269,1,holdout,-1,val,92,31,1,0,0.1247038791598434
full_CB_V_raw_A0_T_median_kept_seed1,full,CB,V_raw,A0,T_median_kept,0.000269,1,holdout,-1,val,214,54,0,0,0.0623269009228639
full_CB_V_raw_A0_T_median_kept_seed1,full,CB,V_raw,A0,T_median_kept,0.000269,1,holdout,-1,val,134,36,1,1,0.6985574303891073
full_CB_V_raw_A0_T_median_kept_seed1,full,CB,V_raw,A0,T_median_kept,0.000269,1,holdout,-1,val,102,32,0,0,0.0795917691184285
full_CB_V_raw_A0_T_median_kept_seed1,full,CB,V_raw,A0,T_median_kept,0.000269,1,holdout,-1,val,20,8,1,0,0.3113402503751867
full_CB_V_raw_A0_T_median_kept_seed1,full,CB,V_raw,A0,T_median_kept,0.000269,1,holdout,-1,val,34,15,0,0,0.0029942874901352
full_CB_V_raw_A0_T_median_kept_seed1,full,CB,V_raw,A0,T_median_kept,0.000269,1,holdout,-1,val,155,40,1,1,0.9673359055254172
full_CB_V_raw_A0_T_median_kept_seed1,full,CB,V_raw,A0,T_median_kept,0.000269,1,holdout,-1,val,224,54,1,1,0.9412568843083926
full_CB_V_raw_A0_T_median_kept_seed1,full,CB,V_raw,A0,T_median_kept,0.000269,1,holdout,-1,val,64,24,1,1,0.7104536354307059
full_CB_V_raw_A0_T_median_kept_seed1,full,CB,V_raw,A0,T_median_kept,0.000269,1,holdout,-1,val,184,47,1,0,0.2766726161602184
full_CB_V_raw_A0_T_median_kept_seed1,full,CB,V_raw,A0,T_median_kept,0.000269,1,holdout,-1,val,108,32,0,0,0.0157181652206841
full_CB_V_raw_A0_T_median_kept_seed1,full,CB,V_raw,A0,T_median_kept,0.000269,1,holdout,-1,val,118,32,1,0,0.1045031395731293
full_CB_V_raw_A0_T_median_kept_seed1,full,CB,V_raw,A0,T_median_kept,0.000269,1,holdout,-1,val,156,40,1,1,0.9733814077508358
full_CB_V_raw_A0_T_median_kept_seed1,full,CB,V_raw,A0,T_median_kept,0.000269,1,holdout,-1,val,2,1,0,0,0.1143940311911927
full_CB_V_raw_A0_T_median_kept_seed1,full,CB,V_raw,A0,T_median_kept,0.000269,1,holdout,-1,val,40,18,0,1,0.9783061341940532
full_CB_V_raw_A0_T_median_kept_seed1,full,CB,V_raw,A0,T_median_kept,0.000269,1,holdout,-1,val,126,34,1,1,0.966946051435263
full_CB_V_raw_A0_T_median_kept_seed1,full,CB,V_raw,A0,T_median_kept,0.000269,1,holdout,-1,val,11,4,0,0,0.1043303894141925
full_CB_V_raw_A0_T_median_kept_seed1,full,CB,V_raw,A0,T_median_kept,0.000269,1,holdout,-1,val,26,11,1,1,0.8901065748236129
full_CB_V_raw_A0_T_median_kept_seed1,full,CB,V_raw,A0,T_median_kept,0.000269,1,holdout,-1,val,111,32,0,1,0.8548786060232904
full_CB_V_raw_A0_T_median_kept_seed1,full,CB,V_raw,A0,T_median_kept,0.000269,1,holdout,-1,val,24,11,0,0,0.0934768707446278
full_CB_V_raw_A0_T_median_kept_seed1,full,CB,V_raw,A0,T_median_kept,0.000269,1,holdout,-1,val,17,6,1,1,0.9368093383621684
full_CB_V_raw_A0_T_median_kept_seed1,full,CB,V_raw,A0,T_median_kept,0.000269,1,holdout,-1,val,112,32,0,1,0.8633791675667774
full_CB_V_raw_A0_T_median_kept_seed1,full,CB,V_raw,A0,T_median_kept,0.000269,1,holdout,-1,val,173,43,0,0,0.0513532922342436
full_CB_V_raw_A0_T_median_kept_seed1,full,CB,V_raw,A0,T_median_kept,0.000269,1,holdout,-1,val,150,38,1,1,0.9761239742365624
full_CB_V_raw_A0_T_median_kept_seed1,full,CB,V_raw,A0,T_median_kept,0.000269,1,holdout,-1,val,199,50,1,0,0.0784445589131254
full_CB_V_raw_A0_T_median_kept_seed1,full,CB,V_raw,A0,T_median_kept,0.000269,1,holdout,-1,val,209,54,0,0,0.0762551549185046
full_CB_V_raw_A0_T_median_kept_seed1,full,CB,V_raw,A0,T_median_kept,0.000269,1,holdout,-1,val,204,51,0,1,0.8695279949480501
full_CB_V_raw_A0_T_median_kept_seed1,full,CB,V_raw,A0,T_median_kept,0.000269,1,holdout,-1,val,183,47,0,0,0.1780966701544171
full_CB_V_raw_A0_T_median_kept_seed1,full,CB,V_raw,A0,T_median_kept,0.000269,1,holdout,-1,val,42,19,0,0,0.0065941149504606
full_CB_V_raw_A0_T_median_kept_seed1,full,CB,V_raw,A0,T_median_kept,0.000269,1,holdout,-1,val,166,41,1,1,0.8530691413885655
full_CB_V_raw_A0_T_median_kept_seed1,full,CB,V_raw,A0,T_median_kept,0.000269,1,holdout,-1,val,15,4,0,0,0.3277472749267097
full_CB_V_raw_A0_T_median_kept_seed1,full,CB,V_raw,A0,T_median_kept,0.000269,1,holdout,-1,val,82,29,1,1,0.6461285608498902
full_CB_V_raw_A0_T_median_kept_seed1,full,CB,V_raw,A0,T_median_kept,0.000269,1,holdout,-1,val,124,34,0,0,0.1118082731668354
full_CB_V_raw_A0_T_median_kept_seed1,full,CB,V_raw,A0,T_median_kept,0.000269,1,holdout,-1,test,131,35,0,0,0.028729302215206
full_CB_V_raw_A0_T_median_kept_seed1,full,CB,V_raw,A0,T_median_kept,0.000269,1,holdout,-1,test,14,4,0,0,0.1320626294502581
full_CB_V_raw_A0_T_median_kept_seed1,full,CB,V_raw,A0,T_median_kept,0.000269,1,holdout,-1,test,53,21,1,1,0.9664096800373784
full_CB_V_raw_A0_T_median_kept_seed1,full,CB,V_raw,A0,T_median_kept,0.000269,1,holdout,-1,test,195,49,1,1,0.7900303876498496
full_CB_V_raw_A0_T_median_kept_seed1,full,CB,V_raw,A0,T_median_kept,0.000269,1,holdout,-1,test,30,12,0,1,0.5270308604814032
full_CB_V_raw_A0_T_median_kept_seed1,full,CB,V_raw,A0,T_median_kept,0.000269,1,holdout,-1,test,28,11,1,1,0.9362076436600336
full_CB_V_raw_A0_T_median_kept_seed1,full,CB,V_raw,A0,T_median_kept,0.000269,1,holdout,-1,test,203,51,1,1,0.9594199594350264
full_CB_V_raw_A0_T_median_kept_seed1,full,CB,V_raw,A0,T_median_kept,0.000269,1,holdout,-1,test,228,55,1,1,0.9798206934962548
full_CB_V_raw_A0_T_median_kept_seed1,full,CB,V_raw,A0,T_median_kept,0.000269,1,holdout,-1,test,136,36,1,1,0.9487910818266176
full_CB_V_raw_A0_T_median_kept_seed1,full,CB,V_raw,A0,T_median_kept,0.000269,1,holdout,-1,test,25,11,1,1,0.8930666401876579
full_CB_V_raw_A0_T_median_kept_seed1,full,CB,V_raw,A0,T_median_kept,0.000269,1,holdout,-1,test,18,6,1,1,0.9368093383621684
full_CB_V_raw_A0_T_median_kept_seed1,full,CB,V_raw,A0,T_median_kept,0.000269,1,holdout,-1,test,221,54,0,0,0.0762551549185046
full_CB_V_raw_A0_T_median_kept_seed1,full,CB,V_raw,A0,T_median_kept,0.000269,1,holdout,-1,test,130,35,0,0,0.0294765015067348
full_CB_V_raw_A0_T_median_kept_seed1,full,CB,V_raw,A0,T_median_kept,0.000269,1,holdout,-1,test,9,3,0,0,0.0114565366313915
full_CB_V_raw_A0_T_median_kept_seed1,full,CB,V_raw,A0,T_median_kept,0.000269,1,holdout,-1,test,54,21,1,1,0.8655324476030896
full_CB_V_raw_A0_T_median_kept_seed1,full,CB,V_raw,A0,T_median_kept,0.000269,1,holdout,-1,test,159,40,1,1,0.986401622094004
full_CB_V_raw_A0_T_median_kept_seed1,full,CB,V_raw,A0,T_median_kept,0.000269,1,holdout,-1,test,45,19,1,0,0.1512383271766494
full_CB_V_raw_A0_T_median_kept_seed1,full,CB,V_raw,A0,T_median_kept,0.000269,1,holdout,-1,test,175,44,1,1,0.7168210299144182
full_CB_V_raw_A0_T_median_kept_seed1,full,CB,V_raw,A0,T_median_kept,0.000269,1,holdout,-1,test,138,36,0,1,0.9271156679894794
full_CB_V_raw_A0_T_median_kept_seed1,full,CB,V_raw,A0,T_median_kept,0.000269,1,holdout,-1,test,137,36,0,1,0.9467024602626448
full_CB_V_raw_A0_T_median_kept_seed1,full,CB,V_raw,A0,T_median_kept,0.000269,1,holdout,-1,test,141,36,0,0,0.016384820314207
full_CB_V_raw_A0_T_median_kept_seed1,full,CB,V_raw,A0,T_median_kept,0.000269,1,holdout,-1,test,13,4,0,0,0.0142171648230136
full_CB_V_raw_A0_T_median_kept_seed1,full,CB,V_raw,A0,T_median_kept,0.000269,1,holdout,-1,test,101,32,0,0,0.0745947070202304
full_CB_V_raw_A0_T_median_kept_seed1,full,CB,V_raw,A0,T_median_kept,0.000269,1,holdout,-1,test,78,28,1,1,0.9288569702550842
full_CB_V_raw_A0_T_median_kept_seed1,full,CB,V_raw,A0,T_median_kept,0.000269,1,holdout,-1,test,21,9,0,0,0.3931280676589374
full_CB_V_raw_A0_T_median_kept_seed1,full,CB,V_raw,A0,T_median_kept,0.000269,1,holdout,-1,test,39,18,0,1,0.9783061341940532
full_CB_V_raw_A0_T_median_kept_seed1,full,CB,V_raw,A0,T_median_kept,0.000269,1,holdout,-1,test,44,19,0,0,0.05507755235373
full_CB_V_raw_A0_T_median_kept_seed1,full,CB,V_raw,A0,T_median_kept,0.000269,1,holdout,-1,test,50,20,0,0,0.2114094388202755
full_CB_V_raw_A0_T_median_kept_seed1,full,CB,V_raw,A0,T_median_kept,0.000269,1,holdout,-1,test,167,41,1,1,0.8373236490221948
full_CB_V_raw_A0_T_median_kept_seed1,full,CB,V_raw,A0,T_median_kept,0.000269,1,holdout,-1,test,27,11,1,1,0.9178980690599684
full_CB_V_raw_A0_T_median_kept_seed1,full,CB,V_raw,A0,T_median_kept,0.000269,1,holdout,-1,test,97,31,1,1,0.9666626384045908
full_CB_V_raw_A0_T_median_kept_seed1,full,CB,V_raw,A0,T_median_kept,0.000269,1,holdout,-1,test,115,32,0,0,0.1471432466264675
full_CB_V_raw_A0_T_median_kept_seed1,full,CB,V_raw,A0,T_median_kept,0.000269,1,holdout,-1,test,153,40,1,1,0.7073120107047898
full_DT_V_raw_A0_T_median_kept_seed2,full,DT,V_raw,A0,T_median_kept,0.000269,2,holdout,-1,val,204,51,0,1,1.0
full_DT_V_raw_A0_T_median_kept_seed2,full,DT,V_raw,A0,T_median_kept,0.000269,2,holdout,-1,val,215,54,0,0,0.0
full_DT_V_raw_A0_T_median_kept_seed2,full,DT,V_raw,A0,T_median_kept,0.000269,2,holdout,-1,val,94,31,1,1,1.0
full_DT_V_raw_A0_T_median_kept_seed2,full,DT,V_raw,A0,T_median_kept,0.000269,2,holdout,-1,val,70,25,0,0,0.0
full_DT_V_raw_A0_T_median_kept_seed2,full,DT,V_raw,A0,T_median_kept,0.000269,2,holdout,-1,val,199,50,1,0,0.0
full_DT_V_raw_A0_T_median_kept_seed2,full,DT,V_raw,A0,T_median_kept,0.000269,2,holdout,-1,val,221,54,0,0,0.0
full_DT_V_raw_A0_T_median_kept_seed2,full,DT,V_raw,A0,T_median_kept,0.000269,2,holdout,-1,val,166,41,1,1,0.6666666666666666
full_DT_V_raw_A0_T_median_kept_seed2,full,DT,V_raw,A0,T_median_kept,0.000269,2,holdout,-1,val,133,35,0,0,0.0
full_DT_V_raw_A0_T_median_kept_seed2,full,DT,V_raw,A0,T_median_kept,0.000269,2,holdout,-1,val,174,43,0,1,0.6666666666666666
full_DT_V_raw_A0_T_median_kept_seed2,full,DT,V_raw,A0,T_median_kept,0.000269,2,holdout,-1,val,78,28,1,0,0.5
full_DT_V_raw_A0_T_median_kept_seed2,full,DT,V_raw,A0,T_median_kept,0.000269,2,holdout,-1,val,163,41,0,1,1.0
full_DT_V_raw_A0_T_median_kept_seed2,full,DT,V_raw,A0,T_median_kept,0.000269,2,holdout,-1,val,208,54,0,0,0.0
full_DT_V_raw_A0_T_median_kept_seed2,full,DT,V_raw,A0,T_median_kept,0.000269,2,holdout,-1,val,179,45,1,1,0.6666666666666666
full_DT_V_raw_A0_T_median_kept_seed2,full,DT,V_raw,A0,T_median_kept,0.000269,2,holdout,-1,val,52,21,1,1,1.0
full_DT_V_raw_A0_T_median_kept_seed2,full,DT,V_raw,A0,T_median_kept,0.000269,2,holdout,-1,val,80,28,1,1,1.0
full_DT_V_raw_A0_T_median_kept_seed2,full,DT,V_raw,A0,T_median_kept,0.000269,2,holdout,-1,val,151,38,1,1,0.6666666666666666
full_DT_V_raw_A0_T_median_kept_seed2,full,DT,V_raw,A0,T_median_kept,0.000269,2,holdout,-1,val,210,54,0,1,0.6666666666666666
full_DT_V_raw_A0_T_median_kept_seed2,full,DT,V_raw,A0,T_median_kept,0.000269,2,holdout,-1,val,224,54,1,1,0.6666666666666666
full_DT_V_raw_A0_T_median_kept_seed2,full,DT,V_raw,A0,T_median_kept,0.000269,2,holdout,-1,val,125,34,1,1,1.0
full_DT_V_raw_A0_T_median_kept_seed2,full,DT,V_raw,A0,T_median_kept,0.000269,2,holdout,-1,val,7,1,1,1,1.0
full_DT_V_raw_A0_T_median_kept_seed2,full,DT,V_raw,A0,T_median_kept,0.000269,2,holdout,-1,val,104,32,0,0,0.0
full_DT_V_raw_A0_T_median_kept_seed2,full,DT,V_raw,A0,T_median_kept,0.000269,2,holdout,-1,val,194,49,0,1,1.0
full_DT_V_raw_A0_T_median_kept_seed2,full,DT,V_raw,A0,T_median_kept,0.000269,2,holdout,-1,val,40,18,0,0,0.4
full_DT_V_raw_A0_T_median_kept_seed2,full,DT,V_raw,A0,T_median_kept,0.000269,2,holdout,-1,val,64,24,1,0,0.5
full_DT_V_raw_A0_T_median_kept_seed2,full,DT,V_raw,A0,T_median_kept,0.000269,2,holdout,-1,val,73,27,0,0,0.0
full_DT_V_raw_A0_T_median_kept_seed2,full,DT,V_raw,A0,T_median_kept,0.000269,2,holdout,-1,val,157,40,1,1,1.0
full_DT_V_raw_A0_T_median_kept_seed2,full,DT,V_raw,A0,T_median_kept,0.000269,2,holdout,-1,val,201,50,0,0,0.0
full_DT_V_raw_A0_T_median_kept_seed2,full,DT,V_raw,A0,T_median_kept,0.000269,2,holdout,-1,val,107,32,0,0,0.0
full_DT_V_raw_A0_T_median_kept_seed2,full,DT,V_raw,A0,T_median_kept,0.000269,2,holdout,-1,val,97,31,1,1,1.0
full_DT_V_raw_A0_T_median_kept_seed2,full,DT,V_raw,A0,T_median_kept,0.000269,2,holdout,-1,val,60,22,0,0,0.0
full_DT_V_raw_A0_T_median_kept_seed2,full,DT,V_raw,A0,T_median_kept,0.000269,2,holdout,-1,val,149,38,1,1,1.0
full_DT_V_raw_A0_T_median_kept_seed2,full,DT,V_raw,A0,T_median_kept,0.000269,2,holdout,-1,val,5,1,1,1,1.0
full_DT_V_raw_A0_T_median_kept_seed2,full,DT,V_raw,A0,T_median_kept,0.000269,2,holdout,-1,val,134,36,1,0,0.0
full_DT_V_raw_A0_T_median_kept_seed2,full,DT,V_raw,A0,T_median_kept,0.000269,2,holdout,-1,test,4,1,1,1,1.0
full_DT_V_raw_A0_T_median_kept_seed2,full,DT,V_raw,A0,T_median_kept,0.000269,2,holdout,-1,test,147,38,1,1,1.0
full_DT_V_raw_A0_T_median_kept_seed2,full,DT,V_raw,A0,T_median_kept,0.000269,2,holdout,-1,test,15,4,0,0,0.0
full_DT_V_raw_A0_T_median_kept_seed2,full,DT,V_raw,A0,T_median_kept,0.000269,2,holdout,-1,test,114,32,0,0,0.0
full_DT_V_raw_A0_T_median_kept_seed2,full,DT,V_raw,A0,T_median_kept,0.000269,2,holdout,-1,test,120,33,1,0,0.5
full_DT_V_raw_A0_T_median_kept_seed2,full,DT,V_raw,A0,T_median_kept,0.000269,2,holdout,-1,test,160,40,1,1,1.0
full_DT_V_raw_A0_T_median_kept_seed2,full,DT,V_raw,A0,T_median_kept,0.000269,2,holdout,-1,test,34,15,0,0,0.0
full_DT_V_raw_A0_T_median_kept_seed2,full,DT,V_raw,A0,T_median_kept,0.000269,2,holdout,-1,test,214,54,0,0,0.0
full_DT_V_raw_A0_T_median_kept_seed2,full,DT,V_raw,A0,T_median_kept,0.000269,2,holdout,-1,test,118,32,1,0,0.0
full_DT_V_raw_A0_T_median_kept_seed2,full,DT,V_raw,A0,T_median_kept,0.000269,2,holdout,-1,test,172,43,0,1,0.6666666666666666
full_DT_V_raw_A0_T_median_kept_seed2,full,DT,V_raw,A0,T_median_kept,0.000269,2,holdout,-1,test,202,50,0,0,0.0
full_DT_V_raw_A0_T_median_kept_seed2,full,DT,V_raw,A0,T_median_kept,0.000269,2,holdout,-1,test,186,47,1,0,0.4
full_DT_V_raw_A0_T_median_kept_seed2,full,DT,V_raw,A0,T_median_kept,0.000269,2,holdout,-1,test,82,29,1,0,0.4
full_DT_V_raw_A0_T_median_kept_seed2,full,DT,V_raw,A0,T_median_kept,0.000269,2,holdout,-1,test,18,6,1,1,1.0
full_DT_V_raw_A0_T_median_kept_seed2,full,DT,V_raw,A0,T_median_kept,0.000269,2,holdout,-1,test,44,19,0,0,0.0
full_DT_V_raw_A0_T_median_kept_seed2,full,DT,V_raw,A0,T_median_kept,0.000269,2,holdout,-1,test,195,49,1,1,1.0
full_DT_V_raw_A0_T_median_kept_seed2,full,DT,V_raw,A0,T_median_kept,0.000269,2,holdout,-1,test,142,37,1,0,0.0
full_DT_V_raw_A0_T_median_kept_seed2,full,DT,V_raw,A0,T_median_kept,0.000269,2,holdout,-1,test,84,30,0,1,1.0
full_DT_V_raw_A0_T_median_kept_seed2,full,DT,V_raw,A0,T_median_kept,0.000269,2,holdout,-1,test,91,31,0,1,1.0
full_DT_V_raw_A0_T_median_kept_seed2,full,DT,V_raw,A0,T_median_kept,0.000269,2,holdout,-1,test,131,35,0,0,0.0
full_DT_V_raw_A0_T_median_kept_seed2,full,DT,V_raw,A0,T_median_kept,0.000269,2,holdout,-1,test,137,36,0,0,0.0
full_DT_V_raw_A0_T_median_kept_seed2,full,DT,V_raw,A0,T_median_kept,0.000269,2,holdout,-1,test,92,31,1,1,1.0
full_DT_V_raw_A0_T_median_kept_seed2,full,DT,V_raw,A0,T_median_kept,0.000269,2,holdout,-1,test,175,44,1,1,1.0
full_DT_V_raw_A0_T_median_kept_seed2,full,DT,V_raw,A0,T_median_kept,0.000269,2,holdout,-1,test,158,40,1,1,1.0
full_DT_V_raw_A0_T_median_kept_seed2,full,DT,V_raw,A0,T_median_kept,0.000269,2,holdout,-1,test,47,20,0,0,0.0
full_DT_V_raw_A0_T_median_kept_seed2,full,DT,V_raw,A0,T_median_kept,0.000269,2,holdout,-1,test,66,25,0,0,0.0
full_DT_V_raw_A0_T_median_kept_seed2,full,DT,V_raw,A0,T_median_kept,0.000269,2,holdout,-1,test,228,55,1,1,1.0
full_DT_V_raw_A0_T_median_kept_seed2,full,DT,V_raw,A0,T_median_kept,0.000269,2,holdout,-1,test,187,47,0,0,0.0
full_DT_V_raw_A0_T_median_kept_seed2,full,DT,V_raw,A0,T_median_kept,0.000269,2,holdout,-1,test,168,41,0,0,0.0
full_DT_V_raw_A0_T_median_kept_seed2,full,DT,V_raw,A0,T_median_kept,0.000269,2,holdout,-1,test,165,41,1,1,1.0
full_DT_V_raw_A0_T_median_kept_seed2,full,DT,V_raw,A0,T_median_kept,0.000269,2,holdout,-1,test,212,54,1,1,0.6666666666666666
full_DT_V_raw_A0_T_median_kept_seed2,full,DT,V_raw,A0,T_median_kept,0.000269,2,holdout,-1,test,100,32,0,0,0.0
full_DT_V_raw_A0_T_median_kept_seed2,full,DT,V_raw,A0,T_median_kept,0.000269,2,holdout,-1,test,69,25,0,0,0.0
full_RF_V_raw_A0_T_median_kept_seed2,full,RF,V_raw,A0,T_median_kept,0.000269,2,holdout,-1,val,204,51,0,1,0.7200685425685425
full_RF_V_raw_A0_T_median_kept_seed2,full,RF,V_raw,A0,T_median_kept,0.000269,2,holdout,-1,val,215,54,0,0,0.1862219632219632
full_RF_V_raw_A0_T_median_kept_seed2,full,RF,V_raw,A0,T_median_kept,0.000269,2,holdout,-1,val,94,31,1,1,0.9153097643097644
full_RF_V_raw_A0_T_median_kept_seed2,full,RF,V_raw,A0,T_median_kept,0.000269,2,holdout,-1,val,70,25,0,0,0.1658328523328522
full_RF_V_raw_A0_T_median_kept_seed2,full,RF,V_raw,A0,T_median_kept,0.000269,2,holdout,-1,val,199,50,1,0,0.4737565952565953
full_RF_V_raw_A0_T_median_kept_seed2,full,RF,V_raw,A0,T_median_kept,0.000269,2,holdout,-1,val,221,54,0,0,0.1862219632219632
full_RF_V_raw_A0_T_median_kept_seed2,full,RF,V_raw,A0,T_median_kept,0.000269,2,holdout,-1,val,166,41,1,1,0.8397866762866761
full_RF_V_raw_A0_T_median_kept_seed2,full,RF,V_raw,A0,T_median_kept,0.000269,2,holdout,-1,val,133,35,0,0,0.1144488936988936
full_RF_V_raw_A0_T_median_kept_seed2,full,RF,V_raw,A0,T_median_kept,0.000269,2,holdout,-1,val,174,43,0,0,0.4779164076664074
full_RF_V_raw_A0_T_median_kept_seed2,full,RF,V_raw,A0,T_median_kept,0.000269,2,holdout,-1,val,78,28,1,1,0.6772588985088985
full_RF_V_raw_A0_T_median_kept_seed2,full,RF,V_raw,A0,T_median_kept,0.000269,2,holdout,-1,val,163,41,0,1,0.7178441558441555
full_RF_V_raw_A0_T_median_kept_seed2,full,RF,V_raw,A0,T_median_kept,0.000269,2,holdout,-1,val,208,54,0,0,0.1746042383542383
full_RF_V_raw_A0_T_median_kept_seed2,full,RF,V_raw,A0,T_median_kept,0.000269,2,holdout,-1,val,179,45,1,1,0.722400913900914
full_RF_V_raw_A0_T_median_kept_seed2,full,RF,V_raw,A0,T_median_kept,0.000269,2,holdout,-1,val,52,21,1,1,0.8219759499759501
full_RF_V_raw_A0_T_median_kept_seed2,full,RF,V_raw,A0,T_median_kept,0.000269,2,holdout,-1,val,80,28,1,1,0.751685545935546
full_RF_V_raw_A0_T_median_kept_seed2,full,RF,V_raw,A0,T_median_kept,0.000269,2,holdout,-1,val,151,38,1,1,0.81918746993747
full_RF_V_raw_A0_T_median_kept_seed2,full,RF,V_raw,A0,T_median_kept,0.000269,2,holdout,-1,val,210,54,0,1,0.6844446664446663
full_RF_V_raw_A0_T_median_kept_seed2,full,RF,V_raw,A0,T_median_kept,0.000269,2,holdout,-1,val,224,54,1,1,0.8716192696192697
full_RF_V_raw_A0_T_median_kept_seed2,full,RF,V_raw,A0,T_median_kept,0.000269,2,holdout,-1,val,125,34,1,1,0.743321548821549
full_RF_V_raw_A0_T_median_kept_seed2,full,RF,V_raw,A0,T_median_kept,0.000269,2,holdout,-1,val,7,1,1,1,0.7131664261664259
full_RF_V_raw_A0_T_median_kept_seed2,full,RF,V_raw,A0,T_median_kept,0.000269,2,holdout,-1,val,104,32,0,0,0.0113333333333333
full_RF_V_raw_A0_T_median_kept_seed2,full,RF,V_raw,A0,T_median_kept,0.000269,2,holdout,-1,val,194,49,0,1,0.5340821308321309
full_RF_V_raw_A0_T_median_kept_seed2,full,RF,V_raw,A0,T_median_kept,0.000269,2,holdout,-1,val,40,18,0,1,0.5764319384319382
full_RF_V_raw_A0_T_median_kept_seed2,full,RF,V_raw,A0,T_median_kept,0.000269,2,holdout,-1,val,64,24,1,0,0.4608109668109668
full_RF_V_raw_A0_T_median_kept_seed2,full,RF,V_raw,A0,T_median_kept,0.000269,2,holdout,-1,val,73,27,0,0,0.2496999759499759
full_RF_V_raw_A0_T_median_kept_seed2,full,RF,V_raw,A0,T_median_kept,0.000269,2,holdout,-1,val,157,40,1,1,0.919482804232804
full_RF_V_raw_A0_T_median_kept_seed2,full,RF,V_raw,A0,T_median_kept,0.000269,2,holdout,-1,val,201,50,0,0,0.4262247289747289
full_RF_V_raw_A0_T_median_kept_seed2,full,RF,V_raw,A0,T_median_kept,0.000269,2,holdout,-1,val,107,32,0,0,0.2709265271765272
full_RF_V_raw_A0_T_median_kept_seed2,full,RF,V_raw,A0,T_median_kept,0.000269,2,holdout,-1,val,97,31,1,1,0.8752408609908611
full_RF_V_raw_A0_T_median_kept_seed2,full,RF,V_raw,A0,T_median_kept,0.000269,2,holdout,-1,val,60,22,0,0,0.2656012506012506
full_RF_V_raw_A0_T_median_kept_seed2,full,RF,V_raw,A0,T_median_kept,0.000269,2,holdout,-1,val,149,38,1,1,0.8417329244829247
full_RF_V_raw_A0_T_median_kept_seed2,full,RF,V_raw,A0,T_median_kept,0.000269,2,holdout,-1,val,5,1,1,1,0.827310726310726
full_RF_V_raw_A0_T_median_kept_seed2,full,RF,V_raw,A0,T_median_kept,0.000269,2,holdout,-1,val,134,36,1,1,0.548790524290524
full_RF_V_raw_A0_T_median_kept_seed2,full,RF,V_raw,A0,T_median_kept,0.000269,2,holdout,-1,test,4,1,1,1,0.8051930014430013
full_RF_V_raw_A0_T_median_kept_seed2,full,RF,V_raw,A0,T_median_kept,0.000269,2,holdout,-1,test,147,38,1,1,0.8417329244829247
full_RF_V_raw_A0_T_median_kept_seed2,full,RF,V_raw,A0,T_median_kept,0.000269,2,holdout,-1,test,15,4,0,0,0.200322631072631
full_RF_V_raw_A0_T_median_kept_seed2,full,RF,V_raw,A0,T_median_kept,0.000269,2,holdout,-1,test,114,32,0,0,0.0183531746031746
full_RF_V_raw_A0_T_median_kept_seed2,full,RF,V_raw,A0,T_median_kept,0.000269,2,holdout,-1,test,120,33,1,1,0.5109484126984127
full_RF_V_raw_A0_T_median_kept_seed2,full,RF,V_raw,A0,T_median_kept,0.000269,2,holdout,-1,test,160,40,1,1,0.9678492063492062
full_RF_V_raw_A0_T_median_kept_seed2,full,RF,V_raw,A0,T_median_kept,0.000269,2,holdout,-1,test,34,15,0,0,0.0143981481481481
full_RF_V_raw_A0_T_median_kept_seed2,full,RF,V_raw,A0,T_median_kept,0.000269,2,holdout,-1,test,214,54,0,0,0.1746042383542383
full_RF_V_raw_A0_T_median_kept_seed2,full,RF,V_raw,A0,T_median_kept,0.000269,2,holdout,-1,test,118,32,1,0,0.252320226070226
full_RF_V_raw_A0_T_median_kept_seed2,full,RF,V_raw,A0,T_median_kept,0.000269,2,holdout,-1,test,172,43,0,0,0.4664640267140263
full_RF_V_raw_A0_T_median_kept_seed2,full,RF,V_raw,A0,T_median_kept,0.000269,2,holdout,-1,test,202,50,0,0,0.3425806693306693
full_RF_V_raw_A0_T_median_kept_seed2,full,RF,V_raw,A0,T_median_kept,0.000269,2,holdout,-1,test,186,47,1,0,0.3804937469937471
full_RF_V_raw_A0_T_median_kept_seed2,full,RF,V_raw,A0,T_median_kept,0.000269,2,holdout,-1,test,82,29,1,1,0.6320348725348727
full_RF_V_raw_A0_T_median_kept_seed2,full,RF,V_raw,A0,T_median_kept,0.000269,2,holdout,-1,test,18,6,1,1,0.7993394660894659
full_RF_V_raw_A0_T_median_kept_seed2,full,RF,V_raw,A0,T_median_kept,0.000269,2,holdout,-1,test,44,19,0,0,0.0844695767195767
full_RF_V_raw_A0_T_median_kept_seed2,full,RF,V_raw,A0,T_median_kept,0.000269,2,holdout,-1,test,195,49,1,1,0.7544707792207792
full_RF_V_raw_A0_T_median_kept_seed2,full,RF,V_raw,A0,T_median_kept,0.000269,2,holdout,-1,test,142,37,1,1,0.6084479316979318
full_RF_V_raw_A0_T_median_kept_seed2,full,RF,V_raw,A0,T_median_kept,0.000269,2,holdout,-1,test,84,30,0,1,0.6200487012987013
full_RF_V_raw_A0_T_median_kept_seed2,full,RF,V_raw,A0,T_median_kept,0.000269,2,holdout,-1,test,91,31,0,0,0.3815068542568542
full_RF_V_raw_A0_T_median_kept_seed2,full,RF,V_raw,A0,T_median_kept,0.000269,2,holdout,-1,test,131,35,0,0,0.2264319384319385
full_RF_V_raw_A0_T_median_kept_seed2,full,RF,V_raw,A0,T_median_kept,0.000269,2,holdout,-1,test,137,36,0,1,0.5815487012987011
full_RF_V_raw_A0_T_median_kept_seed2,full,RF,V_raw,A0,T_median_kept,0.000269,2,holdout,-1,test,92,31,1,1,0.5356036556036553
full_RF_V_raw_A0_T_median_kept_seed2,full,RF,V_raw,A0,T_median_kept,0.000269,2,holdout,-1,test,175,44,1,1,0.7510266955266953
full_RF_V_raw_A0_T_median_kept_seed2,full,RF,V_raw,A0,T_median_kept,0.000269,2,holdout,-1,test,158,40,1,1,0.7544082491582492
full_RF_V_raw_A0_T_median_kept_seed2,full,RF,V_raw,A0,T_median_kept,0.000269,2,holdout,-1,test,47,20,0,0,0.2010698653198653
full_RF_V_raw_A0_T_median_kept_seed2,full,RF,V_raw,A0,T_median_kept,0.000269,2,holdout,-1,test,66,25,0,0,0.3746992544492546
full_RF_V_raw_A0_T_median_kept_seed2,full,RF,V_raw,A0,T_median_kept,0.000269,2,holdout,-1,test,228,55,1,1,0.8064725829725832
full_RF_V_raw_A0_T_median_kept_seed2,full,RF,V_raw,A0,T_median_kept,0.000269,2,holdout,-1,test,187,47,0,0,0.2768297258297258
full_RF_V_raw_A0_T_median_kept_seed2,full,RF,V_raw,A0,T_median_kept,0.000269,2,holdout,-1,test,168,41,0,1,0.7123898508898507
full_RF_V_raw_A0_T_median_kept_seed2,full,RF,V_raw,A0,T_median_kept,0.000269,2,holdout,-1,test,165,41,1,1,0.8674284511784511
full_RF_V_raw_A0_T_median_kept_seed2,full,RF,V_raw,A0,T_median_kept,0.000269,2,holdout,-1,test,212,54,1,1,0.8716192696192697
full_RF_V_raw_A0_T_median_kept_seed2,full,RF,V_raw,A0,T_median_kept,0.000269,2,holdout,-1,test,100,32,0,0,0.0495727513227513
full_RF_V_raw_A0_T_median_kept_seed2,full,RF,V_raw,A0,T_median_kept,0.000269,2,holdout,-1,test,69,25,0,0,0.140078884078884
full_LGBM_V_raw_A0_T_median_kept_seed2,full,LGBM,V_raw,A0,T_median_kept,0.000269,2,holdout,-1,val,204,51,0,1,0.7061804977340153
full_LGBM_V_raw_A0_T_median_kept_seed2,full,LGBM,V_raw,A0,T_median_kept,0.000269,2,holdout,-1,val,215,54,0,0,0.0006854489680768
full_LGBM_V_raw_A0_T_median_kept_seed2,full,LGBM,V_raw,A0,T_median_kept,0.000269,2,holdout,-1,val,94,31,1,1,0.9999880092465808
full_LGBM_V_raw_A0_T_median_kept_seed2,full,LGBM,V_raw,A0,T_median_kept,0.000269,2,holdout,-1,val,70,25,0,0,0.0004743618841504
full_LGBM_V_raw_A0_T_median_kept_seed2,full,LGBM,V_raw,A0,T_median_kept,0.000269,2,holdout,-1,val,199,50,1,0,0.3405166136202164
full_LGBM_V_raw_A0_T_median_kept_seed2,full,LGBM,V_raw,A0,T_median_kept,0.000269,2,holdout,-1,val,221,54,0,0,0.0006854489680768
full_LGBM_V_raw_A0_T_median_kept_seed2,full,LGBM,V_raw,A0,T_median_kept,0.000269,2,holdout,-1,val,166,41,1,1,0.9999815188331622
full_LGBM_V_raw_A0_T_median_kept_seed2,full,LGBM,V_raw,A0,T_median_kept,0.000269,2,holdout,-1,val,133,35,0,0,2.469779194868241e-07
full_LGBM_V_raw_A0_T_median_kept_seed2,full,LGBM,V_raw,A0,T_median_kept,0.000269,2,holdout,-1,val,174,43,0,0,0.0017651800799547
full_LGBM_V_raw_A0_T_median_kept_seed2,full,LGBM,V_raw,A0,T_median_kept,0.000269,2,holdout,-1,val,78,28,1,1,0.955276399809442
full_LGBM_V_raw_A0_T_median_kept_seed2,full,LGBM,V_raw,A0,T_median_kept,0.000269,2,holdout,-1,val,163,41,0,1,0.9950146120505444
full_LGBM_V_raw_A0_T_median_kept_seed2,full,LGBM,V_raw,A0,T_median_kept,0.000269,2,holdout,-1,val,208,54,0,0,0.0008241488931208
full_LGBM_V_raw_A0_T_median_kept_seed2,full,LGBM,V_raw,A0,T_median_kept,0.000269,2,holdout,-1,val,179,45,1,1,0.9935686882651572
full_LGBM_V_raw_A0_T_median_kept_seed2,full,LGBM,V_raw,A0,T_median_kept,0.000269,2,holdout,-1,val,52,21,1,1,0.9999903192806964
full_LGBM_V_raw_A0_T_median_kept_seed2,full,LGBM,V_raw,A0,T_median_kept,0.000269,2,holdout,-1,val,80,28,1,1,0.9910248376524334
full_LGBM_V_raw_A0_T_median_kept_seed2,full,LGBM,V_raw,A0,T_median_kept,0.000269,2,holdout,-1,val,151,38,1,1,0.999903896374469
full_LGBM_V_raw_A0_T_median_kept_seed2,full,LGBM,V_raw,A0,T_median_kept,0.000269,2,holdout,-1,val,210,54,0,0,0.4996457540371749
full_LGBM_V_raw_A0_T_median_kept_seed2,full,LGBM,V_raw,A0,T_median_kept,0.000269,2,holdout,-1,val,224,54,1,1,0.9995130766935932
full_LGBM_V_raw_A0_T_median_kept_seed2,full,LGBM,V_raw,A0,T_median_kept,0.000269,2,holdout,-1,val,125,34,1,1,0.9988288076354268
full_LGBM_V_raw_A0_T_median_kept_seed2,full,LGBM,V_raw,A0,T_median_kept,0.000269,2,holdout,-1,val,7,1,1,1,0.9107226267032096
full_LGBM_V_raw_A0_T_median_kept_seed2,full,LGBM,V_raw,A0,T_median_kept,0.000269,2,holdout,-1,val,104,32,0,0,5.125961111852796e-08
full_LGBM_V_raw_A0_T_median_kept_seed2,full,LGBM,V_raw,A0,T_median_kept,0.000269,2,holdout,-1,val,194,49,0,1,0.9000886525193603
full_LGBM_V_raw_A0_T_median_kept_seed2,full,LGBM,V_raw,A0,T_median_kept,0.000269,2,holdout,-1,val,40,18,0,0,0.4997157883304512
full_LGBM_V_raw_A0_T_median_kept_seed2,full,LGBM,V_raw,A0,T_median_kept,0.000269,2,holdout,-1,val,64,24,1,0,0.0028845410458058
full_LGBM_V_raw_A0_T_median_kept_seed2,full,LGBM,V_raw,A0,T_median_kept,0.000269,2,holdout,-1,val,73,27,0,0,4.9162516014206416e-05
full_LGBM_V_raw_A0_T_median_kept_seed2,full,LGBM,V_raw,A0,T_median_kept,0.000269,2,holdout,-1,val,157,40,1,1,0.9999968975465752
full_LGBM_V_raw_A0_T_median_kept_seed2,full,LGBM,V_raw,A0,T_median_kept,0.000269,2,holdout,-1,val,201,50,0,0,0.0017021431083919
full_LGBM_V_raw_A0_T_median_kept_seed2,full,LGBM,V_raw,A0,T_median_kept,0.000269,2,holdout,-1,val,107,32,0,0,0.0053483067573684
full_LGBM_V_raw_A0_T_median_kept_seed2,full,LGBM,V_raw,A0,T_median_kept,0.000269,2,holdout,-1,val,97,31,1,1,0.999680771998314
full_LGBM_V_raw_A0_T_median_kept_seed2,full,LGBM,V_raw,A0,T_median_kept,0.000269,2,holdout,-1,val,60,22,0,0,0.0008182953723766
full_LGBM_V_raw_A0_T_median_kept_seed2,full,LGBM,V_raw,A0,T_median_kept,0.000269,2,holdout,-1,val,149,38,1,1,0.999903896374469
full_LGBM_V_raw_A0_T_median_kept_seed2,full,LGBM,V_raw,A0,T_median_kept,0.000269,2,holdout,-1,val,5,1,1,1,0.9996107148781462
full_LGBM_V_raw_A0_T_median_kept_seed2,full,LGBM,V_raw,A0,T_median_kept,0.000269,2,holdout,-1,val,134,36,1,1,0.9318283586117037
full_LGBM_V_raw_A0_T_median_kept_seed2,full,LGBM,V_raw,A0,T_median_kept,0.000269,2,holdout,-1,test,4,1,1,1,0.9997099843507872
full_LGBM_V_raw_A0_T_median_kept_seed2,full,LGBM,V_raw,A0,T_median_kept,0.000269,2,holdout,-1,test,147,38,1,1,0.999903896374469
full_LGBM_V_raw_A0_T_median_kept_seed2,full,LGBM,V_raw,A0,T_median_kept,0.000269,2,holdout,-1,test,15,4,0,0,5.840879702863569e-06
full_LGBM_V_raw_A0_T_median_kept_seed2,full,LGBM,V_raw,A0,T_median_kept,0.000269,2,holdout,-1,test,114,32,0,0,2.6844773214366146e-08
full_LGBM_V_raw_A0_T_median_kept_seed2,full,LGBM,V_raw,A0,T_median_kept,0.000269,2,holdout,-1,test,120,33,1,1,0.8111430837076113
full_LGBM_V_raw_A0_T_median_kept_seed2,full,LGBM,V_raw,A0,T_median_kept,0.000269,2,holdout,-1,test,160,40,1,1,0.9999938375727168
full_LGBM_V_raw_A0_T_median_kept_seed2,full,LGBM,V_raw,A0,T_median_kept,0.000269,2,holdout,-1,test,34,15,0,0,5.083414677539783e-10
full_LGBM_V_raw_A0_T_median_kept_seed2,full,LGBM,V_raw,A0,T_median_kept,0.000269,2,holdout,-1,test,214,54,0,0,0.0008241488931208
full_LGBM_V_raw_A0_T_median_kept_seed2,full,LGBM,V_raw,A0,T_median_kept,0.000269,2,holdout,-1,test,118,32,1,0,0.0736691598887629
full_LGBM_V_raw_A0_T_median_kept_seed2,full,LGBM,V_raw,A0,T_median_kept,0.000269,2,holdout,-1,test,172,43,0,0,0.0017651800799547
full_LGBM_V_raw_A0_T_median_kept_seed2,full,LGBM,V_raw,A0,T_median_kept,0.000269,2,holdout,-1,test,202,50,0,0,0.0007145044851158
full_LGBM_V_raw_A0_T_median_kept_seed2,full,LGBM,V_raw,A0,T_median_kept,0.000269,2,holdout,-1,test,186,47,1,0,0.0117212130895598
full_LGBM_V_raw_A0_T_median_kept_seed2,full,LGBM,V_raw,A0,T_median_kept,0.000269,2,holdout,-1,test,82,29,1,1,0.9669189066929864
full_LGBM_V_raw_A0_T_median_kept_seed2,full,LGBM,V_raw,A0,T_median_kept,0.000269,2,holdout,-1,test,18,6,1,1,0.9999172307885648
full_LGBM_V_raw_A0_T_median_kept_seed2,full,LGBM,V_raw,A0,T_median_kept,0.000269,2,holdout,-1,test,44,19,0,0,6.927033535568502e-07
full_LGBM_V_raw_A0_T_median_kept_seed2,full,LGBM,V_raw,A0,T_median_kept,0.000269,2,holdout,-1,test,195,49,1,1,0.9999266935178438
full_LGBM_V_raw_A0_T_median_kept_seed2,full,LGBM,V_raw,A0,T_median_kept,0.000269,2,holdout,-1,test,142,37,1,1,0.7395102415032866
full_LGBM_V_raw_A0_T_median_kept_seed2,full,LGBM,V_raw,A0,T_median_kept,0.000269,2,holdout,-1,test,84,30,0,0,0.001520686751384
full_LGBM_V_raw_A0_T_median_kept_seed2,full,LGBM,V_raw,A0,T_median_kept,0.000269,2,holdout,-1,test,91,31,0,0,0.0044509680780318
full_LGBM_V_raw_A0_T_median_kept_seed2,full,LGBM,V_raw,A0,T_median_kept,0.000269,2,holdout,-1,test,131,35,0,0,0.000118900457208
full_LGBM_V_raw_A0_T_median_kept_seed2,full,LGBM,V_raw,A0,T_median_kept,0.000269,2,holdout,-1,test,137,36,0,1,0.877935532697881
full_LGBM_V_raw_A0_T_median_kept_seed2,full,LGBM,V_raw,A0,T_median_kept,0.000269,2,holdout,-1,test,92,31,1,1,0.6023077667078429
full_LGBM_V_raw_A0_T_median_kept_seed2,full,LGBM,V_raw,A0,T_median_kept,0.000269,2,holdout,-1,test,175,44,1,1,0.7967195447093468
full_LGBM_V_raw_A0_T_median_kept_seed2,full,LGBM,V_raw,A0,T_median_kept,0.000269,2,holdout,-1,test,158,40,1,1,0.9940988498505964
full_LGBM_V_raw_A0_T_median_kept_seed2,full,LGBM,V_raw,A0,T_median_kept,0.000269,2,holdout,-1,test,47,20,0,0,2.7848571326291226e-07
full_LGBM_V_raw_A0_T_median_kept_seed2,full,LGBM,V_raw,A0,T_median_kept,0.000269,2,holdout,-1,test,66,25,0,0,0.0021516777118268
full_LGBM_V_raw_A0_T_median_kept_seed2,full,LGBM,V_raw,A0,T_median_kept,0.000269,2,holdout,-1,test,228,55,1,1,0.999985234357664
full_LGBM_V_raw_A0_T_median_kept_seed2,full,LGBM,V_raw,A0,T_median_kept,0.000269,2,holdout,-1,test,187,47,0,0,0.000127600018068
full_LGBM_V_raw_A0_T_median_kept_seed2,full,LGBM,V_raw,A0,T_median_kept,0.000269,2,holdout,-1,test,168,41,0,1,0.999734403209348
full_LGBM_V_raw_A0_T_median_kept_seed2,full,LGBM,V_raw,A0,T_median_kept,0.000269,2,holdout,-1,test,165,41,1,1,0.9999970581901106
full_LGBM_V_raw_A0_T_median_kept_seed2,full,LGBM,V_raw,A0,T_median_kept,0.000269,2,holdout,-1,test,212,54,1,1,0.9995130766935932
full_LGBM_V_raw_A0_T_median_kept_seed2,full,LGBM,V_raw,A0,T_median_kept,0.000269,2,holdout,-1,test,100,32,0,0,4.35455511992306e-07
full_LGBM_V_raw_A0_T_median_kept_seed2,full,LGBM,V_raw,A0,T_median_kept,0.000269,2,holdout,-1,test,69,25,0,0,0.0002870320917252
full_CB_V_raw_A0_T_median_kept_seed2,full,CB,V_raw,A0,T_median_kept,0.000269,2,holdout,-1,val,204,51,0,1,0.8479937806707363
full_CB_V_raw_A0_T_median_kept_seed2,full,CB,V_raw,A0,T_median_kept,0.000269,2,holdout,-1,val,215,54,0,0,0.0476197978856534
full_CB_V_raw_A0_T_median_kept_seed2,full,CB,V_raw,A0,T_median_kept,0.000269,2,holdout,-1,val,94,31,1,1,0.9849839939932108
full_CB_V_raw_A0_T_median_kept_seed2,full,CB,V_raw,A0,T_median_kept,0.000269,2,holdout,-1,val,70,25,0,0,0.0337644173908646
full_CB_V_raw_A0_T_median_kept_seed2,full,CB,V_raw,A0,T_median_kept,0.000269,2,holdout,-1,val,199,50,1,0,0.1301087843363042
full_CB_V_raw_A0_T_median_kept_seed2,full,CB,V_raw,A0,T_median_kept,0.000269,2,holdout,-1,val,221,54,0,0,0.0476197978856534
full_CB_V_raw_A0_T_median_kept_seed2,full,CB,V_raw,A0,T_median_kept,0.000269,2,holdout,-1,val,166,41,1,1,0.983689126531008
full_CB_V_raw_A0_T_median_kept_seed2,full,CB,V_raw,A0,T_median_kept,0.000269,2,holdout,-1,val,133,35,0,0,0.0063922184642802
full_CB_V_raw_A0_T_median_kept_seed2,full,CB,V_raw,A0,T_median_kept,0.000269,2,holdout,-1,val,174,43,0,0,0.0274576249326637
full_CB_V_raw_A0_T_median_kept_seed2,full,CB,V_raw,A0,T_median_kept,0.000269,2,holdout,-1,val,78,28,1,1,0.8708214489388876
full_CB_V_raw_A0_T_median_kept_seed2,full,CB,V_raw,A0,T_median_kept,0.000269,2,holdout,-1,val,163,41,0,1,0.8837581947517604
full_CB_V_raw_A0_T_median_kept_seed2,full,CB,V_raw,A0,T_median_kept,0.000269,2,holdout,-1,val,208,54,0,0,0.0441147227924434
full_CB_V_raw_A0_T_median_kept_seed2,full,CB,V_raw,A0,T_median_kept,0.000269,2,holdout,-1,val,179,45,1,1,0.969790132755499
full_CB_V_raw_A0_T_median_kept_seed2,full,CB,V_raw,A0,T_median_kept,0.000269,2,holdout,-1,val,52,21,1,1,0.9905174434400364
full_CB_V_raw_A0_T_median_kept_seed2,full,CB,V_raw,A0,T_median_kept,0.000269,2,holdout,-1,val,80,28,1,1,0.9474620195582504
full_CB_V_raw_A0_T_median_kept_seed2,full,CB,V_raw,A0,T_median_kept,0.000269,2,holdout,-1,val,151,38,1,1,0.9835858678407116
full_CB_V_raw_A0_T_median_kept_seed2,full,CB,V_raw,A0,T_median_kept,0.000269,2,holdout,-1,val,210,54,0,1,0.5218839649651908
full_CB_V_raw_A0_T_median_kept_seed2,full,CB,V_raw,A0,T_median_kept,0.000269,2,holdout,-1,val,224,54,1,1,0.9741928209728432
full_CB_V_raw_A0_T_median_kept_seed2,full,CB,V_raw,A0,T_median_kept,0.000269,2,holdout,-1,val,125,34,1,1,0.9198607677161732
full_CB_V_raw_A0_T_median_kept_seed2,full,CB,V_raw,A0,T_median_kept,0.000269,2,holdout,-1,val,7,1,1,1,0.8343651871092618
full_CB_V_raw_A0_T_median_kept_seed2,full,CB,V_raw,A0,T_median_kept,0.000269,2,holdout,-1,val,104,32,0,0,0.0010828736173429
full_CB_V_raw_A0_T_median_kept_seed2,full,CB,V_raw,A0,T_median_kept,0.000269,2,holdout,-1,val,194,49,0,0,0.4121807684331642
full_CB_V_raw_A0_T_median_kept_seed2,full,CB,V_raw,A0,T_median_kept,0.000269,2,holdout,-1,val,40,18,0,1,0.5113117153258462
full_CB_V_raw_A0_T_median_kept_seed2,full,CB,V_raw,A0,T_median_kept,0.000269,2,holdout,-1,val,64,24,1,0,0.4683679427731431
full_CB_V_raw_A0_T_median_kept_seed2,full,CB,V_raw,A0,T_median_kept,0.000269,2,holdout,-1,val,73,27,0,0,0.0668077506397095
full_CB_V_raw_A0_T_median_kept_seed2,full,CB,V_raw,A0,T_median_kept,0.000269,2,holdout,-1,val,157,40,1,1,0.995252062857765
full_CB_V_raw_A0_T_median_kept_seed2,full,CB,V_raw,A0,T_median_kept,0.000269,2,holdout,-1,val,201,50,0,0,0.0364281713100063
full_CB_V_raw_A0_T_median_kept_seed2,full,CB,V_raw,A0,T_median_kept,0.000269,2,holdout,-1,val,107,32,0,0,0.0908958084992003
full_CB_V_raw_A0_T_median_kept_seed2,full,CB,V_raw,A0,T_median_kept,0.000269,2,holdout,-1,val,97,31,1,1,0.9829406095239858
full_CB_V_raw_A0_T_median_kept_seed2,full,CB,V_raw,A0,T_median_kept,0.000269,2,holdout,-1,val,60,22,0,0,0.0237191299299217
full_CB_V_raw_A0_T_median_kept_seed2,full,CB,V_raw,A0,T_median_kept,0.000269,2,holdout,-1,val,149,38,1,1,0.98594533304349
full_CB_V_raw_A0_T_median_kept_seed2,full,CB,V_raw,A0,T_median_kept,0.000269,2,holdout,-1,val,5,1,1,1,0.9735905605295354
full_CB_V_raw_A0_T_median_kept_seed2,full,CB,V_raw,A0,T_median_kept,0.000269,2,holdout,-1,val,134,36,1,1,0.8172065858279034
full_CB_V_raw_A0_T_median_kept_seed2,full,CB,V_raw,A0,T_median_kept,0.000269,2,holdout,-1,test,4,1,1,1,0.9654472675573668
full_CB_V_raw_A0_T_median_kept_seed2,full,CB,V_raw,A0,T_median_kept,0.000269,2,holdout,-1,test,147,38,1,1,0.9865663230549604
full_CB_V_raw_A0_T_median_kept_seed2,full,CB,V_raw,A0,T_median_kept,0.000269,2,holdout,-1,test,15,4,0,0,0.0446076673011897
full_CB_V_raw_A0_T_median_kept_seed2,full,CB,V_raw,A0,T_median_kept,0.000269,2,holdout,-1,test,114,32,0,0,0.0019073226806605
full_CB_V_raw_A0_T_median_kept_seed2,full,CB,V_raw,A0,T_median_kept,0.000269,2,holdout,-1,test,120,33,1,1,0.7725752143102428
full_CB_V_raw_A0_T_median_kept_seed2,full,CB,V_raw,A0,T_median_kept,0.000269,2,holdout,-1,test,160,40,1,1,0.9900236007969416
full_CB_V_raw_A0_T_median_kept_seed2,full,CB,V_raw,A0,T_median_kept,0.000269,2,holdout,-1,test,34,15,0,0,0.0014035156630317
full_CB_V_raw_A0_T_median_kept_seed2,full,CB,V_raw,A0,T_median_kept,0.000269,2,holdout,-1,test,214,54,0,0,0.0441147227924434
full_CB_V_raw_A0_T_median_kept_seed2,full,CB,V_raw,A0,T_median_kept,0.000269,2,holdout,-1,test,118,32,1,0,0.093884419553137
full_CB_V_raw_A0_T_median_kept_seed2,full,CB,V_raw,A0,T_median_kept,0.000269,2,holdout,-1,test,172,43,0,0,0.0270741847379638
full_CB_V_raw_A0_T_median_kept_seed2,full,CB,V_raw,A0,T_median_kept,0.000269,2,holdout,-1,test,202,50,0,0,0.0121915799312278
full_CB_V_raw_A0_T_median_kept_seed2,full,CB,V_raw,A0,T_median_kept,0.000269,2,holdout,-1,test,186,47,1,0,0.2542407650970126
full_CB_V_raw_A0_T_median_kept_seed2,full,CB,V_raw,A0,T_median_kept,0.000269,2,holdout,-1,test,82,29,1,1,0.7650750595810598
full_CB_V_raw_A0_T_median_kept_seed2,full,CB,V_raw,A0,T_median_kept,0.000269,2,holdout,-1,test,18,6,1,1,0.9792089545078588
full_CB_V_raw_A0_T_median_kept_seed2,full,CB,V_raw,A0,T_median_kept,0.000269,2,holdout,-1,test,44,19,0,0,0.026707061932674
full_CB_V_raw_A0_T_median_kept_seed2,full,CB,V_raw,A0,T_median_kept,0.000269,2,holdout,-1,test,195,49,1,1,0.9595867426808624
full_CB_V_raw_A0_T_median_kept_seed2,full,CB,V_raw,A0,T_median_kept,0.000269,2,holdout,-1,test,142,37,1,1,0.6727908657025949
full_CB_V_raw_A0_T_median_kept_seed2,full,CB,V_raw,A0,T_median_kept,0.000269,2,holdout,-1,test,84,30,0,0,0.3072276051189444
full_CB_V_raw_A0_T_median_kept_seed2,full,CB,V_raw,A0,T_median_kept,0.000269,2,holdout,-1,test,91,31,0,0,0.2139196104855993
full_CB_V_raw_A0_T_median_kept_seed2,full,CB,V_raw,A0,T_median_kept,0.000269,2,holdout,-1,test,131,35,0,0,0.0305764537802503
full_CB_V_raw_A0_T_median_kept_seed2,full,CB,V_raw,A0,T_median_kept,0.000269,2,holdout,-1,test,137,36,0,1,0.5791241658957158
full_CB_V_raw_A0_T_median_kept_seed2,full,CB,V_raw,A0,T_median_kept,0.000269,2,holdout,-1,test,92,31,1,1,0.5998675645781314
full_CB_V_raw_A0_T_median_kept_seed2,full,CB,V_raw,A0,T_median_kept,0.000269,2,holdout,-1,test,175,44,1,1,0.876418897314141
full_CB_V_raw_A0_T_median_kept_seed2,full,CB,V_raw,A0,T_median_kept,0.000269,2,holdout,-1,test,158,40,1,1,0.7777242512015716
full_CB_V_raw_A0_T_median_kept_seed2,full,CB,V_raw,A0,T_median_kept,0.000269,2,holdout,-1,test,47,20,0,0,0.016984989894049
full_CB_V_raw_A0_T_median_kept_seed2,full,CB,V_raw,A0,T_median_kept,0.000269,2,holdout,-1,test,66,25,0,1,0.930075987205474
full_CB_V_raw_A0_T_median_kept_seed2,full,CB,V_raw,A0,T_median_kept,0.000269,2,holdout,-1,test,228,55,1,1,0.8886870344823096
full_CB_V_raw_A0_T_median_kept_seed2,full,CB,V_raw,A0,T_median_kept,0.000269,2,holdout,-1,test,187,47,0,0,0.0636743653059603
full_CB_V_raw_A0_T_median_kept_seed2,full,CB,V_raw,A0,T_median_kept,0.000269,2,holdout,-1,test,168,41,0,1,0.9215178093277584
full_CB_V_raw_A0_T_median_kept_seed2,full,CB,V_raw,A0,T_median_kept,0.000269,2,holdout,-1,test,165,41,1,1,0.9815775667208178
full_CB_V_raw_A0_T_median_kept_seed2,full,CB,V_raw,A0,T_median_kept,0.000269,2,holdout,-1,test,212,54,1,1,0.9741928209728432
full_CB_V_raw_A0_T_median_kept_seed2,full,CB,V_raw,A0,T_median_kept,0.000269,2,holdout,-1,test,100,32,0,0,0.0033164065853774
full_CB_V_raw_A0_T_median_kept_seed2,full,CB,V_raw,A0,T_median_kept,0.000269,2,holdout,-1,test,69,25,0,0,0.0288863092597823
full_DT_V_raw_A0_T_median_kept_seed3,full,DT,V_raw,A0,T_median_kept,0.000269,3,holdout,-1,val,198,49,0,0,0.0
full_DT_V_raw_A0_T_median_kept_seed3,full,DT,V_raw,A0,T_median_kept,0.000269,3,holdout,-1,val,142,37,1,0,0.0
full_DT_V_raw_A0_T_median_kept_seed3,full,DT,V_raw,A0,T_median_kept,0.000269,3,holdout,-1,val,181,45,0,1,1.0
full_DT_V_raw_A0_T_median_kept_seed3,full,DT,V_raw,A0,T_median_kept,0.000269,3,holdout,-1,val,134,36,1,0,0.0
full_DT_V_raw_A0_T_median_kept_seed3,full,DT,V_raw,A0,T_median_kept,0.000269,3,holdout,-1,val,148,38,1,1,1.0
full_DT_V_raw_A0_T_median_kept_seed3,full,DT,V_raw,A0,T_median_kept,0.000269,3,holdout,-1,val,7,1,1,1,1.0
full_DT_V_raw_A0_T_median_kept_seed3,full,DT,V_raw,A0,T_median_kept,0.000269,3,holdout,-1,val,71,26,1,0,0.0
full_DT_V_raw_A0_T_median_kept_seed3,full,DT,V_raw,A0,T_median_kept,0.000269,3,holdout,-1,val,22,10,1,1,1.0
full_DT_V_raw_A0_T_median_kept_seed3,full,DT,V_raw,A0,T_median_kept,0.000269,3,holdout,-1,val,187,47,0,0,0.0
full_DT_V_raw_A0_T_median_kept_seed3,full,DT,V_raw,A0,T_median_kept,0.000269,3,holdout,-1,val,117,32,1,1,1.0
full_DT_V_raw_A0_T_median_kept_seed3,full,DT,V_raw,A0,T_median_kept,0.000269,3,holdout,-1,val,174,43,0,0,0.0
full_DT_V_raw_A0_T_median_kept_seed3,full,DT,V_raw,A0,T_median_kept,0.000269,3,holdout,-1,val,155,40,1,1,1.0
full_DT_V_raw_A0_T_median_kept_seed3,full,DT,V_raw,A0,T_median_kept,0.000269,3,holdout,-1,val,76,27,0,0,0.0
full_DT_V_raw_A0_T_median_kept_seed3,full,DT,V_raw,A0,T_median_kept,0.000269,3,holdout,-1,val,82,29,1,1,1.0
full_DT_V_raw_A0_T_median_kept_seed3,full,DT,V_raw,A0,T_median_kept,0.000269,3,holdout,-1,val,210,54,0,0,0.5
full_DT_V_raw_A0_T_median_kept_seed3,full,DT,V_raw,A0,T_median_kept,0.000269,3,holdout,-1,val,140,36,0,0,0.0
full_DT_V_raw_A0_T_median_kept_seed3,full,DT,V_raw,A0,T_median_kept,0.000269,3,holdout,-1,val,31,13,0,1,1.0
full_DT_V_raw_A0_T_median_kept_seed3,full,DT,V_raw,A0,T_median_kept,0.000269,3,holdout,-1,val,20,8,1,1,1.0
full_DT_V_raw_A0_T_median_kept_seed3,full,DT,V_raw,A0,T_median_kept,0.000269,3,holdout,-1,val,135,36,1,0,0.0
full_DT_V_raw_A0_T_median_kept_seed3,full,DT,V_raw,A0,T_median_kept,0.000269,3,holdout,-1,val,178,45,1,1,1.0
full_DT_V_raw_A0_T_median_kept_seed3,full,DT,V_raw,A0,T_median_kept,0.000269,3,holdout,-1,val,50,20,0,0,0.0
full_DT_V_raw_A0_T_median_kept_seed3,full,DT,V_raw,A0,T_median_kept,0.000269,3,holdout,-1,val,186,47,1,0,0.0
full_DT_V_raw_A0_T_median_kept_seed3,full,DT,V_raw,A0,T_median_kept,0.000269,3,holdout,-1,val,114,32,0,0,0.0
full_DT_V_raw_A0_T_median_kept_seed3,full,DT,V_raw,A0,T_median_kept,0.000269,3,holdout,-1,val,62,24,0,1,1.0
full_DT_V_raw_A0_T_median_kept_seed3,full,DT,V_raw,A0,T_median_kept,0.000269,3,holdout,-1,val,55,21,0,1,1.0
full_DT_V_raw_A0_T_median_kept_seed3,full,DT,V_raw,A0,T_median_kept,0.000269,3,holdout,-1,val,102,32,0,0,0.0
full_DT_V_raw_A0_T_median_kept_seed3,full,DT,V_raw,A0,T_median_kept,0.000269,3,holdout,-1,val,86,30,1,1,1.0
full_DT_V_raw_A0_T_median_kept_seed3,full,DT,V_raw,A0,T_median_kept,0.000269,3,holdout,-1,val,112,32,0,0,0.0
full_DT_V_raw_A0_T_median_kept_seed3,full,DT,V_raw,A0,T_median_kept,0.000269,3,holdout,-1,val,129,35,0,0,0.0
full_DT_V_raw_A0_T_median_kept_seed3,full,DT,V_raw,A0,T_median_kept,0.000269,3,holdout,-1,val,34,15,0,0,0.0
full_DT_V_raw_A0_T_median_kept_seed3,full,DT,V_raw,A0,T_median_kept,0.000269,3,holdout,-1,val,17,6,1,1,1.0
full_DT_V_raw_A0_T_median_kept_seed3,full,DT,V_raw,A0,T_median_kept,0.000269,3,holdout,-1,val,29,11,1,1,1.0
full_DT_V_raw_A0_T_median_kept_seed3,full,DT,V_raw,A0,T_median_kept,0.000269,3,holdout,-1,val,166,41,1,1,1.0
full_DT_V_raw_A0_T_median_kept_seed3,full,DT,V_raw,A0,T_median_kept,0.000269,3,holdout,-1,test,167,41,1,1,1.0
full_DT_V_raw_A0_T_median_kept_seed3,full,DT,V_raw,A0,T_median_kept,0.000269,3,holdout,-1,test,131,35,0,0,0.0
full_DT_V_raw_A0_T_median_kept_seed3,full,DT,V_raw,A0,T_median_kept,0.000269,3,holdout,-1,test,52,21,1,1,1.0
full_DT_V_raw_A0_T_median_kept_seed3,full,DT,V_raw,A0,T_median_kept,0.000269,3,holdout,-1,test,78,28,1,1,1.0
full_DT_V_raw_A0_T_median_kept_seed3,full,DT,V_raw,A0,T_median_kept,0.000269,3,holdout,-1,test,85,30,0,0,0.0
full_DT_V_raw_A0_T_median_kept_seed3,full,DT,V_raw,A0,T_median_kept,0.000269,3,holdout,-1,test,11,4,0,0,0.0
full_DT_V_raw_A0_T_median_kept_seed3,full,DT,V_raw,A0,T_median_kept,0.000269,3,holdout,-1,test,74,27,0,0,0.0
full_DT_V_raw_A0_T_median_kept_seed3,full,DT,V_raw,A0,T_median_kept,0.000269,3,holdout,-1,test,37,16,1,1,1.0
full_DT_V_raw_A0_T_median_kept_seed3,full,DT,V_raw,A0,T_median_kept,0.000269,3,holdout,-1,test,195,49,1,0,0.0
full_DT_V_raw_A0_T_median_kept_seed3,full,DT,V_raw,A0,T_median_kept,0.000269,3,holdout,-1,test,133,35,0,0,0.0
full_DT_V_raw_A0_T_median_kept_seed3,full,DT,V_raw,A0,T_median_kept,0.000269,3,holdout,-1,test,49,20,0,0,0.0
full_DT_V_raw_A0_T_median_kept_seed3,full,DT,V_raw,A0,T_median_kept,0.000269,3,holdout,-1,test,5,1,1,1,1.0
full_DT_V_raw_A0_T_median_kept_seed3,full,DT,V_raw,A0,T_median_kept,0.000269,3,holdout,-1,test,214,54,0,0,0.0
full_DT_V_raw_A0_T_median_kept_seed3,full,DT,V_raw,A0,T_median_kept,0.000269,3,holdout,-1,test,107,32,0,0,0.0
full_DT_V_raw_A0_T_median_kept_seed3,full,DT,V_raw,A0,T_median_kept,0.000269,3,holdout,-1,test,95,31,1,1,1.0
full_DT_V_raw_A0_T_median_kept_seed3,full,DT,V_raw,A0,T_median_kept,0.000269,3,holdout,-1,test,204,51,0,1,1.0
full_DT_V_raw_A0_T_median_kept_seed3,full,DT,V_raw,A0,T_median_kept,0.000269,3,holdout,-1,test,23,11,0,0,0.0
full_DT_V_raw_A0_T_median_kept_seed3,full,DT,V_raw,A0,T_median_kept,0.000269,3,holdout,-1,test,43,19,0,1,1.0
full_DT_V_raw_A0_T_median_kept_seed3,full,DT,V_raw,A0,T_median_kept,0.000269,3,holdout,-1,test,212,54,1,1,1.0
full_DT_V_raw_A0_T_median_kept_seed3,full,DT,V_raw,A0,T_median_kept,0.000269,3,holdout,-1,test,180,45,1,1,1.0
full_DT_V_raw_A0_T_median_kept_seed3,full,DT,V_raw,A0,T_median_kept,0.000269,3,holdout,-1,test,45,19,1,0,0.0
full_DT_V_raw_A0_T_median_kept_seed3,full,DT,V_raw,A0,T_median_kept,0.000269,3,holdout,-1,test,4,1,1,1,1.0
full_DT_V_raw_A0_T_median_kept_seed3,full,DT,V_raw,A0,T_median_kept,0.000269,3,holdout,-1,test,46,20,0,0,0.0
full_DT_V_raw_A0_T_median_kept_seed3,full,DT,V_raw,A0,T_median_kept,0.000269,3,holdout,-1,test,147,38,1,1,1.0
full_DT_V_raw_A0_T_median_kept_seed3,full,DT,V_raw,A0,T_median_kept,0.000269,3,holdout,-1,test,136,36,1,0,0.0
full_DT_V_raw_A0_T_median_kept_seed3,full,DT,V_raw,A0,T_median_kept,0.000269,3,holdout,-1,test,200,50,0,1,1.0
full_DT_V_raw_A0_T_median_kept_seed3,full,DT,V_raw,A0,T_median_kept,0.000269,3,holdout,-1,test,2,1,0,0,0.0
full_DT_V_raw_A0_T_median_kept_seed3,full,DT,V_raw,A0,T_median_kept,0.000269,3,holdout,-1,test,75,27,0,0,0.0
full_DT_V_raw_A0_T_median_kept_seed3,full,DT,V_raw,A0,T_median_kept,0.000269,3,holdout,-1,test,44,19,0,0,0.0
full_DT_V_raw_A0_T_median_kept_seed3,full,DT,V_raw,A0,T_median_kept,0.000269,3,holdout,-1,test,146,38,1,1,1.0
full_DT_V_raw_A0_T_median_kept_seed3,full,DT,V_raw,A0,T_median_kept,0.000269,3,holdout,-1,test,77,28,0,0,0.0
full_DT_V_raw_A0_T_median_kept_seed3,full,DT,V_raw,A0,T_median_kept,0.000269,3,holdout,-1,test,211,54,1,1,1.0
full_DT_V_raw_A0_T_median_kept_seed3,full,DT,V_raw,A0,T_median_kept,0.000269,3,holdout,-1,test,18,6,1,1,1.0
full_RF_V_raw_A0_T_median_kept_seed3,full,RF,V_raw,A0,T_median_kept,0.000269,3,holdout,-1,val,198,49,0,1,0.5933689273689272
full_RF_V_raw_A0_T_median_kept_seed3,full,RF,V_raw,A0,T_median_kept,0.000269,3,holdout,-1,val,142,37,1,1,0.7593660691160695
full_RF_V_raw_A0_T_median_kept_seed3,full,RF,V_raw,A0,T_median_kept,0.000269,3,holdout,-1,val,181,45,0,1,0.8506503126503122
full_RF_V_raw_A0_T_median_kept_seed3,full,RF,V_raw,A0,T_median_kept,0.000269,3,holdout,-1,val,134,36,1,0,0.350034299034299
full_RF_V_raw_A0_T_median_kept_seed3,full,RF,V_raw,A0,T_median_kept,0.000269,3,holdout,-1,val,148,38,1,1,0.79425098975099
full_RF_V_raw_A0_T_median_kept_seed3,full,RF,V_raw,A0,T_median_kept,0.000269,3,holdout,-1,val,7,1,1,1,0.7174100529100528
full_RF_V_raw_A0_T_median_kept_seed3,full,RF,V_raw,A0,T_median_kept,0.000269,3,holdout,-1,val,71,26,1,0,0.2721228956228957
full_RF_V_raw_A0_T_median_kept_seed3,full,RF,V_raw,A0,T_median_kept,0.000269,3,holdout,-1,val,22,10,1,1,0.5918466255966255
full_RF_V_raw_A0_T_median_kept_seed3,full,RF,V_raw,A0,T_median_kept,0.000269,3,holdout,-1,val,187,47,0,0,0.2810167980167982
full_RF_V_raw_A0_T_median_kept_seed3,full,RF,V_raw,A0,T_median_kept,0.000269,3,holdout,-1,val,117,32,1,0,0.4264573019573019
full_RF_V_raw_A0_T_median_kept_seed3,full,RF,V_raw,A0,T_median_kept,0.000269,3,holdout,-1,val,174,43,0,0,0.2935189902689905
full_RF_V_raw_A0_T_median_kept_seed3,full,RF,V_raw,A0,T_median_kept,0.000269,3,holdout,-1,val,155,40,1,1,0.9787976190476192
full_RF_V_raw_A0_T_median_kept_seed3,full,RF,V_raw,A0,T_median_kept,0.000269,3,holdout,-1,val,76,27,0,0,0.2856715876715878
full_RF_V_raw_A0_T_median_kept_seed3,full,RF,V_raw,A0,T_median_kept,0.000269,3,holdout,-1,val,82,29,1,1,0.5671586099086098
full_RF_V_raw_A0_T_median_kept_seed3,full,RF,V_raw,A0,T_median_kept,0.000269,3,holdout,-1,val,210,54,0,1,0.6237855940355945
full_RF_V_raw_A0_T_median_kept_seed3,full,RF,V_raw,A0,T_median_kept,0.000269,3,holdout,-1,val,140,36,0,0,0.1150945258445258
full_RF_V_raw_A0_T_median_kept_seed3,full,RF,V_raw,A0,T_median_kept,0.000269,3,holdout,-1,val,31,13,0,1,0.695621693121693
full_RF_V_raw_A0_T_median_kept_seed3,full,RF,V_raw,A0,T_median_kept,0.000269,3,holdout,-1,val,20,8,1,0,0.4605792818292821
full_RF_V_raw_A0_T_median_kept_seed3,full,RF,V_raw,A0,T_median_kept,0.000269,3,holdout,-1,val,135,36,1,0,0.3270172235172235
full_RF_V_raw_A0_T_median_kept_seed3,full,RF,V_raw,A0,T_median_kept,0.000269,3,holdout,-1,val,178,45,1,1,0.7804902597402594
full_RF_V_raw_A0_T_median_kept_seed3,full,RF,V_raw,A0,T_median_kept,0.000269,3,holdout,-1,val,50,20,0,1,0.671748223998224
full_RF_V_raw_A0_T_median_kept_seed3,full,RF,V_raw,A0,T_median_kept,0.000269,3,holdout,-1,val,186,47,1,0,0.32386864986865
full_RF_V_raw_A0_T_median_kept_seed3,full,RF,V_raw,A0,T_median_kept,0.000269,3,holdout,-1,val,114,32,0,0,0.0129682539682539
full_RF_V_raw_A0_T_median_kept_seed3,full,RF,V_raw,A0,T_median_kept,0.000269,3,holdout,-1,val,62,24,0,1,0.6037343674843675
full_RF_V_raw_A0_T_median_kept_seed3,full,RF,V_raw,A0,T_median_kept,0.000269,3,holdout,-1,val,55,21,0,1,0.7392238594738595
full_RF_V_raw_A0_T_median_kept_seed3,full,RF,V_raw,A0,T_median_kept,0.000269,3,holdout,-1,val,102,32,0,0,0.142354858104858
full_RF_V_raw_A0_T_median_kept_seed3,full,RF,V_raw,A0,T_median_kept,0.000269,3,holdout,-1,val,86,30,1,1,0.6870059107559108
full_RF_V_raw_A0_T_median_kept_seed3,full,RF,V_raw,A0,T_median_kept,0.000269,3,holdout,-1,val,112,32,0,0,0.3287870277870278
full_RF_V_raw_A0_T_median_kept_seed3,full,RF,V_raw,A0,T_median_kept,0.000269,3,holdout,-1,val,129,35,0,0,0.0112619047619047
full_RF_V_raw_A0_T_median_kept_seed3,full,RF,V_raw,A0,T_median_kept,0.000269,3,holdout,-1,val,34,15,0,0,0.0117777777777777
full_RF_V_raw_A0_T_median_kept_seed3,full,RF,V_raw,A0,T_median_kept,0.000269,3,holdout,-1,val,17,6,1,1,0.8117538480038482
full_RF_V_raw_A0_T_median_kept_seed3,full,RF,V_raw,A0,T_median_kept,0.000269,3,holdout,-1,val,29,11,1,1,0.9099611592111594
full_RF_V_raw_A0_T_median_kept_seed3,full,RF,V_raw,A0,T_median_kept,0.000269,3,holdout,-1,val,166,41,1,1,0.5744494949494952
full_RF_V_raw_A0_T_median_kept_seed3,full,RF,V_raw,A0,T_median_kept,0.000269,3,holdout,-1,test,167,41,1,1,0.5077524050024049
full_RF_V_raw_A0_T_median_kept_seed3,full,RF,V_raw,A0,T_median_kept,0.000269,3,holdout,-1,test,131,35,0,0,0.3875700040700041
full_RF_V_raw_A0_T_median_kept_seed3,full,RF,V_raw,A0,T_median_kept,0.000269,3,holdout,-1,test,52,21,1,1,0.8891547619047621
full_RF_V_raw_A0_T_median_kept_seed3,full,RF,V_raw,A0,T_median_kept,0.000269,3,holdout,-1,test,78,28,1,1,0.8237062474562475
full_RF_V_raw_A0_T_median_kept_seed3,full,RF,V_raw,A0,T_median_kept,0.000269,3,holdout,-1,test,85,30,0,1,0.7043596866096868
full_RF_V_raw_A0_T_median_kept_seed3,full,RF,V_raw,A0,T_median_kept,0.000269,3,holdout,-1,test,11,4,0,0,0.1538279313279313
full_RF_V_raw_A0_T_median_kept_seed3,full,RF,V_raw,A0,T_median_kept,0.000269,3,holdout,-1,test,74,27,0,1,0.5134126984126985
full_RF_V_raw_A0_T_median_kept_seed3,full,RF,V_raw,A0,T_median_kept,0.000269,3,holdout,-1,test,37,16,1,1,0.7549096921596922
full_RF_V_raw_A0_T_median_kept_seed3,full,RF,V_raw,A0,T_median_kept,0.000269,3,holdout,-1,test,195,49,1,1,0.6924900192400195
full_RF_V_raw_A0_T_median_kept_seed3,full,RF,V_raw,A0,T_median_kept,0.000269,3,holdout,-1,test,133,35,0,0,0.224131192881193
full_RF_V_raw_A0_T_median_kept_seed3,full,RF,V_raw,A0,T_median_kept,0.000269,3,holdout,-1,test,49,20,0,1,0.6703871128871128
full_RF_V_raw_A0_T_median_kept_seed3,full,RF,V_raw,A0,T_median_kept,0.000269,3,holdout,-1,test,5,1,1,1,0.7643422318422317
full_RF_V_raw_A0_T_median_kept_seed3,full,RF,V_raw,A0,T_median_kept,0.000269,3,holdout,-1,test,214,54,0,0,0.0608373385873385
full_RF_V_raw_A0_T_median_kept_seed3,full,RF,V_raw,A0,T_median_kept,0.000269,3,holdout,-1,test,107,32,0,0,0.1825440115440115
full_RF_V_raw_A0_T_median_kept_seed3,full,RF,V_raw,A0,T_median_kept,0.000269,3,holdout,-1,test,95,31,1,1,0.9313092833092834
full_RF_V_raw_A0_T_median_kept_seed3,full,RF,V_raw,A0,T_median_kept,0.000269,3,holdout,-1,test,204,51,0,1,0.7847995430495429
full_RF_V_raw_A0_T_median_kept_seed3,full,RF,V_raw,A0,T_median_kept,0.000269,3,holdout,-1,test,23,11,0,0,0.2323014855514856
full_RF_V_raw_A0_T_median_kept_seed3,full,RF,V_raw,A0,T_median_kept,0.000269,3,holdout,-1,test,43,19,0,1,0.6191815314315312
full_RF_V_raw_A0_T_median_kept_seed3,full,RF,V_raw,A0,T_median_kept,0.000269,3,holdout,-1,test,212,54,1,1,0.8191076238576239
full_RF_V_raw_A0_T_median_kept_seed3,full,RF,V_raw,A0,T_median_kept,0.000269,3,holdout,-1,test,180,45,1,1,0.8511265031265027
full_RF_V_raw_A0_T_median_kept_seed3,full,RF,V_raw,A0,T_median_kept,0.000269,3,holdout,-1,test,45,19,1,0,0.3425598845598847
full_RF_V_raw_A0_T_median_kept_seed3,full,RF,V_raw,A0,T_median_kept,0.000269,3,holdout,-1,test,4,1,1,1,0.8120941558441562
full_RF_V_raw_A0_T_median_kept_seed3,full,RF,V_raw,A0,T_median_kept,0.000269,3,holdout,-1,test,46,20,0,0,0.1824674954674955
full_RF_V_raw_A0_T_median_kept_seed3,full,RF,V_raw,A0,T_median_kept,0.000269,3,holdout,-1,test,147,38,1,1,0.79425098975099
full_RF_V_raw_A0_T_median_kept_seed3,full,RF,V_raw,A0,T_median_kept,0.000269,3,holdout,-1,test,136,36,1,0,0.3144894457394457
full_RF_V_raw_A0_T_median_kept_seed3,full,RF,V_raw,A0,T_median_kept,0.000269,3,holdout,-1,test,200,50,0,0,0.4206715784215783
full_RF_V_raw_A0_T_median_kept_seed3,full,RF,V_raw,A0,T_median_kept,0.000269,3,holdout,-1,test,2,1,0,0,0.0440079365079365
full_RF_V_raw_A0_T_median_kept_seed3,full,RF,V_raw,A0,T_median_kept,0.000269,3,holdout,-1,test,75,27,0,0,0.3700340215340216
full_RF_V_raw_A0_T_median_kept_seed3,full,RF,V_raw,A0,T_median_kept,0.000269,3,holdout,-1,test,44,19,0,0,0.0808267195767195
full_RF_V_raw_A0_T_median_kept_seed3,full,RF,V_raw,A0,T_median_kept,0.000269,3,holdout,-1,test,146,38,1,1,0.8714665982165981
full_RF_V_raw_A0_T_median_kept_seed3,full,RF,V_raw,A0,T_median_kept,0.000269,3,holdout,-1,test,77,28,0,1,0.5437744107744106
full_RF_V_raw_A0_T_median_kept_seed3,full,RF,V_raw,A0,T_median_kept,0.000269,3,holdout,-1,test,211,54,1,1,0.8469434824434826
full_RF_V_raw_A0_T_median_kept_seed3,full,RF,V_raw,A0,T_median_kept,0.000269,3,holdout,-1,test,18,6,1,1,0.8117538480038482
full_LGBM_V_raw_A0_T_median_kept_seed3,full,LGBM,V_raw,A0,T_median_kept,0.000269,3,holdout,-1,val,198,49,0,0,0.1766239710485164
full_LGBM_V_raw_A0_T_median_kept_seed3,full,LGBM,V_raw,A0,T_median_kept,0.000269,3,holdout,-1,val,142,37,1,1,0.7756043308016634
full_LGBM_V_raw_A0_T_median_kept_seed3,full,LGBM,V_raw,A0,T_median_kept,0.000269,3,holdout,-1,val,181,45,0,1,0.9999862778569182
full_LGBM_V_raw_A0_T_median_kept_seed3,full,LGBM,V_raw,A0,T_median_kept,0.000269,3,holdout,-1,val,134,36,1,0,0.0015505409244131
full_LGBM_V_raw_A0_T_median_kept_seed3,full,LGBM,V_raw,A0,T_median_kept,0.000269,3,holdout,-1,val,148,38,1,1,0.999055346578707
full_LGBM_V_raw_A0_T_median_kept_seed3,full,LGBM,V_raw,A0,T_median_kept,0.000269,3,holdout,-1,val,7,1,1,1,0.9041583233393352
full_LGBM_V_raw_A0_T_median_kept_seed3,full,LGBM,V_raw,A0,T_median_kept,0.000269,3,holdout,-1,val,71,26,1,0,1.6076821692218153e-05
full_LGBM_V_raw_A0_T_median_kept_seed3,full,LGBM,V_raw,A0,T_median_kept,0.000269,3,holdout,-1,val,22,10,1,1,0.993014864888566
full_LGBM_V_raw_A0_T_median_kept_seed3,full,LGBM,V_raw,A0,T_median_kept,0.000269,3,holdout,-1,val,187,47,0,0,1.181062522443704e-05
full_LGBM_V_raw_A0_T_median_kept_seed3,full,LGBM,V_raw,A0,T_median_kept,0.000269,3,holdout,-1,val,117,32,1,1,0.9957935610562332
full_LGBM_V_raw_A0_T_median_kept_seed3,full,LGBM,V_raw,A0,T_median_kept,0.000269,3,holdout,-1,val,174,43,0,0,0.0002286604082118
full_LGBM_V_raw_A0_T_median_kept_seed3,full,LGBM,V_raw,A0,T_median_kept,0.000269,3,holdout,-1,val,155,40,1,1,0.9999995134812348
full_LGBM_V_raw_A0_T_median_kept_seed3,full,LGBM,V_raw,A0,T_median_kept,0.000269,3,holdout,-1,val,76,27,0,0,1.1395159311058704e-06
full_LGBM_V_raw_A0_T_median_kept_seed3,full,LGBM,V_raw,A0,T_median_kept,0.000269,3,holdout,-1,val,82,29,1,1,0.9149277798858332
full_LGBM_V_raw_A0_T_median_kept_seed3,full,LGBM,V_raw,A0,T_median_kept,0.000269,3,holdout,-1,val,210,54,0,0,0.499829065629952
full_LGBM_V_raw_A0_T_median_kept_seed3,full,LGBM,V_raw,A0,T_median_kept,0.000269,3,holdout,-1,val,140,36,0,0,0.0003353883294832
full_LGBM_V_raw_A0_T_median_kept_seed3,full,LGBM,V_raw,A0,T_median_kept,0.000269,3,holdout,-1,val,31,13,0,1,0.973939759922017
full_LGBM_V_raw_A0_T_median_kept_seed3,full,LGBM,V_raw,A0,T_median_kept,0.000269,3,holdout,-1,val,20,8,1,1,0.9998457284388812
full_LGBM_V_raw_A0_T_median_kept_seed3,full,LGBM,V_raw,A0,T_median_kept,0.000269,3,holdout,-1,val,135,36,1,0,0.0014167971544144
full_LGBM_V_raw_A0_T_median_kept_seed3,full,LGBM,V_raw,A0,T_median_kept,0.000269,3,holdout,-1,val,178,45,1,1,0.9993224461853828
full_LGBM_V_raw_A0_T_median_kept_seed3,full,LGBM,V_raw,A0,T_median_kept,0.000269,3,holdout,-1,val,50,20,0,0,0.002856915612879
full_LGBM_V_raw_A0_T_median_kept_seed3,full,LGBM,V_raw,A0,T_median_kept,0.000269,3,holdout,-1,val,186,47,1,0,0.0008583034397901
full_LGBM_V_raw_A0_T_median_kept_seed3,full,LGBM,V_raw,A0,T_median_kept,0.000269,3,holdout,-1,val,114,32,0,0,1.4119300932483153e-05
full_LGBM_V_raw_A0_T_median_kept_seed3,full,LGBM,V_raw,A0,T_median_kept,0.000269,3,holdout,-1,val,62,24,0,1,0.8598236657094461
full_LGBM_V_raw_A0_T_median_kept_seed3,full,LGBM,V_raw,A0,T_median_kept,0.000269,3,holdout,-1,val,55,21,0,1,0.9981393216506536
full_LGBM_V_raw_A0_T_median_kept_seed3,full,LGBM,V_raw,A0,T_median_kept,0.000269,3,holdout,-1,val,102,32,0,0,5.632701853882171e-05
full_LGBM_V_raw_A0_T_median_kept_seed3,full,LGBM,V_raw,A0,T_median_kept,0.000269,3,holdout,-1,val,86,30,1,1,0.9972841248258052
full_LGBM_V_raw_A0_T_median_kept_seed3,full,LGBM,V_raw,A0,T_median_kept,0.000269,3,holdout,-1,val,112,32,0,0,0.0024994139949525
full_LGBM_V_raw_A0_T_median_kept_seed3,full,LGBM,V_raw,A0,T_median_kept,0.000269,3,holdout,-1,val,129,35,0,0,2.103446201150819e-08
full_LGBM_V_raw_A0_T_median_kept_seed3,full,LGBM,V_raw,A0,T_median_kept,0.000269,3,holdout,-1,val,34,15,0,0,2.573927953908826e-09
full_LGBM_V_raw_A0_T_median_kept_seed3,full,LGBM,V_raw,A0,T_median_kept,0.000269,3,holdout,-1,val,17,6,1,1,0.9998861171017852
full_LGBM_V_raw_A0_T_median_kept_seed3,full,LGBM,V_raw,A0,T_median_kept,0.000269,3,holdout,-1,val,29,11,1,1,0.9985163376481972
full_LGBM_V_raw_A0_T_median_kept_seed3,full,LGBM,V_raw,A0,T_median_kept,0.000269,3,holdout,-1,val,166,41,1,1,0.663732677155601
full_LGBM_V_raw_A0_T_median_kept_seed3,full,LGBM,V_raw,A0,T_median_kept,0.000269,3,holdout,-1,test,167,41,1,1,0.6347435768590903
full_LGBM_V_raw_A0_T_median_kept_seed3,full,LGBM,V_raw,A0,T_median_kept,0.000269,3,holdout,-1,test,131,35,0,0,0.0002068674220222
full_LGBM_V_raw_A0_T_median_kept_seed3,full,LGBM,V_raw,A0,T_median_kept,0.000269,3,holdout,-1,test,52,21,1,1,0.9999463950062124
full_LGBM_V_raw_A0_T_median_kept_seed3,full,LGBM,V_raw,A0,T_median_kept,0.000269,3,holdout,-1,test,78,28,1,1,0.999996860029781
full_LGBM_V_raw_A0_T_median_kept_seed3,full,LGBM,V_raw,A0,T_median_kept,0.000269,3,holdout,-1,test,85,30,0,1,0.9803252087748502
full_LGBM_V_raw_A0_T_median_kept_seed3,full,LGBM,V_raw,A0,T_median_kept,0.000269,3,holdout,-1,test,11,4,0,0,2.0567740855947622e-06
full_LGBM_V_raw_A0_T_median_kept_seed3,full,LGBM,V_raw,A0,T_median_kept,0.000269,3,holdout,-1,test,74,27,0,0,0.0007824943535247
full_LGBM_V_raw_A0_T_median_kept_seed3,full,LGBM,V_raw,A0,T_median_kept,0.000269,3,holdout,-1,test,37,16,1,1,0.9999527623630544
full_LGBM_V_raw_A0_T_median_kept_seed3,full,LGBM,V_raw,A0,T_median_kept,0.000269,3,holdout,-1,test,195,49,1,1,0.9982727442551528
full_LGBM_V_raw_A0_T_median_kept_seed3,full,LGBM,V_raw,A0,T_median_kept,0.000269,3,holdout,-1,test,133,35,0,0,2.8890420196106975e-06
full_LGBM_V_raw_A0_T_median_kept_seed3,full,LGBM,V_raw,A0,T_median_kept,0.000269,3,holdout,-1,test,49,20,0,0,0.002856915612879
full_LGBM_V_raw_A0_T_median_kept_seed3,full,LGBM,V_raw,A0,T_median_kept,0.000269,3,holdout,-1,test,5,1,1,1,0.9999511011169058
full_LGBM_V_raw_A0_T_median_kept_seed3,full,LGBM,V_raw,A0,T_median_kept,0.000269,3,holdout,-1,test,214,54,0,0,0.000510810484424
full_LGBM_V_raw_A0_T_median_kept_seed3,full,LGBM,V_raw,A0,T_median_kept,0.000269,3,holdout,-1,test,107,32,0,0,0.0011920787907627
full_LGBM_V_raw_A0_T_median_kept_seed3,full,LGBM,V_raw,A0,T_median_kept,0.000269,3,holdout,-1,test,95,31,1,1,0.999997250678142
full_LGBM_V_raw_A0_T_median_kept_seed3,full,LGBM,V_raw,A0,T_median_kept,0.000269,3,holdout,-1,test,204,51,0,1,0.8305475617812096
full_LGBM_V_raw_A0_T_median_kept_seed3,full,LGBM,V_raw,A0,T_median_kept,0.000269,3,holdout,-1,test,23,11,0,0,1.3190563631884682e-05
full_LGBM_V_raw_A0_T_median_kept_seed3,full,LGBM,V_raw,A0,T_median_kept,0.000269,3,holdout,-1,test,43,19,0,1,0.9957734536266863
full_LGBM_V_raw_A0_T_median_kept_seed3,full,LGBM,V_raw,A0,T_median_kept,0.000269,3,holdout,-1,test,212,54,1,1,0.9996954946667992
full_LGBM_V_raw_A0_T_median_kept_seed3,full,LGBM,V_raw,A0,T_median_kept,0.000269,3,holdout,-1,test,180,45,1,1,0.9999862778569182
full_LGBM_V_raw_A0_T_median_kept_seed3,full,LGBM,V_raw,A0,T_median_kept,0.000269,3,holdout,-1,test,45,19,1,0,0.1273991601942208
full_LGBM_V_raw_A0_T_median_kept_seed3,full,LGBM,V_raw,A0,T_median_kept,0.000269,3,holdout,-1,test,4,1,1,1,0.9999982401834558
full_LGBM_V_raw_A0_T_median_kept_seed3,full,LGBM,V_raw,A0,T_median_kept,0.000269,3,holdout,-1,test,46,20,0,0,5.113486762216883e-07
full_LGBM_V_raw_A0_T_median_kept_seed3,full,LGBM,V_raw,A0,T_median_kept,0.000269,3,holdout,-1,test,147,38,1,1,0.999055346578707
full_LGBM_V_raw_A0_T_median_kept_seed3,full,LGBM,V_raw,A0,T_median_kept,0.000269,3,holdout,-1,test,136,36,1,0,0.0014167971544144
full_LGBM_V_raw_A0_T_median_kept_seed3,full,LGBM,V_raw,A0,T_median_kept,0.000269,3,holdout,-1,test,200,50,0,0,0.0081916880947016
full_LGBM_V_raw_A0_T_median_kept_seed3,full,LGBM,V_raw,A0,T_median_kept,0.000269,3,holdout,-1,test,2,1,0,0,2.481363133244014e-05
full_LGBM_V_raw_A0_T_median_kept_seed3,full,LGBM,V_raw,A0,T_median_kept,0.000269,3,holdout,-1,test,75,27,0,0,0.000473682597197
full_LGBM_V_raw_A0_T_median_kept_seed3,full,LGBM,V_raw,A0,T_median_kept,0.000269,3,holdout,-1,test,44,19,0,0,4.598948843018176e-05
full_LGBM_V_raw_A0_T_median_kept_seed3,full,LGBM,V_raw,A0,T_median_kept,0.000269,3,holdout,-1,test,146,38,1,1,0.9999791999198556
full_LGBM_V_raw_A0_T_median_kept_seed3,full,LGBM,V_raw,A0,T_median_kept,0.000269,3,holdout,-1,test,77,28,0,1,0.9302906386273952
full_LGBM_V_raw_A0_T_median_kept_seed3,full,LGBM,V_raw,A0,T_median_kept,0.000269,3,holdout,-1,test,211,54,1,1,0.9999054671290744
full_LGBM_V_raw_A0_T_median_kept_seed3,full,LGBM,V_raw,A0,T_median_kept,0.000269,3,holdout,-1,test,18,6,1,1,0.9998861171017852
full_CB_V_raw_A0_T_median_kept_seed3,full,CB,V_raw,A0,T_median_kept,0.000269,3,holdout,-1,val,198,49,0,0,0.1453267655380372
full_CB_V_raw_A0_T_median_kept_seed3,full,CB,V_raw,A0,T_median_kept,0.000269,3,holdout,-1,val,142,37,1,1,0.822351783912664
full_CB_V_raw_A0_T_median_kept_seed3,full,CB,V_raw,A0,T_median_kept,0.000269,3,holdout,-1,val,181,45,0,1,0.960759983334164
full_CB_V_raw_A0_T_median_kept_seed3,full,CB,V_raw,A0,T_median_kept,0.000269,3,holdout,-1,val,134,36,1,0,0.1228200259010271
full_CB_V_raw_A0_T_median_kept_seed3,full,CB,V_raw,A0,T_median_kept,0.000269,3,holdout,-1,val,148,38,1,1,0.9903197599498668
full_CB_V_raw_A0_T_median_kept_seed3,full,CB,V_raw,A0,T_median_kept,0.000269,3,holdout,-1,val,7,1,1,1,0.7046012894086815
full_CB_V_raw_A0_T_median_kept_seed3,full,CB,V_raw,A0,T_median_kept,0.000269,3,holdout,-1,val,71,26,1,0,0.0211060227656789
full_CB_V_raw_A0_T_median_kept_seed3,full,CB,V_raw,A0,T_median_kept,0.000269,3,holdout,-1,val,22,10,1,1,0.7375310335290731
full_CB_V_raw_A0_T_median_kept_seed3,full,CB,V_raw,A0,T_median_kept,0.000269,3,holdout,-1,val,187,47,0,0,0.0115572716328316
full_CB_V_raw_A0_T_median_kept_seed3,full,CB,V_raw,A0,T_median_kept,0.000269,3,holdout,-1,val,117,32,1,1,0.9041834903649412
full_CB_V_raw_A0_T_median_kept_seed3,full,CB,V_raw,A0,T_median_kept,0.000269,3,holdout,-1,val,174,43,0,0,0.0197561931854022
full_CB_V_raw_A0_T_median_kept_seed3,full,CB,V_raw,A0,T_median_kept,0.000269,3,holdout,-1,val,155,40,1,1,0.9965030673921664
full_CB_V_raw_A0_T_median_kept_seed3,full,CB,V_raw,A0,T_median_kept,0.000269,3,holdout,-1,val,76,27,0,0,0.0021504921641126
full_CB_V_raw_A0_T_median_kept_seed3,full,CB,V_raw,A0,T_median_kept,0.000269,3,holdout,-1,val,82,29,1,1,0.8917467763226482
full_CB_V_raw_A0_T_median_kept_seed3,full,CB,V_raw,A0,T_median_kept,0.000269,3,holdout,-1,val,210,54,0,1,0.5238860791280201
full_CB_V_raw_A0_T_median_kept_seed3,full,CB,V_raw,A0,T_median_kept,0.000269,3,holdout,-1,val,140,36,0,0,0.0018928571804806
full_CB_V_raw_A0_T_median_kept_seed3,full,CB,V_raw,A0,T_median_kept,0.000269,3,holdout,-1,val,31,13,0,1,0.9729186734500728
full_CB_V_raw_A0_T_median_kept_seed3,full,CB,V_raw,A0,T_median_kept,0.000269,3,holdout,-1,val,20,8,1,1,0.9398191377363948
full_CB_V_raw_A0_T_median_kept_seed3,full,CB,V_raw,A0,T_median_kept,0.000269,3,holdout,-1,val,135,36,1,0,0.0753334410555442
full_CB_V_raw_A0_T_median_kept_seed3,full,CB,V_raw,A0,T_median_kept,0.000269,3,holdout,-1,val,178,45,1,1,0.6834075886385942
full_CB_V_raw_A0_T_median_kept_seed3,full,CB,V_raw,A0,T_median_kept,0.000269,3,holdout,-1,val,50,20,0,0,0.231219973678033
full_CB_V_raw_A0_T_median_kept_seed3,full,CB,V_raw,A0,T_median_kept,0.000269,3,holdout,-1,val,186,47,1,0,0.1342590128333327
full_CB_V_raw_A0_T_median_kept_seed3,full,CB,V_raw,A0,T_median_kept,0.000269,3,holdout,-1,val,114,32,0,0,0.0062710083217392
full_CB_V_raw_A0_T_median_kept_seed3,full,CB,V_raw,A0,T_median_kept,0.000269,3,holdout,-1,val,62,24,0,1,0.5424339670283919
full_CB_V_raw_A0_T_median_kept_seed3,full,CB,V_raw,A0,T_median_kept,0.000269,3,holdout,-1,val,55,21,0,1,0.951818464256938
full_CB_V_raw_A0_T_median_kept_seed3,full,CB,V_raw,A0,T_median_kept,0.000269,3,holdout,-1,val,102,32,0,0,0.0099565222563988
full_CB_V_raw_A0_T_median_kept_seed3,full,CB,V_raw,A0,T_median_kept,0.000269,3,holdout,-1,val,86,30,1,0,0.3827867866966804
full_CB_V_raw_A0_T_median_kept_seed3,full,CB,V_raw,A0,T_median_kept,0.000269,3,holdout,-1,val,112,32,0,0,0.1390624660888094
full_CB_V_raw_A0_T_median_kept_seed3,full,CB,V_raw,A0,T_median_kept,0.000269,3,holdout,-1,val,129,35,0,0,0.0022762018196639
full_CB_V_raw_A0_T_median_kept_seed3,full,CB,V_raw,A0,T_median_kept,0.000269,3,holdout,-1,val,34,15,0,0,0.0007993735520564
full_CB_V_raw_A0_T_median_kept_seed3,full,CB,V_raw,A0,T_median_kept,0.000269,3,holdout,-1,val,17,6,1,1,0.9821509183301512
full_CB_V_raw_A0_T_median_kept_seed3,full,CB,V_raw,A0,T_median_kept,0.000269,3,holdout,-1,val,29,11,1,1,0.9876427766503368
full_CB_V_raw_A0_T_median_kept_seed3,full,CB,V_raw,A0,T_median_kept,0.000269,3,holdout,-1,val,166,41,1,0,0.2449820443201743
full_CB_V_raw_A0_T_median_kept_seed3,full,CB,V_raw,A0,T_median_kept,0.000269,3,holdout,-1,test,167,41,1,0,0.1445795951509006
full_CB_V_raw_A0_T_median_kept_seed3,full,CB,V_raw,A0,T_median_kept,0.000269,3,holdout,-1,test,131,35,0,0,0.0280197153268952
full_CB_V_raw_A0_T_median_kept_seed3,full,CB,V_raw,A0,T_median_kept,0.000269,3,holdout,-1,test,52,21,1,1,0.9951183106775674
full_CB_V_raw_A0_T_median_kept_seed3,full,CB,V_raw,A0,T_median_kept,0.000269,3,holdout,-1,test,78,28,1,1,0.99128287333989
full_CB_V_raw_A0_T_median_kept_seed3,full,CB,V_raw,A0,T_median_kept,0.000269,3,holdout,-1,test,85,30,0,0,0.3196071610022089
full_CB_V_raw_A0_T_median_kept_seed3,full,CB,V_raw,A0,T_median_kept,0.000269,3,holdout,-1,test,11,4,0,0,0.0095100379176916
full_CB_V_raw_A0_T_median_kept_seed3,full,CB,V_raw,A0,T_median_kept,0.000269,3,holdout,-1,test,74,27,0,0,0.0335187000938722
full_CB_V_raw_A0_T_median_kept_seed3,full,CB,V_raw,A0,T_median_kept,0.000269,3,holdout,-1,test,37,16,1,1,0.9883702235099991
full_CB_V_raw_A0_T_median_kept_seed3,full,CB,V_raw,A0,T_median_kept,0.000269,3,holdout,-1,test,195,49,1,1,0.8836202113717921
full_CB_V_raw_A0_T_median_kept_seed3,full,CB,V_raw,A0,T_median_kept,0.000269,3,holdout,-1,test,133,35,0,0,0.0033904348553857
full_CB_V_raw_A0_T_median_kept_seed3,full,CB,V_raw,A0,T_median_kept,0.000269,3,holdout,-1,test,49,20,0,0,0.211341328549067
full_CB_V_raw_A0_T_median_kept_seed3,full,CB,V_raw,A0,T_median_kept,0.000269,3,holdout,-1,test,5,1,1,1,0.9791122368925722
full_CB_V_raw_A0_T_median_kept_seed3,full,CB,V_raw,A0,T_median_kept,0.000269,3,holdout,-1,test,214,54,0,0,0.0293183604969377
full_CB_V_raw_A0_T_median_kept_seed3,full,CB,V_raw,A0,T_median_kept,0.000269,3,holdout,-1,test,107,32,0,0,0.0348708351638541
full_CB_V_raw_A0_T_median_kept_seed3,full,CB,V_raw,A0,T_median_kept,0.000269,3,holdout,-1,test,95,31,1,1,0.9951130466415116
full_CB_V_raw_A0_T_median_kept_seed3,full,CB,V_raw,A0,T_median_kept,0.000269,3,holdout,-1,test,204,51,0,1,0.797628667263876
full_CB_V_raw_A0_T_median_kept_seed3,full,CB,V_raw,A0,T_median_kept,0.000269,3,holdout,-1,test,23,11,0,0,0.0321727559199023
full_CB_V_raw_A0_T_median_kept_seed3,full,CB,V_raw,A0,T_median_kept,0.000269,3,holdout,-1,test,43,19,0,1,0.61684894383202
full_CB_V_raw_A0_T_median_kept_seed3,full,CB,V_raw,A0,T_median_kept,0.000269,3,holdout,-1,test,212,54,1,1,0.9714031514367738
full_CB_V_raw_A0_T_median_kept_seed3,full,CB,V_raw,A0,T_median_kept,0.000269,3,holdout,-1,test,180,45,1,1,0.9704532231097632
full_CB_V_raw_A0_T_median_kept_seed3,full,CB,V_raw,A0,T_median_kept,0.000269,3,holdout,-1,test,45,19,1,0,0.0545273276681258
full_CB_V_raw_A0_T_median_kept_seed3,full,CB,V_raw,A0,T_median_kept,0.000269,3,holdout,-1,test,4,1,1,1,0.9904914786581208
full_CB_V_raw_A0_T_median_kept_seed3,full,CB,V_raw,A0,T_median_kept,0.000269,3,holdout,-1,test,46,20,0,0,0.0149384931930549
full_CB_V_raw_A0_T_median_kept_seed3,full,CB,V_raw,A0,T_median_kept,0.000269,3,holdout,-1,test,147,38,1,1,0.9903197599498668
full_CB_V_raw_A0_T_median_kept_seed3,full,CB,V_raw,A0,T_median_kept,0.000269,3,holdout,-1,test,136,36,1,0,0.0711983890461096
full_CB_V_raw_A0_T_median_kept_seed3,full,CB,V_raw,A0,T_median_kept,0.000269,3,holdout,-1,test,200,50,0,0,0.0662956136636666
full_CB_V_raw_A0_T_median_kept_seed3,full,CB,V_raw,A0,T_median_kept,0.000269,3,holdout,-1,test,2,1,0,0,0.0352612039369563
full_CB_V_raw_A0_T_median_kept_seed3,full,CB,V_raw,A0,T_median_kept,0.000269,3,holdout,-1,test,75,27,0,0,0.0316721851258521
full_CB_V_raw_A0_T_median_kept_seed3,full,CB,V_raw,A0,T_median_kept,0.000269,3,holdout,-1,test,44,19,0,0,0.0240826069693068
full_CB_V_raw_A0_T_median_kept_seed3,full,CB,V_raw,A0,T_median_kept,0.000269,3,holdout,-1,test,146,38,1,1,0.9914724191134492
full_CB_V_raw_A0_T_median_kept_seed3,full,CB,V_raw,A0,T_median_kept,0.000269,3,holdout,-1,test,77,28,0,1,0.5741169839139032
full_CB_V_raw_A0_T_median_kept_seed3,full,CB,V_raw,A0,T_median_kept,0.000269,3,holdout,-1,test,211,54,1,1,0.9738204873303956
full_CB_V_raw_A0_T_median_kept_seed3,full,CB,V_raw,A0,T_median_kept,0.000269,3,holdout,-1,test,18,6,1,1,0.9821509183301512
full_DT_V_raw_A0_T_median_kept_seed4,full,DT,V_raw,A0,T_median_kept,0.000269,4,holdout,-1,val,127,34,1,1,0.8
full_DT_V_raw_A0_T_median_kept_seed4,full,DT,V_raw,A0,T_median_kept,0.000269,4,holdout,-1,val,32,14,1,0,0.2
full_DT_V_raw_A0_T_median_kept_seed4,full,DT,V_raw,A0,T_median_kept,0.000269,4,holdout,-1,val,171,43,0,0,0.0
full_DT_V_raw_A0_T_median_kept_seed4,full,DT,V_raw,A0,T_median_kept,0.000269,4,holdout,-1,val,214,54,0,0,0.0
full_DT_V_raw_A0_T_median_kept_seed4,full,DT,V_raw,A0,T_median_kept,0.000269,4,holdout,-1,val,95,31,1,1,1.0
full_DT_V_raw_A0_T_median_kept_seed4,full,DT,V_raw,A0,T_median_kept,0.000269,4,holdout,-1,val,35,16,1,1,1.0
full_DT_V_raw_A0_T_median_kept_seed4,full,DT,V_raw,A0,T_median_kept,0.000269,4,holdout,-1,val,211,54,1,1,1.0
full_DT_V_raw_A0_T_median_kept_seed4,full,DT,V_raw,A0,T_median_kept,0.000269,4,holdout,-1,val,138,36,0,1,0.6
full_DT_V_raw_A0_T_median_kept_seed4,full,DT,V_raw,A0,T_median_kept,0.000269,4,holdout,-1,val,53,21,1,1,1.0
full_DT_V_raw_A0_T_median_kept_seed4,full,DT,V_raw,A0,T_median_kept,0.000269,4,holdout,-1,val,167,41,1,1,0.6666666666666666
full_DT_V_raw_A0_T_median_kept_seed4,full,DT,V_raw,A0,T_median_kept,0.000269,4,holdout,-1,val,200,50,0,1,1.0
full_DT_V_raw_A0_T_median_kept_seed4,full,DT,V_raw,A0,T_median_kept,0.000269,4,holdout,-1,val,27,11,1,1,1.0
full_DT_V_raw_A0_T_median_kept_seed4,full,DT,V_raw,A0,T_median_kept,0.000269,4,holdout,-1,val,61,24,0,0,0.2
full_DT_V_raw_A0_T_median_kept_seed4,full,DT,V_raw,A0,T_median_kept,0.000269,4,holdout,-1,val,11,4,0,0,0.0
full_DT_V_raw_A0_T_median_kept_seed4,full,DT,V_raw,A0,T_median_kept,0.000269,4,holdout,-1,val,140,36,0,0,0.25
full_DT_V_raw_A0_T_median_kept_seed4,full,DT,V_raw,A0,T_median_kept,0.000269,4,holdout,-1,val,135,36,1,1,0.6
full_DT_V_raw_A0_T_median_kept_seed4,full,DT,V_raw,A0,T_median_kept,0.000269,4,holdout,-1,val,126,34,1,1,0.8
full_DT_V_raw_A0_T_median_kept_seed4,full,DT,V_raw,A0,T_median_kept,0.000269,4,holdout,-1,val,145,37,1,1,0.6666666666666666
full_DT_V_raw_A0_T_median_kept_seed4,full,DT,V_raw,A0,T_median_kept,0.000269,4,holdout,-1,val,64,24,1,0,0.0
full_DT_V_raw_A0_T_median_kept_seed4,full,DT,V_raw,A0,T_median_kept,0.000269,4,holdout,-1,val,26,11,1,1,1.0
full_DT_V_raw_A0_T_median_kept_seed4,full,DT,V_raw,A0,T_median_kept,0.000269,4,holdout,-1,val,144,37,1,1,0.6666666666666666
full_DT_V_raw_A0_T_median_kept_seed4,full,DT,V_raw,A0,T_median_kept,0.000269,4,holdout,-1,val,60,22,0,0,0.0
full_DT_V_raw_A0_T_median_kept_seed4,full,DT,V_raw,A0,T_median_kept,0.000269,4,holdout,-1,val,63,24,1,0,0.2
full_DT_V_raw_A0_T_median_kept_seed4,full,DT,V_raw,A0,T_median_kept,0.000269,4,holdout,-1,val,2,1,0,0,0.0
full_DT_V_raw_A0_T_median_kept_seed4,full,DT,V_raw,A0,T_median_kept,0.000269,4,holdout,-1,val,133,35,0,0,0.0
full_DT_V_raw_A0_T_median_kept_seed4,full,DT,V_raw,A0,T_median_kept,0.000269,4,holdout,-1,val,168,41,0,0,0.2
full_DT_V_raw_A0_T_median_kept_seed4,full,DT,V_raw,A0,T_median_kept,0.000269,4,holdout,-1,val,66,25,0,0,0.2
full_DT_V_raw_A0_T_median_kept_seed4,full,DT,V_raw,A0,T_median_kept,0.000269,4,holdout,-1,val,84,30,0,1,1.0
full_DT_V_raw_A0_T_median_kept_seed4,full,DT,V_raw,A0,T_median_kept,0.000269,4,holdout,-1,val,41,18,1,0,0.0
full_DT_V_raw_A0_T_median_kept_seed4,full,DT,V_raw,A0,T_median_kept,0.000269,4,holdout,-1,val,156,40,1,1,1.0
full_DT_V_raw_A0_T_median_kept_seed4,full,DT,V_raw,A0,T_median_kept,0.000269,4,holdout,-1,val,183,47,0,0,0.0
full_DT_V_raw_A0_T_median_kept_seed4,full,DT,V_raw,A0,T_median_kept,0.000269,4,holdout,-1,val,34,15,0,0,0.0
full_DT_V_raw_A0_T_median_kept_seed4,full,DT,V_raw,A0,T_median_kept,0.000269,4,holdout,-1,val,172,43,0,0,0.5
full_DT_V_raw_A0_T_median_kept_seed4,full,DT,V_raw,A0,T_median_kept,0.000269,4,holdout,-1,test,109,32,0,0,0.0
full_DT_V_raw_A0_T_median_kept_seed4,full,DT,V_raw,A0,T_median_kept,0.000269,4,holdout,-1,test,71,26,1,0,0.2
full_DT_V_raw_A0_T_median_kept_seed4,full,DT,V_raw,A0,T_median_kept,0.000269,4,holdout,-1,test,108,32,0,0,0.25
full_DT_V_raw_A0_T_median_kept_seed4,full,DT,V_raw,A0,T_median_kept,0.000269,4,holdout,-1,test,98,31,1,1,1.0
full_DT_V_raw_A0_T_median_kept_seed4,full,DT,V_raw,A0,T_median_kept,0.000269,4,holdout,-1,test,143,37,1,1,0.6666666666666666
full_DT_V_raw_A0_T_median_kept_seed4,full,DT,V_raw,A0,T_median_kept,0.000269,4,holdout,-1,test,131,35,0,0,0.0
full_DT_V_raw_A0_T_median_kept_seed4,full,DT,V_raw,A0,T_median_kept,0.000269,4,holdout,-1,test,72,26,0,0,0.2
full_DT_V_raw_A0_T_median_kept_seed4,full,DT,V_raw,A0,T_median_kept,0.000269,4,holdout,-1,test,165,41,1,1,0.6666666666666666
full_DT_V_raw_A0_T_median_kept_seed4,full,DT,V_raw,A0,T_median_kept,0.000269,4,holdout,-1,test,201,50,0,1,1.0
full_DT_V_raw_A0_T_median_kept_seed4,full,DT,V_raw,A0,T_median_kept,0.000269,4,holdout,-1,test,206,53,0,1,1.0
full_DT_V_raw_A0_T_median_kept_seed4,full,DT,V_raw,A0,T_median_kept,0.000269,4,holdout,-1,test,106,32,0,1,0.6666666666666666
full_DT_V_raw_A0_T_median_kept_seed4,full,DT,V_raw,A0,T_median_kept,0.000269,4,holdout,-1,test,101,32,0,0,0.0
full_DT_V_raw_A0_T_median_kept_seed4,full,DT,V_raw,A0,T_median_kept,0.000269,4,holdout,-1,test,174,43,0,0,0.5
full_DT_V_raw_A0_T_median_kept_seed4,full,DT,V_raw,A0,T_median_kept,0.000269,4,holdout,-1,test,215,54,0,0,0.0
full_DT_V_raw_A0_T_median_kept_seed4,full,DT,V_raw,A0,T_median_kept,0.000269,4,holdout,-1,test,147,38,1,1,1.0
full_DT_V_raw_A0_T_median_kept_seed4,full,DT,V_raw,A0,T_median_kept,0.000269,4,holdout,-1,test,226,55,1,1,1.0
full_DT_V_raw_A0_T_median_kept_seed4,full,DT,V_raw,A0,T_median_kept,0.000269,4,holdout,-1,test,85,30,0,1,1.0
full_DT_V_raw_A0_T_median_kept_seed4,full,DT,V_raw,A0,T_median_kept,0.000269,4,holdout,-1,test,21,9,0,0,0.0
full_DT_V_raw_A0_T_median_kept_seed4,full,DT,V_raw,A0,T_median_kept,0.000269,4,holdout,-1,test,81,28,1,1,0.8
full_DT_V_raw_A0_T_median_kept_seed4,full,DT,V_raw,A0,T_median_kept,0.000269,4,holdout,-1,test,118,32,1,0,0.25
full_DT_V_raw_A0_T_median_kept_seed4,full,DT,V_raw,A0,T_median_kept,0.000269,4,holdout,-1,test,125,34,1,1,1.0
full_DT_V_raw_A0_T_median_kept_seed4,full,DT,V_raw,A0,T_median_kept,0.000269,4,holdout,-1,test,90,31,0,0,0.0
full_DT_V_raw_A0_T_median_kept_seed4,full,DT,V_raw,A0,T_median_kept,0.000269,4,holdout,-1,test,128,34,0,0,0.0
full_DT_V_raw_A0_T_median_kept_seed4,full,DT,V_raw,A0,T_median_kept,0.000269,4,holdout,-1,test,205,51,1,0,0.0
full_DT_V_raw_A0_T_median_kept_seed4,full,DT,V_raw,A0,T_median_kept,0.000269,4,holdout,-1,test,210,54,0,1,0.6
full_DT_V_raw_A0_T_median_kept_seed4,full,DT,V_raw,A0,T_median_kept,0.000269,4,holdout,-1,test,9,3,0,0,0.0
full_DT_V_raw_A0_T_median_kept_seed4,full,DT,V_raw,A0,T_median_kept,0.000269,4,holdout,-1,test,221,54,0,0,0.0
full_DT_V_raw_A0_T_median_kept_seed4,full,DT,V_raw,A0,T_median_kept,0.000269,4,holdout,-1,test,148,38,1,1,1.0
full_DT_V_raw_A0_T_median_kept_seed4,full,DT,V_raw,A0,T_median_kept,0.000269,4,holdout,-1,test,18,6,1,1,1.0
full_DT_V_raw_A0_T_median_kept_seed4,full,DT,V_raw,A0,T_median_kept,0.000269,4,holdout,-1,test,224,54,1,1,1.0
full_DT_V_raw_A0_T_median_kept_seed4,full,DT,V_raw,A0,T_median_kept,0.000269,4,holdout,-1,test,218,54,1,1,1.0
full_DT_V_raw_A0_T_median_kept_seed4,full,DT,V_raw,A0,T_median_kept,0.000269,4,holdout,-1,test,94,31,1,1,1.0
full_DT_V_raw_A0_T_median_kept_seed4,full,DT,V_raw,A0,T_median_kept,0.000269,4,holdout,-1,test,180,45,1,1,0.6
full_RF_V_raw_A0_T_median_kept_seed4,full,RF,V_raw,A0,T_median_kept,0.000269,4,holdout,-1,val,127,34,1,1,0.6870872049683864
full_RF_V_raw_A0_T_median_kept_seed4,full,RF,V_raw,A0,T_median_kept,0.000269,4,holdout,-1,val,32,14,1,0,0.3076764324603843
full_RF_V_raw_A0_T_median_kept_seed4,full,RF,V_raw,A0,T_median_kept,0.000269,4,holdout,-1,val,171,43,0,0,0.0360965440426391
full_RF_V_raw_A0_T_median_kept_seed4,full,RF,V_raw,A0,T_median_kept,0.000269,4,holdout,-1,val,214,54,0,0,0.2897612859749803
full_RF_V_raw_A0_T_median_kept_seed4,full,RF,V_raw,A0,T_median_kept,0.000269,4,holdout,-1,val,95,31,1,1,0.830645855950679
full_RF_V_raw_A0_T_median_kept_seed4,full,RF,V_raw,A0,T_median_kept,0.000269,4,holdout,-1,val,35,16,1,1,0.7602081150770063
full_RF_V_raw_A0_T_median_kept_seed4,full,RF,V_raw,A0,T_median_kept,0.000269,4,holdout,-1,val,211,54,1,1,0.8134719140054167
full_RF_V_raw_A0_T_median_kept_seed4,full,RF,V_raw,A0,T_median_kept,0.000269,4,holdout,-1,val,138,36,0,1,0.5031395272125834
full_RF_V_raw_A0_T_median_kept_seed4,full,RF,V_raw,A0,T_median_kept,0.000269,4,holdout,-1,val,53,21,1,1,0.7932148919459666
full_RF_V_raw_A0_T_median_kept_seed4,full,RF,V_raw,A0,T_median_kept,0.000269,4,holdout,-1,val,167,41,1,1,0.6165545087964446
full_RF_V_raw_A0_T_median_kept_seed4,full,RF,V_raw,A0,T_median_kept,0.000269,4,holdout,-1,val,200,50,0,1,0.6927476053594159
full_RF_V_raw_A0_T_median_kept_seed4,full,RF,V_raw,A0,T_median_kept,0.000269,4,holdout,-1,val,27,11,1,1,0.7789043275468922
full_RF_V_raw_A0_T_median_kept_seed4,full,RF,V_raw,A0,T_median_kept,0.000269,4,holdout,-1,val,61,24,0,0,0.1454739126593958
full_RF_V_raw_A0_T_median_kept_seed4,full,RF,V_raw,A0,T_median_kept,0.000269,4,holdout,-1,val,11,4,0,0,0.1526391922471579
full_RF_V_raw_A0_T_median_kept_seed4,full,RF,V_raw,A0,T_median_kept,0.000269,4,holdout,-1,val,140,36,0,0,0.2126103760987839
full_RF_V_raw_A0_T_median_kept_seed4,full,RF,V_raw,A0,T_median_kept,0.000269,4,holdout,-1,val,135,36,1,1,0.7247271639245191
full_RF_V_raw_A0_T_median_kept_seed4,full,RF,V_raw,A0,T_median_kept,0.000269,4,holdout,-1,val,126,34,1,1,0.8282653226274885
full_RF_V_raw_A0_T_median_kept_seed4,full,RF,V_raw,A0,T_median_kept,0.000269,4,holdout,-1,val,145,37,1,1,0.5322944335644105
full_RF_V_raw_A0_T_median_kept_seed4,full,RF,V_raw,A0,T_median_kept,0.000269,4,holdout,-1,val,64,24,1,1,0.5157249506845482
full_RF_V_raw_A0_T_median_kept_seed4,full,RF,V_raw,A0,T_median_kept,0.000269,4,holdout,-1,val,26,11,1,1,0.7813052450297246
full_RF_V_raw_A0_T_median_kept_seed4,full,RF,V_raw,A0,T_median_kept,0.000269,4,holdout,-1,val,144,37,1,1,0.5711291838675376
full_RF_V_raw_A0_T_median_kept_seed4,full,RF,V_raw,A0,T_median_kept,0.000269,4,holdout,-1,val,60,22,0,0,0.1607116277056918
full_RF_V_raw_A0_T_median_kept_seed4,full,RF,V_raw,A0,T_median_kept,0.000269,4,holdout,-1,val,63,24,1,0,0.1146482968092926
full_RF_V_raw_A0_T_median_kept_seed4,full,RF,V_raw,A0,T_median_kept,0.000269,4,holdout,-1,val,2,1,0,0,0.0687015191026841
full_RF_V_raw_A0_T_median_kept_seed4,full,RF,V_raw,A0,T_median_kept,0.000269,4,holdout,-1,val,133,35,0,0,0.0812756223618217
full_RF_V_raw_A0_T_median_kept_seed4,full,RF,V_raw,A0,T_median_kept,0.000269,4,holdout,-1,val,168,41,0,1,0.5023405724039669
full_RF_V_raw_A0_T_median_kept_seed4,full,RF,V_raw,A0,T_median_kept,0.000269,4,holdout,-1,val,66,25,0,1,0.5670743044926226
full_RF_V_raw_A0_T_median_kept_seed4,full,RF,V_raw,A0,T_median_kept,0.000269,4,holdout,-1,val,84,30,0,1,0.8352007932444665
full_RF_V_raw_A0_T_median_kept_seed4,full,RF,V_raw,A0,T_median_kept,0.000269,4,holdout,-1,val,41,18,1,0,0.478059911765387
full_RF_V_raw_A0_T_median_kept_seed4,full,RF,V_raw,A0,T_median_kept,0.000269,4,holdout,-1,val,156,40,1,1,0.9201700106401532
full_RF_V_raw_A0_T_median_kept_seed4,full,RF,V_raw,A0,T_median_kept,0.000269,4,holdout,-1,val,183,47,0,0,0.2019423354253312
full_RF_V_raw_A0_T_median_kept_seed4,full,RF,V_raw,A0,T_median_kept,0.000269,4,holdout,-1,val,34,15,0,0,0.0140163198725234
full_RF_V_raw_A0_T_median_kept_seed4,full,RF,V_raw,A0,T_median_kept,0.000269,4,holdout,-1,val,172,43,0,0,0.3882014630470776
full_RF_V_raw_A0_T_median_kept_seed4,full,RF,V_raw,A0,T_median_kept,0.000269,4,holdout,-1,test,109,32,0,0,0.0032474997214437
full_RF_V_raw_A0_T_median_kept_seed4,full,RF,V_raw,A0,T_median_kept,0.000269,4,holdout,-1,test,71,26,1,1,0.5165020541505889
full_RF_V_raw_A0_T_median_kept_seed4,full,RF,V_raw,A0,T_median_kept,0.000269,4,holdout,-1,test,108,32,0,0,0.1527941956542342
full_RF_V_raw_A0_T_median_kept_seed4,full,RF,V_raw,A0,T_median_kept,0.000269,4,holdout,-1,test,98,31,1,1,0.8385555449765896
full_RF_V_raw_A0_T_median_kept_seed4,full,RF,V_raw,A0,T_median_kept,0.000269,4,holdout,-1,test,143,37,1,1,0.6454163265336109
full_RF_V_raw_A0_T_median_kept_seed4,full,RF,V_raw,A0,T_median_kept,0.000269,4,holdout,-1,test,131,35,0,0,0.4014890453259694
full_RF_V_raw_A0_T_median_kept_seed4,full,RF,V_raw,A0,T_median_kept,0.000269,4,holdout,-1,test,72,26,0,0,0.411213120359217
full_RF_V_raw_A0_T_median_kept_seed4,full,RF,V_raw,A0,T_median_kept,0.000269,4,holdout,-1,test,165,41,1,1,0.7552499514274218
full_RF_V_raw_A0_T_median_kept_seed4,full,RF,V_raw,A0,T_median_kept,0.000269,4,holdout,-1,test,201,50,0,1,0.5438401731152237
full_RF_V_raw_A0_T_median_kept_seed4,full,RF,V_raw,A0,T_median_kept,0.000269,4,holdout,-1,test,206,53,0,1,0.6344941796540938
full_RF_V_raw_A0_T_median_kept_seed4,full,RF,V_raw,A0,T_median_kept,0.000269,4,holdout,-1,test,106,32,0,0,0.3415456945004521
full_RF_V_raw_A0_T_median_kept_seed4,full,RF,V_raw,A0,T_median_kept,0.000269,4,holdout,-1,test,101,32,0,0,0.2059352464975892
full_RF_V_raw_A0_T_median_kept_seed4,full,RF,V_raw,A0,T_median_kept,0.000269,4,holdout,-1,test,174,43,0,0,0.4014180830284035
full_RF_V_raw_A0_T_median_kept_seed4,full,RF,V_raw,A0,T_median_kept,0.000269,4,holdout,-1,test,215,54,0,0,0.3297084255768522
full_RF_V_raw_A0_T_median_kept_seed4,full,RF,V_raw,A0,T_median_kept,0.000269,4,holdout,-1,test,147,38,1,1,0.8711175324906438
full_RF_V_raw_A0_T_median_kept_seed4,full,RF,V_raw,A0,T_median_kept,0.000269,4,holdout,-1,test,226,55,1,1,0.8925226169424813
full_RF_V_raw_A0_T_median_kept_seed4,full,RF,V_raw,A0,T_median_kept,0.000269,4,holdout,-1,test,85,30,0,1,0.8532188462943006
full_RF_V_raw_A0_T_median_kept_seed4,full,RF,V_raw,A0,T_median_kept,0.000269,4,holdout,-1,test,21,9,0,0,0.1331872862534948
full_RF_V_raw_A0_T_median_kept_seed4,full,RF,V_raw,A0,T_median_kept,0.000269,4,holdout,-1,test,81,28,1,1,0.8514290120025741
full_RF_V_raw_A0_T_median_kept_seed4,full,RF,V_raw,A0,T_median_kept,0.000269,4,holdout,-1,test,118,32,1,0,0.2255497483408305
full_RF_V_raw_A0_T_median_kept_seed4,full,RF,V_raw,A0,T_median_kept,0.000269,4,holdout,-1,test,125,34,1,1,0.8080273681149878
full_RF_V_raw_A0_T_median_kept_seed4,full,RF,V_raw,A0,T_median_kept,0.000269,4,holdout,-1,test,90,31,0,0,0.190337105877659
full_RF_V_raw_A0_T_median_kept_seed4,full,RF,V_raw,A0,T_median_kept,0.000269,4,holdout,-1,test,128,34,0,0,0.2928147344495724
full_RF_V_raw_A0_T_median_kept_seed4,full,RF,V_raw,A0,T_median_kept,0.000269,4,holdout,-1,test,205,51,1,0,0.094179974559713
full_RF_V_raw_A0_T_median_kept_seed4,full,RF,V_raw,A0,T_median_kept,0.000269,4,holdout,-1,test,210,54,0,1,0.6928830197931558
full_RF_V_raw_A0_T_median_kept_seed4,full,RF,V_raw,A0,T_median_kept,0.000269,4,holdout,-1,test,9,3,0,0,0.022369556980776
full_RF_V_raw_A0_T_median_kept_seed4,full,RF,V_raw,A0,T_median_kept,0.000269,4,holdout,-1,test,221,54,0,0,0.3297084255768522
full_RF_V_raw_A0_T_median_kept_seed4,full,RF,V_raw,A0,T_median_kept,0.000269,4,holdout,-1,test,148,38,1,1,0.8711175324906438
full_RF_V_raw_A0_T_median_kept_seed4,full,RF,V_raw,A0,T_median_kept,0.000269,4,holdout,-1,test,18,6,1,1,0.8667714279413252
full_RF_V_raw_A0_T_median_kept_seed4,full,RF,V_raw,A0,T_median_kept,0.000269,4,holdout,-1,test,224,54,1,1,0.826242706327493
full_RF_V_raw_A0_T_median_kept_seed4,full,RF,V_raw,A0,T_median_kept,0.000269,4,holdout,-1,test,218,54,1,1,0.826242706327493
full_RF_V_raw_A0_T_median_kept_seed4,full,RF,V_raw,A0,T_median_kept,0.000269,4,holdout,-1,test,94,31,1,1,0.8342372496239876
full_RF_V_raw_A0_T_median_kept_seed4,full,RF,V_raw,A0,T_median_kept,0.000269,4,holdout,-1,test,180,45,1,1,0.6801782038240486
full_LGBM_V_raw_A0_T_median_kept_seed4,full,LGBM,V_raw,A0,T_median_kept,0.000269,4,holdout,-1,val,127,34,1,1,0.9288198028790716
full_LGBM_V_raw_A0_T_median_kept_seed4,full,LGBM,V_raw,A0,T_median_kept,0.000269,4,holdout,-1,val,32,14,1,0,0.0383194137978137
full_LGBM_V_raw_A0_T_median_kept_seed4,full,LGBM,V_raw,A0,T_median_kept,0.000269,4,holdout,-1,val,171,43,0,0,0.0003475984646657
full_LGBM_V_raw_A0_T_median_kept_seed4,full,LGBM,V_raw,A0,T_median_kept,0.000269,4,holdout,-1,val,214,54,0,0,0.0082455767321757
full_LGBM_V_raw_A0_T_median_kept_seed4,full,LGBM,V_raw,A0,T_median_kept,0.000269,4,holdout,-1,val,95,31,1,1,0.996538842945952
full_LGBM_V_raw_A0_T_median_kept_seed4,full,LGBM,V_raw,A0,T_median_kept,0.000269,4,holdout,-1,val,35,16,1,1,0.9967474283713776
full_LGBM_V_raw_A0_T_median_kept_seed4,full,LGBM,V_raw,A0,T_median_kept,0.000269,4,holdout,-1,val,211,54,1,1,0.990248162583074
full_LGBM_V_raw_A0_T_median_kept_seed4,full,LGBM,V_raw,A0,T_median_kept,0.000269,4,holdout,-1,val,138,36,0,0,0.1491507565520059
full_LGBM_V_raw_A0_T_median_kept_seed4,full,LGBM,V_raw,A0,T_median_kept,0.000269,4,holdout,-1,val,53,21,1,1,0.9948718071185396
full_LGBM_V_raw_A0_T_median_kept_seed4,full,LGBM,V_raw,A0,T_median_kept,0.000269,4,holdout,-1,val,167,41,1,1,0.598067381102056
full_LGBM_V_raw_A0_T_median_kept_seed4,full,LGBM,V_raw,A0,T_median_kept,0.000269,4,holdout,-1,val,200,50,0,0,0.0822846096615799
full_LGBM_V_raw_A0_T_median_kept_seed4,full,LGBM,V_raw,A0,T_median_kept,0.000269,4,holdout,-1,val,27,11,1,1,0.9793210370585604
full_LGBM_V_raw_A0_T_median_kept_seed4,full,LGBM,V_raw,A0,T_median_kept,0.000269,4,holdout,-1,val,61,24,0,0,0.013799822907685
full_LGBM_V_raw_A0_T_median_kept_seed4,full,LGBM,V_raw,A0,T_median_kept,0.000269,4,holdout,-1,val,11,4,0,0,0.0014820529271325
full_LGBM_V_raw_A0_T_median_kept_seed4,full,LGBM,V_raw,A0,T_median_kept,0.000269,4,holdout,-1,val,140,36,0,0,0.0013977282514043
full_LGBM_V_raw_A0_T_median_kept_seed4,full,LGBM,V_raw,A0,T_median_kept,0.000269,4,holdout,-1,val,135,36,1,1,0.944546172561813
full_LGBM_V_raw_A0_T_median_kept_seed4,full,LGBM,V_raw,A0,T_median_kept,0.000269,4,holdout,-1,val,126,34,1,1,0.970894528368386
full_LGBM_V_raw_A0_T_median_kept_seed4,full,LGBM,V_raw,A0,T_median_kept,0.000269,4,holdout,-1,val,145,37,1,0,0.2722290543302713
full_LGBM_V_raw_A0_T_median_kept_seed4,full,LGBM,V_raw,A0,T_median_kept,0.000269,4,holdout,-1,val,64,24,1,0,0.136624655643053
full_LGBM_V_raw_A0_T_median_kept_seed4,full,LGBM,V_raw,A0,T_median_kept,0.000269,4,holdout,-1,val,26,11,1,1,0.9855638873050668
full_LGBM_V_raw_A0_T_median_kept_seed4,full,LGBM,V_raw,A0,T_median_kept,0.000269,4,holdout,-1,val,144,37,1,0,0.2722290543302713
full_LGBM_V_raw_A0_T_median_kept_seed4,full,LGBM,V_raw,A0,T_median_kept,0.000269,4,holdout,-1,val,60,22,0,0,0.0057986950688003
full_LGBM_V_raw_A0_T_median_kept_seed4,full,LGBM,V_raw,A0,T_median_kept,0.000269,4,holdout,-1,val,63,24,1,0,0.0086704712156584
full_LGBM_V_raw_A0_T_median_kept_seed4,full,LGBM,V_raw,A0,T_median_kept,0.000269,4,holdout,-1,val,2,1,0,0,0.0170324931105882
full_LGBM_V_raw_A0_T_median_kept_seed4,full,LGBM,V_raw,A0,T_median_kept,0.000269,4,holdout,-1,val,133,35,0,0,0.0002869470145675
full_LGBM_V_raw_A0_T_median_kept_seed4,full,LGBM,V_raw,A0,T_median_kept,0.000269,4,holdout,-1,val,168,41,0,0,0.1574200055107084
full_LGBM_V_raw_A0_T_median_kept_seed4,full,LGBM,V_raw,A0,T_median_kept,0.000269,4,holdout,-1,val,66,25,0,1,0.6407218005642539
full_LGBM_V_raw_A0_T_median_kept_seed4,full,LGBM,V_raw,A0,T_median_kept,0.000269,4,holdout,-1,val,84,30,0,1,0.967011512225952
full_LGBM_V_raw_A0_T_median_kept_seed4,full,LGBM,V_raw,A0,T_median_kept,0.000269,4,holdout,-1,val,41,18,1,0,0.0186545680226678
full_LGBM_V_raw_A0_T_median_kept_seed4,full,LGBM,V_raw,A0,T_median_kept,0.000269,4,holdout,-1,val,156,40,1,1,0.9990608547233542
full_LGBM_V_raw_A0_T_median_kept_seed4,full,LGBM,V_raw,A0,T_median_kept,0.000269,4,holdout,-1,val,183,47,0,0,0.0029005740110566
full_LGBM_V_raw_A0_T_median_kept_seed4,full,LGBM,V_raw,A0,T_median_kept,0.000269,4,holdout,-1,val,34,15,0,0,1.8376081646164613e-05
full_LGBM_V_raw_A0_T_median_kept_seed4,full,LGBM,V_raw,A0,T_median_kept,0.000269,4,holdout,-1,val,172,43,0,0,0.0314673874966561
full_LGBM_V_raw_A0_T_median_kept_seed4,full,LGBM,V_raw,A0,T_median_kept,0.000269,4,holdout,-1,test,109,32,0,0,5.707192727193557e-06
full_LGBM_V_raw_A0_T_median_kept_seed4,full,LGBM,V_raw,A0,T_median_kept,0.000269,4,holdout,-1,test,71,26,1,0,0.0074092146886497
full_LGBM_V_raw_A0_T_median_kept_seed4,full,LGBM,V_raw,A0,T_median_kept,0.000269,4,holdout,-1,test,108,32,0,0,0.0170210027802671
full_LGBM_V_raw_A0_T_median_kept_seed4,full,LGBM,V_raw,A0,T_median_kept,0.000269,4,holdout,-1,test,98,31,1,1,0.9992726754858432
full_LGBM_V_raw_A0_T_median_kept_seed4,full,LGBM,V_raw,A0,T_median_kept,0.000269,4,holdout,-1,test,143,37,1,1,0.7629206860017984
full_LGBM_V_raw_A0_T_median_kept_seed4,full,LGBM,V_raw,A0,T_median_kept,0.000269,4,holdout,-1,test,131,35,0,0,0.0160022010545553
full_LGBM_V_raw_A0_T_median_kept_seed4,full,LGBM,V_raw,A0,T_median_kept,0.000269,4,holdout,-1,test,72,26,0,0,0.0010874793535029
full_LGBM_V_raw_A0_T_median_kept_seed4,full,LGBM,V_raw,A0,T_median_kept,0.000269,4,holdout,-1,test,165,41,1,1,0.9779631655858088
full_LGBM_V_raw_A0_T_median_kept_seed4,full,LGBM,V_raw,A0,T_median_kept,0.000269,4,holdout,-1,test,201,50,0,0,0.0996754367855934
full_LGBM_V_raw_A0_T_median_kept_seed4,full,LGBM,V_raw,A0,T_median_kept,0.000269,4,holdout,-1,test,206,53,0,0,0.0048832256412688
full_LGBM_V_raw_A0_T_median_kept_seed4,full,LGBM,V_raw,A0,T_median_kept,0.000269,4,holdout,-1,test,106,32,0,0,0.111713021866916
full_LGBM_V_raw_A0_T_median_kept_seed4,full,LGBM,V_raw,A0,T_median_kept,0.000269,4,holdout,-1,test,101,32,0,0,0.0034900678341275
full_LGBM_V_raw_A0_T_median_kept_seed4,full,LGBM,V_raw,A0,T_median_kept,0.000269,4,holdout,-1,test,174,43,0,0,0.0314673874966561
full_LGBM_V_raw_A0_T_median_kept_seed4,full,LGBM,V_raw,A0,T_median_kept,0.000269,4,holdout,-1,test,215,54,0,0,0.0166507366713569
full_LGBM_V_raw_A0_T_median_kept_seed4,full,LGBM,V_raw,A0,T_median_kept,0.000269,4,holdout,-1,test,147,38,1,1,0.9816924060127672
full_LGBM_V_raw_A0_T_median_kept_seed4,full,LGBM,V_raw,A0,T_median_kept,0.000269,4,holdout,-1,test,226,55,1,1,0.9958534731034858
full_LGBM_V_raw_A0_T_median_kept_seed4,full,LGBM,V_raw,A0,T_median_kept,0.000269,4,holdout,-1,test,85,30,0,1,0.986368346647514
full_LGBM_V_raw_A0_T_median_kept_seed4,full,LGBM,V_raw,A0,T_median_kept,0.000269,4,holdout,-1,test,21,9,0,0,0.0184375668218314
full_LGBM_V_raw_A0_T_median_kept_seed4,full,LGBM,V_raw,A0,T_median_kept,0.000269,4,holdout,-1,test,81,28,1,1,0.9951580779335576
full_LGBM_V_raw_A0_T_median_kept_seed4,full,LGBM,V_raw,A0,T_median_kept,0.000269,4,holdout,-1,test,118,32,1,0,0.0364924964273597
full_LGBM_V_raw_A0_T_median_kept_seed4,full,LGBM,V_raw,A0,T_median_kept,0.000269,4,holdout,-1,test,125,34,1,1,0.7620193333903993
full_LGBM_V_raw_A0_T_median_kept_seed4,full,LGBM,V_raw,A0,T_median_kept,0.000269,4,holdout,-1,test,90,31,0,0,0.0100695817313423
full_LGBM_V_raw_A0_T_median_kept_seed4,full,LGBM,V_raw,A0,T_median_kept,0.000269,4,holdout,-1,test,128,34,0,0,0.0167994417860427
full_LGBM_V_raw_A0_T_median_kept_seed4,full,LGBM,V_raw,A0,T_median_kept,0.000269,4,holdout,-1,test,205,51,1,0,0.0014820702948468
full_LGBM_V_raw_A0_T_median_kept_seed4,full,LGBM,V_raw,A0,T_median_kept,0.000269,4,holdout,-1,test,210,54,0,1,0.5211824413508638
full_LGBM_V_raw_A0_T_median_kept_seed4,full,LGBM,V_raw,A0,T_median_kept,0.000269,4,holdout,-1,test,9,3,0,0,0.0001233335831376
full_LGBM_V_raw_A0_T_median_kept_seed4,full,LGBM,V_raw,A0,T_median_kept,0.000269,4,holdout,-1,test,221,54,0,0,0.0166507366713569
full_LGBM_V_raw_A0_T_median_kept_seed4,full,LGBM,V_raw,A0,T_median_kept,0.000269,4,holdout,-1,test,148,38,1,1,0.9816924060127672
full_LGBM_V_raw_A0_T_median_kept_seed4,full,LGBM,V_raw,A0,T_median_kept,0.000269,4,holdout,-1,test,18,6,1,1,0.9987565922293198
full_LGBM_V_raw_A0_T_median_kept_seed4,full,LGBM,V_raw,A0,T_median_kept,0.000269,4,holdout,-1,test,224,54,1,1,0.991099918324962
full_LGBM_V_raw_A0_T_median_kept_seed4,full,LGBM,V_raw,A0,T_median_kept,0.000269,4,holdout,-1,test,218,54,1,1,0.991099918324962
full_LGBM_V_raw_A0_T_median_kept_seed4,full,LGBM,V_raw,A0,T_median_kept,0.000269,4,holdout,-1,test,94,31,1,1,0.9985476138938518
full_LGBM_V_raw_A0_T_median_kept_seed4,full,LGBM,V_raw,A0,T_median_kept,0.000269,4,holdout,-1,test,180,45,1,0,0.1699792335754827
full_CB_V_raw_A0_T_median_kept_seed4,full,CB,V_raw,A0,T_median_kept,0.000269,4,holdout,-1,val,127,34,1,1,0.9641747850757976
full_CB_V_raw_A0_T_median_kept_seed4,full,CB,V_raw,A0,T_median_kept,0.000269,4,holdout,-1,val,32,14,1,0,0.1574107607622327
full_CB_V_raw_A0_T_median_kept_seed4,full,CB,V_raw,A0,T_median_kept,0.000269,4,holdout,-1,val,171,43,0,0,0.0110001852051541
full_CB_V_raw_A0_T_median_kept_seed4,full,CB,V_raw,A0,T_median_kept,0.000269,4,holdout,-1,val,214,54,0,0,0.040497908997292
full_CB_V_raw_A0_T_median_kept_seed4,full,CB,V_raw,A0,T_median_kept,0.000269,4,holdout,-1,val,95,31,1,1,0.9743198155902796
full_CB_V_raw_A0_T_median_kept_seed4,full,CB,V_raw,A0,T_median_kept,0.000269,4,holdout,-1,val,35,16,1,1,0.9091610154509436
full_CB_V_raw_A0_T_median_kept_seed4,full,CB,V_raw,A0,T_median_kept,0.000269,4,holdout,-1,val,211,54,1,1,0.9654372972378812
full_CB_V_raw_A0_T_median_kept_seed4,full,CB,V_raw,A0,T_median_kept,0.000269,4,holdout,-1,val,138,36,0,0,0.1246980643601691
full_CB_V_raw_A0_T_median_kept_seed4,full,CB,V_raw,A0,T_median_kept,0.000269,4,holdout,-1,val,53,21,1,1,0.988818023658594
full_CB_V_raw_A0_T_median_kept_seed4,full,CB,V_raw,A0,T_median_kept,0.000269,4,holdout,-1,val,167,41,1,1,0.8844851009600272
full_CB_V_raw_A0_T_median_kept_seed4,full,CB,V_raw,A0,T_median_kept,0.000269,4,holdout,-1,val,200,50,0,1,0.5276089472233128
full_CB_V_raw_A0_T_median_kept_seed4,full,CB,V_raw,A0,T_median_kept,0.000269,4,holdout,-1,val,27,11,1,1,0.9146131545081374
full_CB_V_raw_A0_T_median_kept_seed4,full,CB,V_raw,A0,T_median_kept,0.000269,4,holdout,-1,val,61,24,0,0,0.0197041587388595
full_CB_V_raw_A0_T_median_kept_seed4,full,CB,V_raw,A0,T_median_kept,0.000269,4,holdout,-1,val,11,4,0,0,0.0179012984819758
full_CB_V_raw_A0_T_median_kept_seed4,full,CB,V_raw,A0,T_median_kept,0.000269,4,holdout,-1,val,140,36,0,0,0.005865933856529
full_CB_V_raw_A0_T_median_kept_seed4,full,CB,V_raw,A0,T_median_kept,0.000269,4,holdout,-1,val,135,36,1,1,0.9431624931924611
full_CB_V_raw_A0_T_median_kept_seed4,full,CB,V_raw,A0,T_median_kept,0.000269,4,holdout,-1,val,126,34,1,1,0.9519884104848084
full_CB_V_raw_A0_T_median_kept_seed4,full,CB,V_raw,A0,T_median_kept,0.000269,4,holdout,-1,val,145,37,1,0,0.4763282670880812
full_CB_V_raw_A0_T_median_kept_seed4,full,CB,V_raw,A0,T_median_kept,0.000269,4,holdout,-1,val,64,24,1,1,0.7881562933057621
full_CB_V_raw_A0_T_median_kept_seed4,full,CB,V_raw,A0,T_median_kept,0.000269,4,holdout,-1,val,26,11,1,1,0.8982031540392116
full_CB_V_raw_A0_T_median_kept_seed4,full,CB,V_raw,A0,T_median_kept,0.000269,4,holdout,-1,val,144,37,1,1,0.953347093753394
full_CB_V_raw_A0_T_median_kept_seed4,full,CB,V_raw,A0,T_median_kept,0.000269,4,holdout,-1,val,60,22,0,0,0.0373581833018113
full_CB_V_raw_A0_T_median_kept_seed4,full,CB,V_raw,A0,T_median_kept,0.000269,4,holdout,-1,val,63,24,1,0,0.0187678525193846
full_CB_V_raw_A0_T_median_kept_seed4,full,CB,V_raw,A0,T_median_kept,0.000269,4,holdout,-1,val,2,1,0,0,0.0345379450940983
full_CB_V_raw_A0_T_median_kept_seed4,full,CB,V_raw,A0,T_median_kept,0.000269,4,holdout,-1,val,133,35,0,0,0.006550916369286
full_CB_V_raw_A0_T_median_kept_seed4,full,CB,V_raw,A0,T_median_kept,0.000269,4,holdout,-1,val,168,41,0,1,0.8542109646644174
full_CB_V_raw_A0_T_median_kept_seed4,full,CB,V_raw,A0,T_median_kept,0.000269,4,holdout,-1,val,66,25,0,1,0.9390207436645835
full_CB_V_raw_A0_T_median_kept_seed4,full,CB,V_raw,A0,T_median_kept,0.000269,4,holdout,-1,val,84,30,0,1,0.9675645904403462
full_CB_V_raw_A0_T_median_kept_seed4,full,CB,V_raw,A0,T_median_kept,0.000269,4,holdout,-1,val,41,18,1,0,0.0406249487979304
full_CB_V_raw_A0_T_median_kept_seed4,full,CB,V_raw,A0,T_median_kept,0.000269,4,holdout,-1,val,156,40,1,1,0.9908546957587084
full_CB_V_raw_A0_T_median_kept_seed4,full,CB,V_raw,A0,T_median_kept,0.000269,4,holdout,-1,val,183,47,0,0,0.196358181822576
full_CB_V_raw_A0_T_median_kept_seed4,full,CB,V_raw,A0,T_median_kept,0.000269,4,holdout,-1,val,34,15,0,0,0.0018275838603211
full_CB_V_raw_A0_T_median_kept_seed4,full,CB,V_raw,A0,T_median_kept,0.000269,4,holdout,-1,val,172,43,0,0,0.0446930542706508
full_CB_V_raw_A0_T_median_kept_seed4,full,CB,V_raw,A0,T_median_kept,0.000269,4,holdout,-1,test,109,32,0,0,0.0027278876773477
full_CB_V_raw_A0_T_median_kept_seed4,full,CB,V_raw,A0,T_median_kept,0.000269,4,holdout,-1,test,71,26,1,0,0.4373674881181816
full_CB_V_raw_A0_T_median_kept_seed4,full,CB,V_raw,A0,T_median_kept,0.000269,4,holdout,-1,test,108,32,0,0,0.0240143194522658
full_CB_V_raw_A0_T_median_kept_seed4,full,CB,V_raw,A0,T_median_kept,0.000269,4,holdout,-1,test,98,31,1,1,0.9865627088495283
full_CB_V_raw_A0_T_median_kept_seed4,full,CB,V_raw,A0,T_median_kept,0.000269,4,holdout,-1,test,143,37,1,1,0.97627310485013
full_CB_V_raw_A0_T_median_kept_seed4,full,CB,V_raw,A0,T_median_kept,0.000269,4,holdout,-1,test,131,35,0,0,0.1063442565172668
full_CB_V_raw_A0_T_median_kept_seed4,full,CB,V_raw,A0,T_median_kept,0.000269,4,holdout,-1,test,72,26,0,0,0.159462979934179
full_CB_V_raw_A0_T_median_kept_seed4,full,CB,V_raw,A0,T_median_kept,0.000269,4,holdout,-1,test,165,41,1,1,0.9482326918156376
full_CB_V_raw_A0_T_median_kept_seed4,full,CB,V_raw,A0,T_median_kept,0.000269,4,holdout,-1,test,201,50,0,0,0.4063211463366824
full_CB_V_raw_A0_T_median_kept_seed4,full,CB,V_raw,A0,T_median_kept,0.000269,4,holdout,-1,test,206,53,0,1,0.5154205241055413
full_CB_V_raw_A0_T_median_kept_seed4,full,CB,V_raw,A0,T_median_kept,0.000269,4,holdout,-1,test,106,32,0,0,0.1008612171334162
full_CB_V_raw_A0_T_median_kept_seed4,full,CB,V_raw,A0,T_median_kept,0.000269,4,holdout,-1,test,101,32,0,0,0.0151224620190914
full_CB_V_raw_A0_T_median_kept_seed4,full,CB,V_raw,A0,T_median_kept,0.000269,4,holdout,-1,test,174,43,0,0,0.0427481384822487
full_CB_V_raw_A0_T_median_kept_seed4,full,CB,V_raw,A0,T_median_kept,0.000269,4,holdout,-1,test,215,54,0,0,0.0466903491530596
full_CB_V_raw_A0_T_median_kept_seed4,full,CB,V_raw,A0,T_median_kept,0.000269,4,holdout,-1,test,147,38,1,1,0.9899286145562476
full_CB_V_raw_A0_T_median_kept_seed4,full,CB,V_raw,A0,T_median_kept,0.000269,4,holdout,-1,test,226,55,1,1,0.990707540521382
full_CB_V_raw_A0_T_median_kept_seed4,full,CB,V_raw,A0,T_median_kept,0.000269,4,holdout,-1,test,85,30,0,1,0.9717746029904526
full_CB_V_raw_A0_T_median_kept_seed4,full,CB,V_raw,A0,T_median_kept,0.000269,4,holdout,-1,test,21,9,0,0,0.1857643371425455
full_CB_V_raw_A0_T_median_kept_seed4,full,CB,V_raw,A0,T_median_kept,0.000269,4,holdout,-1,test,81,28,1,1,0.9836976963823818
full_CB_V_raw_A0_T_median_kept_seed4,full,CB,V_raw,A0,T_median_kept,0.000269,4,holdout,-1,test,118,32,1,0,0.1601780932575992
full_CB_V_raw_A0_T_median_kept_seed4,full,CB,V_raw,A0,T_median_kept,0.000269,4,holdout,-1,test,125,34,1,1,0.9015650621237384
full_CB_V_raw_A0_T_median_kept_seed4,full,CB,V_raw,A0,T_median_kept,0.000269,4,holdout,-1,test,90,31,0,0,0.0421012169652351
full_CB_V_raw_A0_T_median_kept_seed4,full,CB,V_raw,A0,T_median_kept,0.000269,4,holdout,-1,test,128,34,0,0,0.0762754880994819
full_CB_V_raw_A0_T_median_kept_seed4,full,CB,V_raw,A0,T_median_kept,0.000269,4,holdout,-1,test,205,51,1,0,0.0151832114307043
full_CB_V_raw_A0_T_median_kept_seed4,full,CB,V_raw,A0,T_median_kept,0.000269,4,holdout,-1,test,210,54,0,1,0.5228917518810566
full_CB_V_raw_A0_T_median_kept_seed4,full,CB,V_raw,A0,T_median_kept,0.000269,4,holdout,-1,test,9,3,0,0,0.0187583215874621
full_CB_V_raw_A0_T_median_kept_seed4,full,CB,V_raw,A0,T_median_kept,0.000269,4,holdout,-1,test,221,54,0,0,0.0466903491530596
full_CB_V_raw_A0_T_median_kept_seed4,full,CB,V_raw,A0,T_median_kept,0.000269,4,holdout,-1,test,148,38,1,1,0.9899286145562476
full_CB_V_raw_A0_T_median_kept_seed4,full,CB,V_raw,A0,T_median_kept,0.000269,4,holdout,-1,test,18,6,1,1,0.988052905063854
full_CB_V_raw_A0_T_median_kept_seed4,full,CB,V_raw,A0,T_median_kept,0.000269,4,holdout,-1,test,224,54,1,1,0.9618789671081892
full_CB_V_raw_A0_T_median_kept_seed4,full,CB,V_raw,A0,T_median_kept,0.000269,4,holdout,-1,test,218,54,1,1,0.9618789671081892
full_CB_V_raw_A0_T_median_kept_seed4,full,CB,V_raw,A0,T_median_kept,0.000269,4,holdout,-1,test,94,31,1,1,0.9727239610295156
full_CB_V_raw_A0_T_median_kept_seed4,full,CB,V_raw,A0,T_median_kept,0.000269,4,holdout,-1,test,180,45,1,1,0.9136635097033052
full_DT_V_raw_A0_T_1e4_seed0,full,DT,V_raw,A0,T_1e4,0.0001,0,holdout,-1,val,222,54,0,0,0.5
full_DT_V_raw_A0_T_1e4_seed0,full,DT,V_raw,A0,T_1e4,0.0001,0,holdout,-1,val,166,41,1,1,1.0
full_DT_V_raw_A0_T_1e4_seed0,full,DT,V_raw,A0,T_1e4,0.0001,0,holdout,-1,val,78,28,1,1,1.0
full_DT_V_raw_A0_T_1e4_seed0,full,DT,V_raw,A0,T_1e4,0.0001,0,holdout,-1,val,83,30,0,1,0.8333333333333334
full_DT_V_raw_A0_T_1e4_seed0,full,DT,V_raw,A0,T_1e4,0.0001,0,holdout,-1,val,23,11,0,0,0.0
full_DT_V_raw_A0_T_1e4_seed0,full,DT,V_raw,A0,T_1e4,0.0001,0,holdout,-1,val,114,32,0,0,0.0
full_DT_V_raw_A0_T_1e4_seed0,full,DT,V_raw,A0,T_1e4,0.0001,0,holdout,-1,val,175,44,1,1,1.0
full_DT_V_raw_A0_T_1e4_seed0,full,DT,V_raw,A0,T_1e4,0.0001,0,holdout,-1,val,214,54,1,1,0.75
full_DT_V_raw_A0_T_1e4_seed0,full,DT,V_raw,A0,T_1e4,0.0001,0,holdout,-1,val,147,38,1,1,1.0
full_DT_V_raw_A0_T_1e4_seed0,full,DT,V_raw,A0,T_1e4,0.0001,0,holdout,-1,val,173,43,1,1,1.0
full_DT_V_raw_A0_T_1e4_seed0,full,DT,V_raw,A0,T_1e4,0.0001,0,holdout,-1,val,159,40,1,1,1.0
full_DT_V_raw_A0_T_1e4_seed0,full,DT,V_raw,A0,T_1e4,0.0001,0,holdout,-1,val,181,45,1,1,1.0
full_DT_V_raw_A0_T_1e4_seed0,full,DT,V_raw,A0,T_1e4,0.0001,0,holdout,-1,val,89,31,0,0,0.0
full_DT_V_raw_A0_T_1e4_seed0,full,DT,V_raw,A0,T_1e4,0.0001,0,holdout,-1,val,108,32,1,0,0.0
full_DT_V_raw_A0_T_1e4_seed0,full,DT,V_raw,A0,T_1e4,0.0001,0,holdout,-1,val,184,47,1,1,1.0
full_DT_V_raw_A0_T_1e4_seed0,full,DT,V_raw,A0,T_1e4,0.0001,0,holdout,-1,val,68,25,0,0,0.0
full_DT_V_raw_A0_T_1e4_seed0,full,DT,V_raw,A0,T_1e4,0.0001,0,holdout,-1,val,123,34,0,0,0.0
full_DT_V_raw_A0_T_1e4_seed0,full,DT,V_raw,A0,T_1e4,0.0001,0,holdout,-1,val,14,4,0,1,0.75
full_DT_V_raw_A0_T_1e4_seed0,full,DT,V_raw,A0,T_1e4,0.0001,0,holdout,-1,val,17,6,1,1,1.0
full_DT_V_raw_A0_T_1e4_seed0,full,DT,V_raw,A0,T_1e4,0.0001,0,holdout,-1,val,81,28,1,1,1.0
full_DT_V_raw_A0_T_1e4_seed0,full,DT,V_raw,A0,T_1e4,0.0001,0,holdout,-1,val,164,41,1,1,1.0
full_DT_V_raw_A0_T_1e4_seed0,full,DT,V_raw,A0,T_1e4,0.0001,0,holdout,-1,val,185,47,1,1,1.0
full_DT_V_raw_A0_T_1e4_seed0,full,DT,V_raw,A0,T_1e4,0.0001,0,holdout,-1,val,116,32,1,1,1.0
full_DT_V_raw_A0_T_1e4_seed0,full,DT,V_raw,A0,T_1e4,0.0001,0,holdout,-1,val,202,50,0,0,0.0
full_DT_V_raw_A0_T_1e4_seed0,full,DT,V_raw,A0,T_1e4,0.0001,0,holdout,-1,val,59,22,1,1,0.75
full_DT_V_raw_A0_T_1e4_seed0,full,DT,V_raw,A0,T_1e4,0.0001,0,holdout,-1,val,75,27,0,0,0.0
full_DT_V_raw_A0_T_1e4_seed0,full,DT,V_raw,A0,T_1e4,0.0001,0,holdout,-1,val,22,10,1,1,0.8181818181818182
full_DT_V_raw_A0_T_1e4_seed0,full,DT,V_raw,A0,T_1e4,0.0001,0,holdout,-1,val,196,49,1,1,1.0
full_DT_V_raw_A0_T_1e4_seed0,full,DT,V_raw,A0,T_1e4,0.0001,0,holdout,-1,val,146,38,1,1,1.0
full_DT_V_raw_A0_T_1e4_seed0,full,DT,V_raw,A0,T_1e4,0.0001,0,holdout,-1,val,3,1,1,1,1.0
full_DT_V_raw_A0_T_1e4_seed0,full,DT,V_raw,A0,T_1e4,0.0001,0,holdout,-1,val,52,21,1,1,1.0
full_DT_V_raw_A0_T_1e4_seed0,full,DT,V_raw,A0,T_1e4,0.0001,0,holdout,-1,val,28,11,1,1,0.8181818181818182
full_DT_V_raw_A0_T_1e4_seed0,full,DT,V_raw,A0,T_1e4,0.0001,0,holdout,-1,val,203,51,1,1,1.0
full_DT_V_raw_A0_T_1e4_seed0,full,DT,V_raw,A0,T_1e4,0.0001,0,holdout,-1,test,4,1,1,1,1.0
full_DT_V_raw_A0_T_1e4_seed0,full,DT,V_raw,A0,T_1e4,0.0001,0,holdout,-1,test,122,33,1,1,0.8333333333333334
full_DT_V_raw_A0_T_1e4_seed0,full,DT,V_raw,A0,T_1e4,0.0001,0,holdout,-1,test,97,31,1,1,1.0
full_DT_V_raw_A0_T_1e4_seed0,full,DT,V_raw,A0,T_1e4,0.0001,0,holdout,-1,test,119,33,0,0,0.0
full_DT_V_raw_A0_T_1e4_seed0,full,DT,V_raw,A0,T_1e4,0.0001,0,holdout,-1,test,155,40,1,1,1.0
full_DT_V_raw_A0_T_1e4_seed0,full,DT,V_raw,A0,T_1e4,0.0001,0,holdout,-1,test,86,30,1,1,0.8333333333333334
full_DT_V_raw_A0_T_1e4_seed0,full,DT,V_raw,A0,T_1e4,0.0001,0,holdout,-1,test,154,40,1,1,1.0
full_DT_V_raw_A0_T_1e4_seed0,full,DT,V_raw,A0,T_1e4,0.0001,0,holdout,-1,test,16,5,1,0,0.0
full_DT_V_raw_A0_T_1e4_seed0,full,DT,V_raw,A0,T_1e4,0.0001,0,holdout,-1,test,107,32,1,0,0.0
full_DT_V_raw_A0_T_1e4_seed0,full,DT,V_raw,A0,T_1e4,0.0001,0,holdout,-1,test,157,40,1,1,1.0
full_DT_V_raw_A0_T_1e4_seed0,full,DT,V_raw,A0,T_1e4,0.0001,0,holdout,-1,test,139,36,0,0,0.0
full_DT_V_raw_A0_T_1e4_seed0,full,DT,V_raw,A0,T_1e4,0.0001,0,holdout,-1,test,213,54,0,0,0.0
full_DT_V_raw_A0_T_1e4_seed0,full,DT,V_raw,A0,T_1e4,0.0001,0,holdout,-1,test,73,27,0,0,0.0
full_DT_V_raw_A0_T_1e4_seed0,full,DT,V_raw,A0,T_1e4,0.0001,0,holdout,-1,test,2,1,0,0,0.0
full_DT_V_raw_A0_T_1e4_seed0,full,DT,V_raw,A0,T_1e4,0.0001,0,holdout,-1,test,61,24,1,1,1.0
full_DT_V_raw_A0_T_1e4_seed0,full,DT,V_raw,A0,T_1e4,0.0001,0,holdout,-1,test,179,45,1,1,1.0
full_DT_V_raw_A0_T_1e4_seed0,full,DT,V_raw,A0,T_1e4,0.0001,0,holdout,-1,test,132,35,0,0,0.0
full_DT_V_raw_A0_T_1e4_seed0,full,DT,V_raw,A0,T_1e4,0.0001,0,holdout,-1,test,174,43,0,1,1.0
full_DT_V_raw_A0_T_1e4_seed0,full,DT,V_raw,A0,T_1e4,0.0001,0,holdout,-1,test,145,37,1,1,0.8181818181818182
full_DT_V_raw_A0_T_1e4_seed0,full,DT,V_raw,A0,T_1e4,0.0001,0,holdout,-1,test,12,4,0,0,0.0
full_DT_V_raw_A0_T_1e4_seed0,full,DT,V_raw,A0,T_1e4,0.0001,0,holdout,-1,test,44,19,0,1,0.75
full_DT_V_raw_A0_T_1e4_seed0,full,DT,V_raw,A0,T_1e4,0.0001,0,holdout,-1,test,187,47,1,0,0.0
full_DT_V_raw_A0_T_1e4_seed0,full,DT,V_raw,A0,T_1e4,0.0001,0,holdout,-1,test,127,34,1,1,1.0
full_DT_V_raw_A0_T_1e4_seed0,full,DT,V_raw,A0,T_1e4,0.0001,0,holdout,-1,test,180,45,1,1,1.0
full_DT_V_raw_A0_T_1e4_seed0,full,DT,V_raw,A0,T_1e4,0.0001,0,holdout,-1,test,186,47,1,0,0.0
full_DT_V_raw_A0_T_1e4_seed0,full,DT,V_raw,A0,T_1e4,0.0001,0,holdout,-1,test,53,21,1,1,1.0
full_DT_V_raw_A0_T_1e4_seed0,full,DT,V_raw,A0,T_1e4,0.0001,0,holdout,-1,test,208,54,0,1,0.75
full_DT_V_raw_A0_T_1e4_seed0,full,DT,V_raw,A0,T_1e4,0.0001,0,holdout,-1,test,45,19,1,1,1.0
full_DT_V_raw_A0_T_1e4_seed0,full,DT,V_raw,A0,T_1e4,0.0001,0,holdout,-1,test,21,9,1,0,0.0
full_DT_V_raw_A0_T_1e4_seed0,full,DT,V_raw,A0,T_1e4,0.0001,0,holdout,-1,test,67,25,1,0,0.0
full_DT_V_raw_A0_T_1e4_seed0,full,DT,V_raw,A0,T_1e4,0.0001,0,holdout,-1,test,80,28,1,1,1.0
full_DT_V_raw_A0_T_1e4_seed0,full,DT,V_raw,A0,T_1e4,0.0001,0,holdout,-1,test,178,45,1,1,1.0
full_DT_V_raw_A0_T_1e4_seed0,full,DT,V_raw,A0,T_1e4,0.0001,0,holdout,-1,test,134,36,1,0,0.0
full_RF_V_raw_A0_T_1e4_seed0,full,RF,V_raw,A0,T_1e4,0.0001,0,holdout,-1,val,222,54,0,1,0.5593392804406382
full_RF_V_raw_A0_T_1e4_seed0,full,RF,V_raw,A0,T_1e4,0.0001,0,holdout,-1,val,166,41,1,1,0.975948717948718
full_RF_V_raw_A0_T_1e4_seed0,full,RF,V_raw,A0,T_1e4,0.0001,0,holdout,-1,val,78,28,1,1,0.9851024777691444
full_RF_V_raw_A0_T_1e4_seed0,full,RF,V_raw,A0,T_1e4,0.0001,0,holdout,-1,val,83,30,0,1,0.7267019832019832
full_RF_V_raw_A0_T_1e4_seed0,full,RF,V_raw,A0,T_1e4,0.0001,0,holdout,-1,val,23,11,0,0,0.2230157204853496
full_RF_V_raw_A0_T_1e4_seed0,full,RF,V_raw,A0,T_1e4,0.0001,0,holdout,-1,val,114,32,0,0,0.0657278739778739
full_RF_V_raw_A0_T_1e4_seed0,full,RF,V_raw,A0,T_1e4,0.0001,0,holdout,-1,val,175,44,1,1,0.8269347831181163
full_RF_V_raw_A0_T_1e4_seed0,full,RF,V_raw,A0,T_1e4,0.0001,0,holdout,-1,val,214,54,1,0,0.2834038579725414
full_RF_V_raw_A0_T_1e4_seed0,full,RF,V_raw,A0,T_1e4,0.0001,0,holdout,-1,val,147,38,1,1,0.9847356776342284
full_RF_V_raw_A0_T_1e4_seed0,full,RF,V_raw,A0,T_1e4,0.0001,0,holdout,-1,val,173,43,1,1,0.8782637199262865
full_RF_V_raw_A0_T_1e4_seed0,full,RF,V_raw,A0,T_1e4,0.0001,0,holdout,-1,val,159,40,1,1,0.9953167819834486
full_RF_V_raw_A0_T_1e4_seed0,full,RF,V_raw,A0,T_1e4,0.0001,0,holdout,-1,val,181,45,1,1,0.6862962962962963
full_RF_V_raw_A0_T_1e4_seed0,full,RF,V_raw,A0,T_1e4,0.0001,0,holdout,-1,val,89,31,0,0,0.1309891461195809
full_RF_V_raw_A0_T_1e4_seed0,full,RF,V_raw,A0,T_1e4,0.0001,0,holdout,-1,val,108,32,1,0,0.4010979178627027
full_RF_V_raw_A0_T_1e4_seed0,full,RF,V_raw,A0,T_1e4,0.0001,0,holdout,-1,val,184,47,1,1,0.8689442286108952
full_RF_V_raw_A0_T_1e4_seed0,full,RF,V_raw,A0,T_1e4,0.0001,0,holdout,-1,val,68,25,0,1,0.6074361158165505
full_RF_V_raw_A0_T_1e4_seed0,full,RF,V_raw,A0,T_1e4,0.0001,0,holdout,-1,val,123,34,0,0,0.4775236178207192
full_RF_V_raw_A0_T_1e4_seed0,full,RF,V_raw,A0,T_1e4,0.0001,0,holdout,-1,val,14,4,0,0,0.1916315359477123
full_RF_V_raw_A0_T_1e4_seed0,full,RF,V_raw,A0,T_1e4,0.0001,0,holdout,-1,val,17,6,1,1,0.9275430778371956
full_RF_V_raw_A0_T_1e4_seed0,full,RF,V_raw,A0,T_1e4,0.0001,0,holdout,-1,val,81,28,1,1,0.9370077489685332
full_RF_V_raw_A0_T_1e4_seed0,full,RF,V_raw,A0,T_1e4,0.0001,0,holdout,-1,val,164,41,1,1,0.9795135327635328
full_RF_V_raw_A0_T_1e4_seed0,full,RF,V_raw,A0,T_1e4,0.0001,0,holdout,-1,val,185,47,1,1,0.8697167153833819
full_RF_V_raw_A0_T_1e4_seed0,full,RF,V_raw,A0,T_1e4,0.0001,0,holdout,-1,val,116,32,1,1,0.911207005957006
full_RF_V_raw_A0_T_1e4_seed0,full,RF,V_raw,A0,T_1e4,0.0001,0,holdout,-1,val,202,50,0,0,0.3851111111111111
full_RF_V_raw_A0_T_1e4_seed0,full,RF,V_raw,A0,T_1e4,0.0001,0,holdout,-1,val,59,22,1,1,0.5720807479557479
full_RF_V_raw_A0_T_1e4_seed0,full,RF,V_raw,A0,T_1e4,0.0001,0,holdout,-1,val,75,27,0,0,0.184087246087246
full_RF_V_raw_A0_T_1e4_seed0,full,RF,V_raw,A0,T_1e4,0.0001,0,holdout,-1,val,22,10,1,1,0.7916821067821066
full_RF_V_raw_A0_T_1e4_seed0,full,RF,V_raw,A0,T_1e4,0.0001,0,holdout,-1,val,196,49,1,1,0.9167846967846968
full_RF_V_raw_A0_T_1e4_seed0,full,RF,V_raw,A0,T_1e4,0.0001,0,holdout,-1,val,146,38,1,1,0.9567374650867664
full_RF_V_raw_A0_T_1e4_seed0,full,RF,V_raw,A0,T_1e4,0.0001,0,holdout,-1,val,3,1,1,1,0.9150185185185185
full_RF_V_raw_A0_T_1e4_seed0,full,RF,V_raw,A0,T_1e4,0.0001,0,holdout,-1,val,52,21,1,1,0.9587715768426812
full_RF_V_raw_A0_T_1e4_seed0,full,RF,V_raw,A0,T_1e4,0.0001,0,holdout,-1,val,28,11,1,1,0.9402186714665556
full_RF_V_raw_A0_T_1e4_seed0,full,RF,V_raw,A0,T_1e4,0.0001,0,holdout,-1,val,203,51,1,1,0.8720198412698411
full_RF_V_raw_A0_T_1e4_seed0,full,RF,V_raw,A0,T_1e4,0.0001,0,holdout,-1,test,4,1,1,1,0.9460969498910674
full_RF_V_raw_A0_T_1e4_seed0,full,RF,V_raw,A0,T_1e4,0.0001,0,holdout,-1,test,122,33,1,1,0.7381657293323961
full_RF_V_raw_A0_T_1e4_seed0,full,RF,V_raw,A0,T_1e4,0.0001,0,holdout,-1,test,97,31,1,1,0.967131676432579
full_RF_V_raw_A0_T_1e4_seed0,full,RF,V_raw,A0,T_1e4,0.0001,0,holdout,-1,test,119,33,0,1,0.5124829732800747
full_RF_V_raw_A0_T_1e4_seed0,full,RF,V_raw,A0,T_1e4,0.0001,0,holdout,-1,test,155,40,1,1,0.9893827160493824
full_RF_V_raw_A0_T_1e4_seed0,full,RF,V_raw,A0,T_1e4,0.0001,0,holdout,-1,test,86,30,1,1,0.8989659938826605
full_RF_V_raw_A0_T_1e4_seed0,full,RF,V_raw,A0,T_1e4,0.0001,0,holdout,-1,test,154,40,1,1,0.9860493827160492
full_RF_V_raw_A0_T_1e4_seed0,full,RF,V_raw,A0,T_1e4,0.0001,0,holdout,-1,test,16,5,1,1,0.8282262153171572
full_RF_V_raw_A0_T_1e4_seed0,full,RF,V_raw,A0,T_1e4,0.0001,0,holdout,-1,test,107,32,1,1,0.5706468253968253
full_RF_V_raw_A0_T_1e4_seed0,full,RF,V_raw,A0,T_1e4,0.0001,0,holdout,-1,test,157,40,1,1,0.9893827160493824
full_RF_V_raw_A0_T_1e4_seed0,full,RF,V_raw,A0,T_1e4,0.0001,0,holdout,-1,test,139,36,0,0,0.2137864357864358
full_RF_V_raw_A0_T_1e4_seed0,full,RF,V_raw,A0,T_1e4,0.0001,0,holdout,-1,test,213,54,0,0,0.102011077465681
full_RF_V_raw_A0_T_1e4_seed0,full,RF,V_raw,A0,T_1e4,0.0001,0,holdout,-1,test,73,27,0,0,0.2473210123210123
full_RF_V_raw_A0_T_1e4_seed0,full,RF,V_raw,A0,T_1e4,0.0001,0,holdout,-1,test,2,1,0,0,0.2804627712598727
full_RF_V_raw_A0_T_1e4_seed0,full,RF,V_raw,A0,T_1e4,0.0001,0,holdout,-1,test,61,24,1,1,0.9915421363392378
full_RF_V_raw_A0_T_1e4_seed0,full,RF,V_raw,A0,T_1e4,0.0001,0,holdout,-1,test,179,45,1,1,0.8210280830280831
full_RF_V_raw_A0_T_1e4_seed0,full,RF,V_raw,A0,T_1e4,0.0001,0,holdout,-1,test,132,35,0,0,0.0982222222222222
full_RF_V_raw_A0_T_1e4_seed0,full,RF,V_raw,A0,T_1e4,0.0001,0,holdout,-1,test,174,43,0,1,0.8782637199262865
full_RF_V_raw_A0_T_1e4_seed0,full,RF,V_raw,A0,T_1e4,0.0001,0,holdout,-1,test,145,37,1,1,0.6964670514670513
full_RF_V_raw_A0_T_1e4_seed0,full,RF,V_raw,A0,T_1e4,0.0001,0,holdout,-1,test,12,4,0,0,0.4365757575757575
full_RF_V_raw_A0_T_1e4_seed0,full,RF,V_raw,A0,T_1e4,0.0001,0,holdout,-1,test,44,19,0,1,0.7736593137254902
full_RF_V_raw_A0_T_1e4_seed0,full,RF,V_raw,A0,T_1e4,0.0001,0,holdout,-1,test,187,47,1,1,0.5783053397220063
full_RF_V_raw_A0_T_1e4_seed0,full,RF,V_raw,A0,T_1e4,0.0001,0,holdout,-1,test,127,34,1,1,0.969779541446208
full_RF_V_raw_A0_T_1e4_seed0,full,RF,V_raw,A0,T_1e4,0.0001,0,holdout,-1,test,180,45,1,1,0.811028083028083
full_RF_V_raw_A0_T_1e4_seed0,full,RF,V_raw,A0,T_1e4,0.0001,0,holdout,-1,test,186,47,1,1,0.6131624825791491
full_RF_V_raw_A0_T_1e4_seed0,full,RF,V_raw,A0,T_1e4,0.0001,0,holdout,-1,test,53,21,1,1,0.95922479321695
full_RF_V_raw_A0_T_1e4_seed0,full,RF,V_raw,A0,T_1e4,0.0001,0,holdout,-1,test,208,54,0,0,0.2834038579725414
full_RF_V_raw_A0_T_1e4_seed0,full,RF,V_raw,A0,T_1e4,0.0001,0,holdout,-1,test,45,19,1,1,0.899809523809524
full_RF_V_raw_A0_T_1e4_seed0,full,RF,V_raw,A0,T_1e4,0.0001,0,holdout,-1,test,21,9,1,1,0.6136952150104323
full_RF_V_raw_A0_T_1e4_seed0,full,RF,V_raw,A0,T_1e4,0.0001,0,holdout,-1,test,67,25,1,1,0.7111734895539243
full_RF_V_raw_A0_T_1e4_seed0,full,RF,V_raw,A0,T_1e4,0.0001,0,holdout,-1,test,80,28,1,1,0.916482496443281
full_RF_V_raw_A0_T_1e4_seed0,full,RF,V_raw,A0,T_1e4,0.0001,0,holdout,-1,test,178,45,1,1,0.70677183002183
full_RF_V_raw_A0_T_1e4_seed0,full,RF,V_raw,A0,T_1e4,0.0001,0,holdout,-1,test,134,36,1,1,0.685349418965361
full_LGBM_V_raw_A0_T_1e4_seed0,full,LGBM,V_raw,A0,T_1e4,0.0001,0,holdout,-1,val,222,54,0,1,0.5016839718826636
full_LGBM_V_raw_A0_T_1e4_seed0,full,LGBM,V_raw,A0,T_1e4,0.0001,0,holdout,-1,val,166,41,1,1,0.9999853887036124
full_LGBM_V_raw_A0_T_1e4_seed0,full,LGBM,V_raw,A0,T_1e4,0.0001,0,holdout,-1,val,78,28,1,1,0.9999995196855052
full_LGBM_V_raw_A0_T_1e4_seed0,full,LGBM,V_raw,A0,T_1e4,0.0001,0,holdout,-1,val,83,30,0,0,0.2655489081723884
full_LGBM_V_raw_A0_T_1e4_seed0,full,LGBM,V_raw,A0,T_1e4,0.0001,0,holdout,-1,val,23,11,0,0,3.0089477892842407e-06
full_LGBM_V_raw_A0_T_1e4_seed0,full,LGBM,V_raw,A0,T_1e4,0.0001,0,holdout,-1,val,114,32,0,0,0.0079996644895945
full_LGBM_V_raw_A0_T_1e4_seed0,full,LGBM,V_raw,A0,T_1e4,0.0001,0,holdout,-1,val,175,44,1,1,0.9998220788016338
full_LGBM_V_raw_A0_T_1e4_seed0,full,LGBM,V_raw,A0,T_1e4,0.0001,0,holdout,-1,val,214,54,1,0,0.0017302855795255
full_LGBM_V_raw_A0_T_1e4_seed0,full,LGBM,V_raw,A0,T_1e4,0.0001,0,holdout,-1,val,147,38,1,1,0.9996177964509084
full_LGBM_V_raw_A0_T_1e4_seed0,full,LGBM,V_raw,A0,T_1e4,0.0001,0,holdout,-1,val,173,43,1,1,0.9961622022828164
full_LGBM_V_raw_A0_T_1e4_seed0,full,LGBM,V_raw,A0,T_1e4,0.0001,0,holdout,-1,val,159,40,1,1,0.9999983629693374
full_LGBM_V_raw_A0_T_1e4_seed0,full,LGBM,V_raw,A0,T_1e4,0.0001,0,holdout,-1,val,181,45,1,1,0.99988259401346
full_LGBM_V_raw_A0_T_1e4_seed0,full,LGBM,V_raw,A0,T_1e4,0.0001,0,holdout,-1,val,89,31,0,0,0.0057826305318339
full_LGBM_V_raw_A0_T_1e4_seed0,full,LGBM,V_raw,A0,T_1e4,0.0001,0,holdout,-1,val,108,32,1,0,0.1499459590193315
full_LGBM_V_raw_A0_T_1e4_seed0,full,LGBM,V_raw,A0,T_1e4,0.0001,0,holdout,-1,val,184,47,1,0,0.1777692901829131
full_LGBM_V_raw_A0_T_1e4_seed0,full,LGBM,V_raw,A0,T_1e4,0.0001,0,holdout,-1,val,68,25,0,1,0.9647623195217137
full_LGBM_V_raw_A0_T_1e4_seed0,full,LGBM,V_raw,A0,T_1e4,0.0001,0,holdout,-1,val,123,34,0,1,0.9990418528275125
full_LGBM_V_raw_A0_T_1e4_seed0,full,LGBM,V_raw,A0,T_1e4,0.0001,0,holdout,-1,val,14,4,0,0,0.0028193682055926
full_LGBM_V_raw_A0_T_1e4_seed0,full,LGBM,V_raw,A0,T_1e4,0.0001,0,holdout,-1,val,17,6,1,1,0.9998544745808208
full_LGBM_V_raw_A0_T_1e4_seed0,full,LGBM,V_raw,A0,T_1e4,0.0001,0,holdout,-1,val,81,28,1,1,0.9995847319068124
full_LGBM_V_raw_A0_T_1e4_seed0,full,LGBM,V_raw,A0,T_1e4,0.0001,0,holdout,-1,val,164,41,1,1,0.9999998986652086
full_LGBM_V_raw_A0_T_1e4_seed0,full,LGBM,V_raw,A0,T_1e4,0.0001,0,holdout,-1,val,185,47,1,1,0.8740062884142206
full_LGBM_V_raw_A0_T_1e4_seed0,full,LGBM,V_raw,A0,T_1e4,0.0001,0,holdout,-1,val,116,32,1,1,0.999999999898249
full_LGBM_V_raw_A0_T_1e4_seed0,full,LGBM,V_raw,A0,T_1e4,0.0001,0,holdout,-1,val,202,50,0,0,0.006298758485694
full_LGBM_V_raw_A0_T_1e4_seed0,full,LGBM,V_raw,A0,T_1e4,0.0001,0,holdout,-1,val,59,22,1,0,0.015048718781995
full_LGBM_V_raw_A0_T_1e4_seed0,full,LGBM,V_raw,A0,T_1e4,0.0001,0,holdout,-1,val,75,27,0,0,0.003401816330024
full_LGBM_V_raw_A0_T_1e4_seed0,full,LGBM,V_raw,A0,T_1e4,0.0001,0,holdout,-1,val,22,10,1,1,0.9980049042042618
full_LGBM_V_raw_A0_T_1e4_seed0,full,LGBM,V_raw,A0,T_1e4,0.0001,0,holdout,-1,val,196,49,1,1,0.9999836151333624
full_LGBM_V_raw_A0_T_1e4_seed0,full,LGBM,V_raw,A0,T_1e4,0.0001,0,holdout,-1,val,146,38,1,1,0.9999913978832944
full_LGBM_V_raw_A0_T_1e4_seed0,full,LGBM,V_raw,A0,T_1e4,0.0001,0,holdout,-1,val,3,1,1,1,0.9609123325256388
full_LGBM_V_raw_A0_T_1e4_seed0,full,LGBM,V_raw,A0,T_1e4,0.0001,0,holdout,-1,val,52,21,1,1,0.9999933894949052
full_LGBM_V_raw_A0_T_1e4_seed0,full,LGBM,V_raw,A0,T_1e4,0.0001,0,holdout,-1,val,28,11,1,1,0.9992835723639876
full_LGBM_V_raw_A0_T_1e4_seed0,full,LGBM,V_raw,A0,T_1e4,0.0001,0,holdout,-1,val,203,51,1,1,0.9999980770017556
full_LGBM_V_raw_A0_T_1e4_seed0,full,LGBM,V_raw,A0,T_1e4,0.0001,0,holdout,-1,test,4,1,1,1,0.9999857348840948
full_LGBM_V_raw_A0_T_1e4_seed0,full,LGBM,V_raw,A0,T_1e4,0.0001,0,holdout,-1,test,122,33,1,1,0.9417379501953428
full_LGBM_V_raw_A0_T_1e4_seed0,full,LGBM,V_raw,A0,T_1e4,0.0001,0,holdout,-1,test,97,31,1,1,0.9999140518186622
full_LGBM_V_raw_A0_T_1e4_seed0,full,LGBM,V_raw,A0,T_1e4,0.0001,0,holdout,-1,test,119,33,0,1,0.9362141040073928
full_LGBM_V_raw_A0_T_1e4_seed0,full,LGBM,V_raw,A0,T_1e4,0.0001,0,holdout,-1,test,155,40,1,1,0.9999996788446652
full_LGBM_V_raw_A0_T_1e4_seed0,full,LGBM,V_raw,A0,T_1e4,0.0001,0,holdout,-1,test,86,30,1,1,0.9998193025839812
full_LGBM_V_raw_A0_T_1e4_seed0,full,LGBM,V_raw,A0,T_1e4,0.0001,0,holdout,-1,test,154,40,1,1,0.9999999145827304
full_LGBM_V_raw_A0_T_1e4_seed0,full,LGBM,V_raw,A0,T_1e4,0.0001,0,holdout,-1,test,16,5,1,1,0.999998835469386
full_LGBM_V_raw_A0_T_1e4_seed0,full,LGBM,V_raw,A0,T_1e4,0.0001,0,holdout,-1,test,107,32,1,1,0.9906405862868028
full_LGBM_V_raw_A0_T_1e4_seed0,full,LGBM,V_raw,A0,T_1e4,0.0001,0,holdout,-1,test,157,40,1,1,0.9999996788446652
full_LGBM_V_raw_A0_T_1e4_seed0,full,LGBM,V_raw,A0,T_1e4,0.0001,0,holdout,-1,test,139,36,0,0,0.0010866014965428
full_LGBM_V_raw_A0_T_1e4_seed0,full,LGBM,V_raw,A0,T_1e4,0.0001,0,holdout,-1,test,213,54,0,0,0.0001573429337769
full_LGBM_V_raw_A0_T_1e4_seed0,full,LGBM,V_raw,A0,T_1e4,0.0001,0,holdout,-1,test,73,27,0,0,0.0004605983983222
full_LGBM_V_raw_A0_T_1e4_seed0,full,LGBM,V_raw,A0,T_1e4,0.0001,0,holdout,-1,test,2,1,0,0,0.0004777064068425
full_LGBM_V_raw_A0_T_1e4_seed0,full,LGBM,V_raw,A0,T_1e4,0.0001,0,holdout,-1,test,61,24,1,1,0.999998644322359
full_LGBM_V_raw_A0_T_1e4_seed0,full,LGBM,V_raw,A0,T_1e4,0.0001,0,holdout,-1,test,179,45,1,1,0.9999854468017398
full_LGBM_V_raw_A0_T_1e4_seed0,full,LGBM,V_raw,A0,T_1e4,0.0001,0,holdout,-1,test,132,35,0,0,0.1029724582724031
full_LGBM_V_raw_A0_T_1e4_seed0,full,LGBM,V_raw,A0,T_1e4,0.0001,0,holdout,-1,test,174,43,0,1,0.9961622022828164
full_LGBM_V_raw_A0_T_1e4_seed0,full,LGBM,V_raw,A0,T_1e4,0.0001,0,holdout,-1,test,145,37,1,1,0.9999648941657794
full_LGBM_V_raw_A0_T_1e4_seed0,full,LGBM,V_raw,A0,T_1e4,0.0001,0,holdout,-1,test,12,4,0,0,0.1941042425184422
full_LGBM_V_raw_A0_T_1e4_seed0,full,LGBM,V_raw,A0,T_1e4,0.0001,0,holdout,-1,test,44,19,0,1,0.9995643502597183
full_LGBM_V_raw_A0_T_1e4_seed0,full,LGBM,V_raw,A0,T_1e4,0.0001,0,holdout,-1,test,187,47,1,0,0.0573205388067474
full_LGBM_V_raw_A0_T_1e4_seed0,full,LGBM,V_raw,A0,T_1e4,0.0001,0,holdout,-1,test,127,34,1,1,0.9999999128691256
full_LGBM_V_raw_A0_T_1e4_seed0,full,LGBM,V_raw,A0,T_1e4,0.0001,0,holdout,-1,test,180,45,1,1,0.99988259401346
full_LGBM_V_raw_A0_T_1e4_seed0,full,LGBM,V_raw,A0,T_1e4,0.0001,0,holdout,-1,test,186,47,1,1,0.796779278386428
full_LGBM_V_raw_A0_T_1e4_seed0,full,LGBM,V_raw,A0,T_1e4,0.0001,0,holdout,-1,test,53,21,1,1,0.9999920966828852
full_LGBM_V_raw_A0_T_1e4_seed0,full,LGBM,V_raw,A0,T_1e4,0.0001,0,holdout,-1,test,208,54,0,0,0.0017302855795255
full_LGBM_V_raw_A0_T_1e4_seed0,full,LGBM,V_raw,A0,T_1e4,0.0001,0,holdout,-1,test,45,19,1,1,0.999999871178952
full_LGBM_V_raw_A0_T_1e4_seed0,full,LGBM,V_raw,A0,T_1e4,0.0001,0,holdout,-1,test,21,9,1,0,0.0175922849067061
full_LGBM_V_raw_A0_T_1e4_seed0,full,LGBM,V_raw,A0,T_1e4,0.0001,0,holdout,-1,test,67,25,1,1,0.9873677572237908
full_LGBM_V_raw_A0_T_1e4_seed0,full,LGBM,V_raw,A0,T_1e4,0.0001,0,holdout,-1,test,80,28,1,1,0.9999925643895632
full_LGBM_V_raw_A0_T_1e4_seed0,full,LGBM,V_raw,A0,T_1e4,0.0001,0,holdout,-1,test,178,45,1,1,0.9970370132368186
full_LGBM_V_raw_A0_T_1e4_seed0,full,LGBM,V_raw,A0,T_1e4,0.0001,0,holdout,-1,test,134,36,1,1,0.9947421329131378
full_CB_V_raw_A0_T_1e4_seed0,full,CB,V_raw,A0,T_1e4,0.0001,0,holdout,-1,val,222,54,0,1,0.6300459180941395
full_CB_V_raw_A0_T_1e4_seed0,full,CB,V_raw,A0,T_1e4,0.0001,0,holdout,-1,val,166,41,1,1,0.9753176868820884
full_CB_V_raw_A0_T_1e4_seed0,full,CB,V_raw,A0,T_1e4,0.0001,0,holdout,-1,val,78,28,1,1,0.9555953052080874
full_CB_V_raw_A0_T_1e4_seed0,full,CB,V_raw,A0,T_1e4,0.0001,0,holdout,-1,val,83,30,0,1,0.8773750281488253
full_CB_V_raw_A0_T_1e4_seed0,full,CB,V_raw,A0,T_1e4,0.0001,0,holdout,-1,val,23,11,0,0,0.2085950370162071
full_CB_V_raw_A0_T_1e4_seed0,full,CB,V_raw,A0,T_1e4,0.0001,0,holdout,-1,val,114,32,0,0,0.1520296634327158
full_CB_V_raw_A0_T_1e4_seed0,full,CB,V_raw,A0,T_1e4,0.0001,0,holdout,-1,val,175,44,1,1,0.8118822911499437
full_CB_V_raw_A0_T_1e4_seed0,full,CB,V_raw,A0,T_1e4,0.0001,0,holdout,-1,val,214,54,1,0,0.3628650169721665
full_CB_V_raw_A0_T_1e4_seed0,full,CB,V_raw,A0,T_1e4,0.0001,0,holdout,-1,val,147,38,1,1,0.9529542398831974
full_CB_V_raw_A0_T_1e4_seed0,full,CB,V_raw,A0,T_1e4,0.0001,0,holdout,-1,val,173,43,1,1,0.9327631170278876
full_CB_V_raw_A0_T_1e4_seed0,full,CB,V_raw,A0,T_1e4,0.0001,0,holdout,-1,val,159,40,1,1,0.9887074696572088
full_CB_V_raw_A0_T_1e4_seed0,full,CB,V_raw,A0,T_1e4,0.0001,0,holdout,-1,val,181,45,1,1,0.8628818614470141
full_CB_V_raw_A0_T_1e4_seed0,full,CB,V_raw,A0,T_1e4,0.0001,0,holdout,-1,val,89,31,0,0,0.1353711609974139
full_CB_V_raw_A0_T_1e4_seed0,full,CB,V_raw,A0,T_1e4,0.0001,0,holdout,-1,val,108,32,1,0,0.2585213747961585
full_CB_V_raw_A0_T_1e4_seed0,full,CB,V_raw,A0,T_1e4,0.0001,0,holdout,-1,val,184,47,1,1,0.9317311852058662
full_CB_V_raw_A0_T_1e4_seed0,full,CB,V_raw,A0,T_1e4,0.0001,0,holdout,-1,val,68,25,0,0,0.4183033016968387
full_CB_V_raw_A0_T_1e4_seed0,full,CB,V_raw,A0,T_1e4,0.0001,0,holdout,-1,val,123,34,0,1,0.5836403124442044
full_CB_V_raw_A0_T_1e4_seed0,full,CB,V_raw,A0,T_1e4,0.0001,0,holdout,-1,val,14,4,0,0,0.2033072709110215
full_CB_V_raw_A0_T_1e4_seed0,full,CB,V_raw,A0,T_1e4,0.0001,0,holdout,-1,val,17,6,1,1,0.9472038720167996
full_CB_V_raw_A0_T_1e4_seed0,full,CB,V_raw,A0,T_1e4,0.0001,0,holdout,-1,val,81,28,1,1,0.9387603629043584
full_CB_V_raw_A0_T_1e4_seed0,full,CB,V_raw,A0,T_1e4,0.0001,0,holdout,-1,val,164,41,1,1,0.9735701870722684
full_CB_V_raw_A0_T_1e4_seed0,full,CB,V_raw,A0,T_1e4,0.0001,0,holdout,-1,val,185,47,1,1,0.9173506016665892
full_CB_V_raw_A0_T_1e4_seed0,full,CB,V_raw,A0,T_1e4,0.0001,0,holdout,-1,val,116,32,1,1,0.9336918659769966
full_CB_V_raw_A0_T_1e4_seed0,full,CB,V_raw,A0,T_1e4,0.0001,0,holdout,-1,val,202,50,0,0,0.2170745970900424
full_CB_V_raw_A0_T_1e4_seed0,full,CB,V_raw,A0,T_1e4,0.0001,0,holdout,-1,val,59,22,1,1,0.5875102193933868
full_CB_V_raw_A0_T_1e4_seed0,full,CB,V_raw,A0,T_1e4,0.0001,0,holdout,-1,val,75,27,0,0,0.1553822153181445
full_CB_V_raw_A0_T_1e4_seed0,full,CB,V_raw,A0,T_1e4,0.0001,0,holdout,-1,val,22,10,1,1,0.9036501010177443
full_CB_V_raw_A0_T_1e4_seed0,full,CB,V_raw,A0,T_1e4,0.0001,0,holdout,-1,val,196,49,1,1,0.929241965642197
full_CB_V_raw_A0_T_1e4_seed0,full,CB,V_raw,A0,T_1e4,0.0001,0,holdout,-1,val,146,38,1,1,0.9579849915258132
full_CB_V_raw_A0_T_1e4_seed0,full,CB,V_raw,A0,T_1e4,0.0001,0,holdout,-1,val,3,1,1,1,0.9316127121632896
full_CB_V_raw_A0_T_1e4_seed0,full,CB,V_raw,A0,T_1e4,0.0001,0,holdout,-1,val,52,21,1,1,0.98450401508856
full_CB_V_raw_A0_T_1e4_seed0,full,CB,V_raw,A0,T_1e4,0.0001,0,holdout,-1,val,28,11,1,1,0.909840778006188
full_CB_V_raw_A0_T_1e4_seed0,full,CB,V_raw,A0,T_1e4,0.0001,0,holdout,-1,val,203,51,1,1,0.9222519584405
full_CB_V_raw_A0_T_1e4_seed0,full,CB,V_raw,A0,T_1e4,0.0001,0,holdout,-1,test,4,1,1,1,0.9520562522232624
full_CB_V_raw_A0_T_1e4_seed0,full,CB,V_raw,A0,T_1e4,0.0001,0,holdout,-1,test,122,33,1,1,0.8806034525740175
full_CB_V_raw_A0_T_1e4_seed0,full,CB,V_raw,A0,T_1e4,0.0001,0,holdout,-1,test,97,31,1,1,0.9513843655514028
full_CB_V_raw_A0_T_1e4_seed0,full,CB,V_raw,A0,T_1e4,0.0001,0,holdout,-1,test,119,33,0,1,0.567409709340285
full_CB_V_raw_A0_T_1e4_seed0,full,CB,V_raw,A0,T_1e4,0.0001,0,holdout,-1,test,155,40,1,1,0.9899399253440028
full_CB_V_raw_A0_T_1e4_seed0,full,CB,V_raw,A0,T_1e4,0.0001,0,holdout,-1,test,86,30,1,1,0.8668348276818049
full_CB_V_raw_A0_T_1e4_seed0,full,CB,V_raw,A0,T_1e4,0.0001,0,holdout,-1,test,154,40,1,1,0.9891711189949756
full_CB_V_raw_A0_T_1e4_seed0,full,CB,V_raw,A0,T_1e4,0.0001,0,holdout,-1,test,16,5,1,1,0.887371614259497
full_CB_V_raw_A0_T_1e4_seed0,full,CB,V_raw,A0,T_1e4,0.0001,0,holdout,-1,test,107,32,1,1,0.6646362002851454
full_CB_V_raw_A0_T_1e4_seed0,full,CB,V_raw,A0,T_1e4,0.0001,0,holdout,-1,test,157,40,1,1,0.9895342923077944
full_CB_V_raw_A0_T_1e4_seed0,full,CB,V_raw,A0,T_1e4,0.0001,0,holdout,-1,test,139,36,0,0,0.1205429122245172
full_CB_V_raw_A0_T_1e4_seed0,full,CB,V_raw,A0,T_1e4,0.0001,0,holdout,-1,test,213,54,0,0,0.0944043063657317
full_CB_V_raw_A0_T_1e4_seed0,full,CB,V_raw,A0,T_1e4,0.0001,0,holdout,-1,test,73,27,0,0,0.1398978775589279
full_CB_V_raw_A0_T_1e4_seed0,full,CB,V_raw,A0,T_1e4,0.0001,0,holdout,-1,test,2,1,0,0,0.3234381536603202
full_CB_V_raw_A0_T_1e4_seed0,full,CB,V_raw,A0,T_1e4,0.0001,0,holdout,-1,test,61,24,1,1,0.985224987048152
full_CB_V_raw_A0_T_1e4_seed0,full,CB,V_raw,A0,T_1e4,0.0001,0,holdout,-1,test,179,45,1,1,0.953166070907906
full_CB_V_raw_A0_T_1e4_seed0,full,CB,V_raw,A0,T_1e4,0.0001,0,holdout,-1,test,132,35,0,0,0.1219089184011614
full_CB_V_raw_A0_T_1e4_seed0,full,CB,V_raw,A0,T_1e4,0.0001,0,holdout,-1,test,174,43,0,1,0.933851391801792
full_CB_V_raw_A0_T_1e4_seed0,full,CB,V_raw,A0,T_1e4,0.0001,0,holdout,-1,test,145,37,1,1,0.9079247384391452
full_CB_V_raw_A0_T_1e4_seed0,full,CB,V_raw,A0,T_1e4,0.0001,0,holdout,-1,test,12,4,0,0,0.2692526550236038
full_CB_V_raw_A0_T_1e4_seed0,full,CB,V_raw,A0,T_1e4,0.0001,0,holdout,-1,test,44,19,0,1,0.8106467330145851
full_CB_V_raw_A0_T_1e4_seed0,full,CB,V_raw,A0,T_1e4,0.0001,0,holdout,-1,test,187,47,1,1,0.8250496401511582
full_CB_V_raw_A0_T_1e4_seed0,full,CB,V_raw,A0,T_1e4,0.0001,0,holdout,-1,test,127,34,1,1,0.9723550801979416
full_CB_V_raw_A0_T_1e4_seed0,full,CB,V_raw,A0,T_1e4,0.0001,0,holdout,-1,test,180,45,1,1,0.9330274589086044
full_CB_V_raw_A0_T_1e4_seed0,full,CB,V_raw,A0,T_1e4,0.0001,0,holdout,-1,test,186,47,1,1,0.8274416875768144
full_CB_V_raw_A0_T_1e4_seed0,full,CB,V_raw,A0,T_1e4,0.0001,0,holdout,-1,test,53,21,1,1,0.9842042640180289
full_CB_V_raw_A0_T_1e4_seed0,full,CB,V_raw,A0,T_1e4,0.0001,0,holdout,-1,test,208,54,0,0,0.3628650169721665
full_CB_V_raw_A0_T_1e4_seed0,full,CB,V_raw,A0,T_1e4,0.0001,0,holdout,-1,test,45,19,1,1,0.9762480272153432
full_CB_V_raw_A0_T_1e4_seed0,full,CB,V_raw,A0,T_1e4,0.0001,0,holdout,-1,test,21,9,1,1,0.5716479114301306
full_CB_V_raw_A0_T_1e4_seed0,full,CB,V_raw,A0,T_1e4,0.0001,0,holdout,-1,test,67,25,1,0,0.4527838124580075
full_CB_V_raw_A0_T_1e4_seed0,full,CB,V_raw,A0,T_1e4,0.0001,0,holdout,-1,test,80,28,1,1,0.9323969745389168
full_CB_V_raw_A0_T_1e4_seed0,full,CB,V_raw,A0,T_1e4,0.0001,0,holdout,-1,test,178,45,1,1,0.781668664401052
full_CB_V_raw_A0_T_1e4_seed0,full,CB,V_raw,A0,T_1e4,0.0001,0,holdout,-1,test,134,36,1,1,0.6982037727418381
full_DT_V_raw_A0_T_1e4_seed1,full,DT,V_raw,A0,T_1e4,0.0001,1,holdout,-1,val,106,32,1,0,0.2222222222222222
full_DT_V_raw_A0_T_1e4_seed1,full,DT,V_raw,A0,T_1e4,0.0001,1,holdout,-1,val,165,41,1,1,0.8407079646017699
full_DT_V_raw_A0_T_1e4_seed1,full,DT,V_raw,A0,T_1e4,0.0001,1,holdout,-1,val,17,6,1,1,0.8407079646017699
full_DT_V_raw_A0_T_1e4_seed1,full,DT,V_raw,A0,T_1e4,0.0001,1,holdout,-1,val,129,35,0,0,0.0
full_DT_V_raw_A0_T_1e4_seed1,full,DT,V_raw,A0,T_1e4,0.0001,1,holdout,-1,val,67,25,1,0,0.2222222222222222
full_DT_V_raw_A0_T_1e4_seed1,full,DT,V_raw,A0,T_1e4,0.0001,1,holdout,-1,val,225,55,1,1,0.8407079646017699
full_DT_V_raw_A0_T_1e4_seed1,full,DT,V_raw,A0,T_1e4,0.0001,1,holdout,-1,val,115,32,1,1,0.8407079646017699
full_DT_V_raw_A0_T_1e4_seed1,full,DT,V_raw,A0,T_1e4,0.0001,1,holdout,-1,val,140,36,0,0,0.2222222222222222
full_DT_V_raw_A0_T_1e4_seed1,full,DT,V_raw,A0,T_1e4,0.0001,1,holdout,-1,val,74,27,0,1,0.8407079646017699
full_DT_V_raw_A0_T_1e4_seed1,full,DT,V_raw,A0,T_1e4,0.0001,1,holdout,-1,val,73,27,0,1,0.8407079646017699
full_DT_V_raw_A0_T_1e4_seed1,full,DT,V_raw,A0,T_1e4,0.0001,1,holdout,-1,val,186,47,1,1,0.8407079646017699
full_DT_V_raw_A0_T_1e4_seed1,full,DT,V_raw,A0,T_1e4,0.0001,1,holdout,-1,val,160,40,1,1,0.8407079646017699
full_DT_V_raw_A0_T_1e4_seed1,full,DT,V_raw,A0,T_1e4,0.0001,1,holdout,-1,val,127,34,1,1,0.8407079646017699
full_DT_V_raw_A0_T_1e4_seed1,full,DT,V_raw,A0,T_1e4,0.0001,1,holdout,-1,val,18,6,1,1,0.8407079646017699
full_DT_V_raw_A0_T_1e4_seed1,full,DT,V_raw,A0,T_1e4,0.0001,1,holdout,-1,val,75,27,0,1,0.8407079646017699
full_DT_V_raw_A0_T_1e4_seed1,full,DT,V_raw,A0,T_1e4,0.0001,1,holdout,-1,val,227,55,1,1,0.8407079646017699
full_DT_V_raw_A0_T_1e4_seed1,full,DT,V_raw,A0,T_1e4,0.0001,1,holdout,-1,val,148,38,1,1,1.0
full_DT_V_raw_A0_T_1e4_seed1,full,DT,V_raw,A0,T_1e4,0.0001,1,holdout,-1,val,92,31,1,1,0.8407079646017699
full_DT_V_raw_A0_T_1e4_seed1,full,DT,V_raw,A0,T_1e4,0.0001,1,holdout,-1,val,71,26,1,1,0.8407079646017699
full_DT_V_raw_A0_T_1e4_seed1,full,DT,V_raw,A0,T_1e4,0.0001,1,holdout,-1,val,80,28,1,1,0.8407079646017699
full_DT_V_raw_A0_T_1e4_seed1,full,DT,V_raw,A0,T_1e4,0.0001,1,holdout,-1,val,107,32,1,0,0.2222222222222222
full_DT_V_raw_A0_T_1e4_seed1,full,DT,V_raw,A0,T_1e4,0.0001,1,holdout,-1,val,199,50,1,1,0.8407079646017699
full_DT_V_raw_A0_T_1e4_seed1,full,DT,V_raw,A0,T_1e4,0.0001,1,holdout,-1,val,54,21,1,1,0.8407079646017699
full_DT_V_raw_A0_T_1e4_seed1,full,DT,V_raw,A0,T_1e4,0.0001,1,holdout,-1,val,109,32,0,0,0.0
full_DT_V_raw_A0_T_1e4_seed1,full,DT,V_raw,A0,T_1e4,0.0001,1,holdout,-1,val,201,50,0,1,0.8407079646017699
full_DT_V_raw_A0_T_1e4_seed1,full,DT,V_raw,A0,T_1e4,0.0001,1,holdout,-1,val,16,5,1,1,0.8407079646017699
full_DT_V_raw_A0_T_1e4_seed1,full,DT,V_raw,A0,T_1e4,0.0001,1,holdout,-1,val,13,4,0,1,0.8407079646017699
full_DT_V_raw_A0_T_1e4_seed1,full,DT,V_raw,A0,T_1e4,0.0001,1,holdout,-1,val,21,9,1,1,0.8407079646017699
full_DT_V_raw_A0_T_1e4_seed1,full,DT,V_raw,A0,T_1e4,0.0001,1,holdout,-1,val,169,41,0,1,0.8407079646017699
full_DT_V_raw_A0_T_1e4_seed1,full,DT,V_raw,A0,T_1e4,0.0001,1,holdout,-1,val,70,25,0,0,0.2222222222222222
full_DT_V_raw_A0_T_1e4_seed1,full,DT,V_raw,A0,T_1e4,0.0001,1,holdout,-1,val,11,4,1,1,0.8407079646017699
full_DT_V_raw_A0_T_1e4_seed1,full,DT,V_raw,A0,T_1e4,0.0001,1,holdout,-1,val,121,33,1,1,0.8407079646017699
full_DT_V_raw_A0_T_1e4_seed1,full,DT,V_raw,A0,T_1e4,0.0001,1,holdout,-1,val,196,49,1,1,0.8407079646017699
full_DT_V_raw_A0_T_1e4_seed1,full,DT,V_raw,A0,T_1e4,0.0001,1,holdout,-1,test,146,38,1,1,0.8407079646017699
full_DT_V_raw_A0_T_1e4_seed1,full,DT,V_raw,A0,T_1e4,0.0001,1,holdout,-1,test,66,25,0,0,0.2222222222222222
full_DT_V_raw_A0_T_1e4_seed1,full,DT,V_raw,A0,T_1e4,0.0001,1,holdout,-1,test,35,16,1,1,0.8407079646017699
full_DT_V_raw_A0_T_1e4_seed1,full,DT,V_raw,A0,T_1e4,0.0001,1,holdout,-1,test,204,51,1,1,0.8407079646017699
full_DT_V_raw_A0_T_1e4_seed1,full,DT,V_raw,A0,T_1e4,0.0001,1,holdout,-1,test,228,55,1,1,0.8407079646017699
full_DT_V_raw_A0_T_1e4_seed1,full,DT,V_raw,A0,T_1e4,0.0001,1,holdout,-1,test,19,7,1,0,0.2222222222222222
full_DT_V_raw_A0_T_1e4_seed1,full,DT,V_raw,A0,T_1e4,0.0001,1,holdout,-1,test,34,15,1,0,0.0
full_DT_V_raw_A0_T_1e4_seed1,full,DT,V_raw,A0,T_1e4,0.0001,1,holdout,-1,test,155,40,1,1,0.8407079646017699
full_DT_V_raw_A0_T_1e4_seed1,full,DT,V_raw,A0,T_1e4,0.0001,1,holdout,-1,test,39,18,1,1,0.8407079646017699
full_DT_V_raw_A0_T_1e4_seed1,full,DT,V_raw,A0,T_1e4,0.0001,1,holdout,-1,test,185,47,1,1,0.8407079646017699
full_DT_V_raw_A0_T_1e4_seed1,full,DT,V_raw,A0,T_1e4,0.0001,1,holdout,-1,test,37,16,1,0,0.2857142857142857
full_DT_V_raw_A0_T_1e4_seed1,full,DT,V_raw,A0,T_1e4,0.0001,1,holdout,-1,test,137,36,1,0,0.2222222222222222
full_DT_V_raw_A0_T_1e4_seed1,full,DT,V_raw,A0,T_1e4,0.0001,1,holdout,-1,test,14,4,0,1,0.8407079646017699
full_DT_V_raw_A0_T_1e4_seed1,full,DT,V_raw,A0,T_1e4,0.0001,1,holdout,-1,test,44,19,0,1,0.8407079646017699
full_DT_V_raw_A0_T_1e4_seed1,full,DT,V_raw,A0,T_1e4,0.0001,1,holdout,-1,test,86,30,1,1,0.8407079646017699
full_DT_V_raw_A0_T_1e4_seed1,full,DT,V_raw,A0,T_1e4,0.0001,1,holdout,-1,test,128,34,1,1,0.8407079646017699
full_DT_V_raw_A0_T_1e4_seed1,full,DT,V_raw,A0,T_1e4,0.0001,1,holdout,-1,test,49,20,1,1,0.8407079646017699
full_DT_V_raw_A0_T_1e4_seed1,full,DT,V_raw,A0,T_1e4,0.0001,1,holdout,-1,test,159,40,1,1,0.8407079646017699
full_DT_V_raw_A0_T_1e4_seed1,full,DT,V_raw,A0,T_1e4,0.0001,1,holdout,-1,test,47,20,0,1,0.8407079646017699
full_DT_V_raw_A0_T_1e4_seed1,full,DT,V_raw,A0,T_1e4,0.0001,1,holdout,-1,test,65,25,1,0,0.2222222222222222
full_DT_V_raw_A0_T_1e4_seed1,full,DT,V_raw,A0,T_1e4,0.0001,1,holdout,-1,test,113,32,0,1,0.8407079646017699
full_DT_V_raw_A0_T_1e4_seed1,full,DT,V_raw,A0,T_1e4,0.0001,1,holdout,-1,test,97,31,1,1,0.8407079646017699
full_DT_V_raw_A0_T_1e4_seed1,full,DT,V_raw,A0,T_1e4,0.0001,1,holdout,-1,test,68,25,0,0,0.2222222222222222
full_DT_V_raw_A0_T_1e4_seed1,full,DT,V_raw,A0,T_1e4,0.0001,1,holdout,-1,test,20,8,1,1,0.8407079646017699
full_DT_V_raw_A0_T_1e4_seed1,full,DT,V_raw,A0,T_1e4,0.0001,1,holdout,-1,test,117,32,1,1,0.8407079646017699
full_DT_V_raw_A0_T_1e4_seed1,full,DT,V_raw,A0,T_1e4,0.0001,1,holdout,-1,test,24,11,0,1,0.8407079646017699
full_DT_V_raw_A0_T_1e4_seed1,full,DT,V_raw,A0,T_1e4,0.0001,1,holdout,-1,test,9,3,0,0,0.0
full_DT_V_raw_A0_T_1e4_seed1,full,DT,V_raw,A0,T_1e4,0.0001,1,holdout,-1,test,2,1,0,0,0.0
full_DT_V_raw_A0_T_1e4_seed1,full,DT,V_raw,A0,T_1e4,0.0001,1,holdout,-1,test,184,47,1,1,0.8407079646017699
full_DT_V_raw_A0_T_1e4_seed1,full,DT,V_raw,A0,T_1e4,0.0001,1,holdout,-1,test,216,54,1,0,0.2222222222222222
full_DT_V_raw_A0_T_1e4_seed1,full,DT,V_raw,A0,T_1e4,0.0001,1,holdout,-1,test,166,41,1,1,0.8407079646017699
full_DT_V_raw_A0_T_1e4_seed1,full,DT,V_raw,A0,T_1e4,0.0001,1,holdout,-1,test,48,20,0,1,0.8407079646017699
full_DT_V_raw_A0_T_1e4_seed1,full,DT,V_raw,A0,T_1e4,0.0001,1,holdout,-1,test,203,51,1,1,0.8407079646017699
full_RF_V_raw_A0_T_1e4_seed1,full,RF,V_raw,A0,T_1e4,0.0001,1,holdout,-1,val,106,32,1,0,0.33
full_RF_V_raw_A0_T_1e4_seed1,full,RF,V_raw,A0,T_1e4,0.0001,1,holdout,-1,val,165,41,1,1,0.9966666666666668
full_RF_V_raw_A0_T_1e4_seed1,full,RF,V_raw,A0,T_1e4,0.0001,1,holdout,-1,val,17,6,1,1,0.904095238095238
full_RF_V_raw_A0_T_1e4_seed1,full,RF,V_raw,A0,T_1e4,0.0001,1,holdout,-1,val,129,35,0,0,0.0916666666666666
full_RF_V_raw_A0_T_1e4_seed1,full,RF,V_raw,A0,T_1e4,0.0001,1,holdout,-1,val,67,25,1,0,0.4216666666666667
full_RF_V_raw_A0_T_1e4_seed1,full,RF,V_raw,A0,T_1e4,0.0001,1,holdout,-1,val,225,55,1,1,0.9633333333333334
full_RF_V_raw_A0_T_1e4_seed1,full,RF,V_raw,A0,T_1e4,0.0001,1,holdout,-1,val,115,32,1,0,0.2233333333333333
full_RF_V_raw_A0_T_1e4_seed1,full,RF,V_raw,A0,T_1e4,0.0001,1,holdout,-1,val,140,36,0,0,0.06
full_RF_V_raw_A0_T_1e4_seed1,full,RF,V_raw,A0,T_1e4,0.0001,1,holdout,-1,val,74,27,0,0,0.275
full_RF_V_raw_A0_T_1e4_seed1,full,RF,V_raw,A0,T_1e4,0.0001,1,holdout,-1,val,73,27,0,0,0.3833333333333333
full_RF_V_raw_A0_T_1e4_seed1,full,RF,V_raw,A0,T_1e4,0.0001,1,holdout,-1,val,186,47,1,1,0.7966666666666666
full_RF_V_raw_A0_T_1e4_seed1,full,RF,V_raw,A0,T_1e4,0.0001,1,holdout,-1,val,160,40,1,1,0.9866666666666668
full_RF_V_raw_A0_T_1e4_seed1,full,RF,V_raw,A0,T_1e4,0.0001,1,holdout,-1,val,127,34,1,1,0.95
full_RF_V_raw_A0_T_1e4_seed1,full,RF,V_raw,A0,T_1e4,0.0001,1,holdout,-1,val,18,6,1,1,0.904095238095238
full_RF_V_raw_A0_T_1e4_seed1,full,RF,V_raw,A0,T_1e4,0.0001,1,holdout,-1,val,75,27,0,0,0.2483333333333333
full_RF_V_raw_A0_T_1e4_seed1,full,RF,V_raw,A0,T_1e4,0.0001,1,holdout,-1,val,227,55,1,1,0.9266666666666666
full_RF_V_raw_A0_T_1e4_seed1,full,RF,V_raw,A0,T_1e4,0.0001,1,holdout,-1,val,148,38,1,1,0.9866666666666668
full_RF_V_raw_A0_T_1e4_seed1,full,RF,V_raw,A0,T_1e4,0.0001,1,holdout,-1,val,92,31,1,0,0.4290555555555556
full_RF_V_raw_A0_T_1e4_seed1,full,RF,V_raw,A0,T_1e4,0.0001,1,holdout,-1,val,71,26,1,1,0.9
full_RF_V_raw_A0_T_1e4_seed1,full,RF,V_raw,A0,T_1e4,0.0001,1,holdout,-1,val,80,28,1,1,0.93
full_RF_V_raw_A0_T_1e4_seed1,full,RF,V_raw,A0,T_1e4,0.0001,1,holdout,-1,val,107,32,1,0,0.2933333333333333
full_RF_V_raw_A0_T_1e4_seed1,full,RF,V_raw,A0,T_1e4,0.0001,1,holdout,-1,val,199,50,1,1,0.7231507936507936
full_RF_V_raw_A0_T_1e4_seed1,full,RF,V_raw,A0,T_1e4,0.0001,1,holdout,-1,val,54,21,1,1,0.9766666666666668
full_RF_V_raw_A0_T_1e4_seed1,full,RF,V_raw,A0,T_1e4,0.0001,1,holdout,-1,val,109,32,0,0,0.0488888888888888
full_RF_V_raw_A0_T_1e4_seed1,full,RF,V_raw,A0,T_1e4,0.0001,1,holdout,-1,val,201,50,0,0,0.4814285714285715
full_RF_V_raw_A0_T_1e4_seed1,full,RF,V_raw,A0,T_1e4,0.0001,1,holdout,-1,val,16,5,1,1,0.9266666666666666
full_RF_V_raw_A0_T_1e4_seed1,full,RF,V_raw,A0,T_1e4,0.0001,1,holdout,-1,val,13,4,0,0,0.2255555555555555
full_RF_V_raw_A0_T_1e4_seed1,full,RF,V_raw,A0,T_1e4,0.0001,1,holdout,-1,val,21,9,1,1,0.7044444444444444
full_RF_V_raw_A0_T_1e4_seed1,full,RF,V_raw,A0,T_1e4,0.0001,1,holdout,-1,val,169,41,0,0,0.4476111111111111
full_RF_V_raw_A0_T_1e4_seed1,full,RF,V_raw,A0,T_1e4,0.0001,1,holdout,-1,val,70,25,0,0,0.0916666666666666
full_RF_V_raw_A0_T_1e4_seed1,full,RF,V_raw,A0,T_1e4,0.0001,1,holdout,-1,val,11,4,1,0,0.255
full_RF_V_raw_A0_T_1e4_seed1,full,RF,V_raw,A0,T_1e4,0.0001,1,holdout,-1,val,121,33,1,1,0.7066666666666667
full_RF_V_raw_A0_T_1e4_seed1,full,RF,V_raw,A0,T_1e4,0.0001,1,holdout,-1,val,196,49,1,1,0.93
full_RF_V_raw_A0_T_1e4_seed1,full,RF,V_raw,A0,T_1e4,0.0001,1,holdout,-1,test,146,38,1,1,0.9866666666666668
full_RF_V_raw_A0_T_1e4_seed1,full,RF,V_raw,A0,T_1e4,0.0001,1,holdout,-1,test,66,25,0,0,0.4083333333333333
full_RF_V_raw_A0_T_1e4_seed1,full,RF,V_raw,A0,T_1e4,0.0001,1,holdout,-1,test,35,16,1,1,0.8566666666666667
full_RF_V_raw_A0_T_1e4_seed1,full,RF,V_raw,A0,T_1e4,0.0001,1,holdout,-1,test,204,51,1,1,0.8516666666666667
full_RF_V_raw_A0_T_1e4_seed1,full,RF,V_raw,A0,T_1e4,0.0001,1,holdout,-1,test,228,55,1,1,0.9
full_RF_V_raw_A0_T_1e4_seed1,full,RF,V_raw,A0,T_1e4,0.0001,1,holdout,-1,test,19,7,1,1,0.53
full_RF_V_raw_A0_T_1e4_seed1,full,RF,V_raw,A0,T_1e4,0.0001,1,holdout,-1,test,34,15,1,0,0.1694444444444444
full_RF_V_raw_A0_T_1e4_seed1,full,RF,V_raw,A0,T_1e4,0.0001,1,holdout,-1,test,155,40,1,1,1.0
full_RF_V_raw_A0_T_1e4_seed1,full,RF,V_raw,A0,T_1e4,0.0001,1,holdout,-1,test,39,18,1,1,0.99
full_RF_V_raw_A0_T_1e4_seed1,full,RF,V_raw,A0,T_1e4,0.0001,1,holdout,-1,test,185,47,1,1,0.71
full_RF_V_raw_A0_T_1e4_seed1,full,RF,V_raw,A0,T_1e4,0.0001,1,holdout,-1,test,37,16,1,1,0.8333333333333334
full_RF_V_raw_A0_T_1e4_seed1,full,RF,V_raw,A0,T_1e4,0.0001,1,holdout,-1,test,137,36,1,0,0.4966666666666666
full_RF_V_raw_A0_T_1e4_seed1,full,RF,V_raw,A0,T_1e4,0.0001,1,holdout,-1,test,14,4,0,0,0.2526666666666666
full_RF_V_raw_A0_T_1e4_seed1,full,RF,V_raw,A0,T_1e4,0.0001,1,holdout,-1,test,44,19,0,1,0.7938888888888889
full_RF_V_raw_A0_T_1e4_seed1,full,RF,V_raw,A0,T_1e4,0.0001,1,holdout,-1,test,86,30,1,1,0.8866666666666667
full_RF_V_raw_A0_T_1e4_seed1,full,RF,V_raw,A0,T_1e4,0.0001,1,holdout,-1,test,128,34,1,1,0.9166666666666666
full_RF_V_raw_A0_T_1e4_seed1,full,RF,V_raw,A0,T_1e4,0.0001,1,holdout,-1,test,49,20,1,0,0.4966666666666666
full_RF_V_raw_A0_T_1e4_seed1,full,RF,V_raw,A0,T_1e4,0.0001,1,holdout,-1,test,159,40,1,1,0.98
full_RF_V_raw_A0_T_1e4_seed1,full,RF,V_raw,A0,T_1e4,0.0001,1,holdout,-1,test,47,20,0,0,0.3418333333333333
full_RF_V_raw_A0_T_1e4_seed1,full,RF,V_raw,A0,T_1e4,0.0001,1,holdout,-1,test,65,25,1,0,0.405
full_RF_V_raw_A0_T_1e4_seed1,full,RF,V_raw,A0,T_1e4,0.0001,1,holdout,-1,test,113,32,0,1,0.6533333333333333
full_RF_V_raw_A0_T_1e4_seed1,full,RF,V_raw,A0,T_1e4,0.0001,1,holdout,-1,test,97,31,1,1,0.87
full_RF_V_raw_A0_T_1e4_seed1,full,RF,V_raw,A0,T_1e4,0.0001,1,holdout,-1,test,68,25,0,0,0.4283333333333333
full_RF_V_raw_A0_T_1e4_seed1,full,RF,V_raw,A0,T_1e4,0.0001,1,holdout,-1,test,20,8,1,0,0.4498888888888889
full_RF_V_raw_A0_T_1e4_seed1,full,RF,V_raw,A0,T_1e4,0.0001,1,holdout,-1,test,117,32,1,1,0.8583333333333333
full_RF_V_raw_A0_T_1e4_seed1,full,RF,V_raw,A0,T_1e4,0.0001,1,holdout,-1,test,24,11,0,0,0.4389999999999999
full_RF_V_raw_A0_T_1e4_seed1,full,RF,V_raw,A0,T_1e4,0.0001,1,holdout,-1,test,9,3,0,0,0.2233333333333333
full_RF_V_raw_A0_T_1e4_seed1,full,RF,V_raw,A0,T_1e4,0.0001,1,holdout,-1,test,2,1,0,0,0.1953333333333333
full_RF_V_raw_A0_T_1e4_seed1,full,RF,V_raw,A0,T_1e4,0.0001,1,holdout,-1,test,184,47,1,1,0.7166666666666667
full_RF_V_raw_A0_T_1e4_seed1,full,RF,V_raw,A0,T_1e4,0.0001,1,holdout,-1,test,216,54,1,0,0.1066666666666666
full_RF_V_raw_A0_T_1e4_seed1,full,RF,V_raw,A0,T_1e4,0.0001,1,holdout,-1,test,166,41,1,1,0.99
full_RF_V_raw_A0_T_1e4_seed1,full,RF,V_raw,A0,T_1e4,0.0001,1,holdout,-1,test,48,20,0,1,0.6033333333333334
full_RF_V_raw_A0_T_1e4_seed1,full,RF,V_raw,A0,T_1e4,0.0001,1,holdout,-1,test,203,51,1,1,0.8016666666666666
full_LGBM_V_raw_A0_T_1e4_seed1,full,LGBM,V_raw,A0,T_1e4,0.0001,1,holdout,-1,val,106,32,1,1,0.6845210489588203
full_LGBM_V_raw_A0_T_1e4_seed1,full,LGBM,V_raw,A0,T_1e4,0.0001,1,holdout,-1,val,165,41,1,1,0.9998650880400934
full_LGBM_V_raw_A0_T_1e4_seed1,full,LGBM,V_raw,A0,T_1e4,0.0001,1,holdout,-1,val,17,6,1,1,0.9948170982223018
full_LGBM_V_raw_A0_T_1e4_seed1,full,LGBM,V_raw,A0,T_1e4,0.0001,1,holdout,-1,val,129,35,0,0,4.042796018072051e-05
full_LGBM_V_raw_A0_T_1e4_seed1,full,LGBM,V_raw,A0,T_1e4,0.0001,1,holdout,-1,val,67,25,1,0,0.0137159043109527
full_LGBM_V_raw_A0_T_1e4_seed1,full,LGBM,V_raw,A0,T_1e4,0.0001,1,holdout,-1,val,225,55,1,1,0.9996022229479936
full_LGBM_V_raw_A0_T_1e4_seed1,full,LGBM,V_raw,A0,T_1e4,0.0001,1,holdout,-1,val,115,32,1,0,0.0703853547488395
full_LGBM_V_raw_A0_T_1e4_seed1,full,LGBM,V_raw,A0,T_1e4,0.0001,1,holdout,-1,val,140,36,0,0,0.0188084399880132
full_LGBM_V_raw_A0_T_1e4_seed1,full,LGBM,V_raw,A0,T_1e4,0.0001,1,holdout,-1,val,74,27,0,0,0.0126491549883424
full_LGBM_V_raw_A0_T_1e4_seed1,full,LGBM,V_raw,A0,T_1e4,0.0001,1,holdout,-1,val,73,27,0,0,0.0599442823536862
full_LGBM_V_raw_A0_T_1e4_seed1,full,LGBM,V_raw,A0,T_1e4,0.0001,1,holdout,-1,val,186,47,1,1,0.9696868281647968
full_LGBM_V_raw_A0_T_1e4_seed1,full,LGBM,V_raw,A0,T_1e4,0.0001,1,holdout,-1,val,160,40,1,1,0.9992453979443572
full_LGBM_V_raw_A0_T_1e4_seed1,full,LGBM,V_raw,A0,T_1e4,0.0001,1,holdout,-1,val,127,34,1,1,0.9991362040402544
full_LGBM_V_raw_A0_T_1e4_seed1,full,LGBM,V_raw,A0,T_1e4,0.0001,1,holdout,-1,val,18,6,1,1,0.9948170982223018
full_LGBM_V_raw_A0_T_1e4_seed1,full,LGBM,V_raw,A0,T_1e4,0.0001,1,holdout,-1,val,75,27,0,0,0.0218992229322401
full_LGBM_V_raw_A0_T_1e4_seed1,full,LGBM,V_raw,A0,T_1e4,0.0001,1,holdout,-1,val,227,55,1,1,0.9994455789454684
full_LGBM_V_raw_A0_T_1e4_seed1,full,LGBM,V_raw,A0,T_1e4,0.0001,1,holdout,-1,val,148,38,1,1,0.9907604315206184
full_LGBM_V_raw_A0_T_1e4_seed1,full,LGBM,V_raw,A0,T_1e4,0.0001,1,holdout,-1,val,92,31,1,0,0.1242362179043368
full_LGBM_V_raw_A0_T_1e4_seed1,full,LGBM,V_raw,A0,T_1e4,0.0001,1,holdout,-1,val,71,26,1,1,0.9999145791768406
full_LGBM_V_raw_A0_T_1e4_seed1,full,LGBM,V_raw,A0,T_1e4,0.0001,1,holdout,-1,val,80,28,1,1,0.9994038049661156
full_LGBM_V_raw_A0_T_1e4_seed1,full,LGBM,V_raw,A0,T_1e4,0.0001,1,holdout,-1,val,107,32,1,1,0.6921494026292626
full_LGBM_V_raw_A0_T_1e4_seed1,full,LGBM,V_raw,A0,T_1e4,0.0001,1,holdout,-1,val,199,50,1,1,0.6560395281365035
full_LGBM_V_raw_A0_T_1e4_seed1,full,LGBM,V_raw,A0,T_1e4,0.0001,1,holdout,-1,val,54,21,1,1,0.9999168471467148
full_LGBM_V_raw_A0_T_1e4_seed1,full,LGBM,V_raw,A0,T_1e4,0.0001,1,holdout,-1,val,109,32,0,0,0.0035105177091146
full_LGBM_V_raw_A0_T_1e4_seed1,full,LGBM,V_raw,A0,T_1e4,0.0001,1,holdout,-1,val,201,50,0,0,0.0161007709685076
full_LGBM_V_raw_A0_T_1e4_seed1,full,LGBM,V_raw,A0,T_1e4,0.0001,1,holdout,-1,val,16,5,1,1,0.9997158469293662
full_LGBM_V_raw_A0_T_1e4_seed1,full,LGBM,V_raw,A0,T_1e4,0.0001,1,holdout,-1,val,13,4,0,0,0.0362416947771896
full_LGBM_V_raw_A0_T_1e4_seed1,full,LGBM,V_raw,A0,T_1e4,0.0001,1,holdout,-1,val,21,9,1,1,0.6346307796778585
full_LGBM_V_raw_A0_T_1e4_seed1,full,LGBM,V_raw,A0,T_1e4,0.0001,1,holdout,-1,val,169,41,0,0,0.2250932754283766
full_LGBM_V_raw_A0_T_1e4_seed1,full,LGBM,V_raw,A0,T_1e4,0.0001,1,holdout,-1,val,70,25,0,0,0.0021065193551752
full_LGBM_V_raw_A0_T_1e4_seed1,full,LGBM,V_raw,A0,T_1e4,0.0001,1,holdout,-1,val,11,4,1,0,0.0147024401571765
full_LGBM_V_raw_A0_T_1e4_seed1,full,LGBM,V_raw,A0,T_1e4,0.0001,1,holdout,-1,val,121,33,1,1,0.7462447006266394
full_LGBM_V_raw_A0_T_1e4_seed1,full,LGBM,V_raw,A0,T_1e4,0.0001,1,holdout,-1,val,196,49,1,1,0.996840776983193
full_LGBM_V_raw_A0_T_1e4_seed1,full,LGBM,V_raw,A0,T_1e4,0.0001,1,holdout,-1,test,146,38,1,1,0.99969235633635
full_LGBM_V_raw_A0_T_1e4_seed1,full,LGBM,V_raw,A0,T_1e4,0.0001,1,holdout,-1,test,66,25,0,0,0.0137159043109527
full_LGBM_V_raw_A0_T_1e4_seed1,full,LGBM,V_raw,A0,T_1e4,0.0001,1,holdout,-1,test,35,16,1,1,0.9812838549079368
full_LGBM_V_raw_A0_T_1e4_seed1,full,LGBM,V_raw,A0,T_1e4,0.0001,1,holdout,-1,test,204,51,1,1,0.9986639374559416
full_LGBM_V_raw_A0_T_1e4_seed1,full,LGBM,V_raw,A0,T_1e4,0.0001,1,holdout,-1,test,228,55,1,1,0.9999739901951176
full_LGBM_V_raw_A0_T_1e4_seed1,full,LGBM,V_raw,A0,T_1e4,0.0001,1,holdout,-1,test,19,7,1,0,0.4889257782199632
full_LGBM_V_raw_A0_T_1e4_seed1,full,LGBM,V_raw,A0,T_1e4,0.0001,1,holdout,-1,test,34,15,1,0,0.0138408246391601
full_LGBM_V_raw_A0_T_1e4_seed1,full,LGBM,V_raw,A0,T_1e4,0.0001,1,holdout,-1,test,155,40,1,1,0.9999520342735364
full_LGBM_V_raw_A0_T_1e4_seed1,full,LGBM,V_raw,A0,T_1e4,0.0001,1,holdout,-1,test,39,18,1,1,0.9999422643769345
full_LGBM_V_raw_A0_T_1e4_seed1,full,LGBM,V_raw,A0,T_1e4,0.0001,1,holdout,-1,test,185,47,1,1,0.9823261783288918
full_LGBM_V_raw_A0_T_1e4_seed1,full,LGBM,V_raw,A0,T_1e4,0.0001,1,holdout,-1,test,37,16,1,1,0.9988415623007352
full_LGBM_V_raw_A0_T_1e4_seed1,full,LGBM,V_raw,A0,T_1e4,0.0001,1,holdout,-1,test,137,36,1,1,0.9892629772009682
full_LGBM_V_raw_A0_T_1e4_seed1,full,LGBM,V_raw,A0,T_1e4,0.0001,1,holdout,-1,test,14,4,0,0,0.0297633131334929
full_LGBM_V_raw_A0_T_1e4_seed1,full,LGBM,V_raw,A0,T_1e4,0.0001,1,holdout,-1,test,44,19,0,1,0.9874615571658892
full_LGBM_V_raw_A0_T_1e4_seed1,full,LGBM,V_raw,A0,T_1e4,0.0001,1,holdout,-1,test,86,30,1,1,0.9840312159290382
full_LGBM_V_raw_A0_T_1e4_seed1,full,LGBM,V_raw,A0,T_1e4,0.0001,1,holdout,-1,test,128,34,1,1,0.9994980768472904
full_LGBM_V_raw_A0_T_1e4_seed1,full,LGBM,V_raw,A0,T_1e4,0.0001,1,holdout,-1,test,49,20,1,0,0.0790644073139937
full_LGBM_V_raw_A0_T_1e4_seed1,full,LGBM,V_raw,A0,T_1e4,0.0001,1,holdout,-1,test,159,40,1,1,0.9996757040958552
full_LGBM_V_raw_A0_T_1e4_seed1,full,LGBM,V_raw,A0,T_1e4,0.0001,1,holdout,-1,test,47,20,0,0,0.0135377788533545
full_LGBM_V_raw_A0_T_1e4_seed1,full,LGBM,V_raw,A0,T_1e4,0.0001,1,holdout,-1,test,65,25,1,0,0.0137159043109527
full_LGBM_V_raw_A0_T_1e4_seed1,full,LGBM,V_raw,A0,T_1e4,0.0001,1,holdout,-1,test,113,32,0,1,0.7918871431560404
full_LGBM_V_raw_A0_T_1e4_seed1,full,LGBM,V_raw,A0,T_1e4,0.0001,1,holdout,-1,test,97,31,1,1,0.7596687745810753
full_LGBM_V_raw_A0_T_1e4_seed1,full,LGBM,V_raw,A0,T_1e4,0.0001,1,holdout,-1,test,68,25,0,0,0.0137159043109527
full_LGBM_V_raw_A0_T_1e4_seed1,full,LGBM,V_raw,A0,T_1e4,0.0001,1,holdout,-1,test,20,8,1,1,0.742500741811243
full_LGBM_V_raw_A0_T_1e4_seed1,full,LGBM,V_raw,A0,T_1e4,0.0001,1,holdout,-1,test,117,32,1,1,0.9979456676563528
full_LGBM_V_raw_A0_T_1e4_seed1,full,LGBM,V_raw,A0,T_1e4,0.0001,1,holdout,-1,test,24,11,0,0,0.1881752889104463
full_LGBM_V_raw_A0_T_1e4_seed1,full,LGBM,V_raw,A0,T_1e4,0.0001,1,holdout,-1,test,9,3,0,0,0.0579911853517908
full_LGBM_V_raw_A0_T_1e4_seed1,full,LGBM,V_raw,A0,T_1e4,0.0001,1,holdout,-1,test,2,1,0,0,0.0177724677184198
full_LGBM_V_raw_A0_T_1e4_seed1,full,LGBM,V_raw,A0,T_1e4,0.0001,1,holdout,-1,test,184,47,1,1,0.8786272365544814
full_LGBM_V_raw_A0_T_1e4_seed1,full,LGBM,V_raw,A0,T_1e4,0.0001,1,holdout,-1,test,216,54,1,0,0.0241120417883152
full_LGBM_V_raw_A0_T_1e4_seed1,full,LGBM,V_raw,A0,T_1e4,0.0001,1,holdout,-1,test,166,41,1,1,0.9997503771048066
full_LGBM_V_raw_A0_T_1e4_seed1,full,LGBM,V_raw,A0,T_1e4,0.0001,1,holdout,-1,test,48,20,0,0,0.2599530030029341
full_LGBM_V_raw_A0_T_1e4_seed1,full,LGBM,V_raw,A0,T_1e4,0.0001,1,holdout,-1,test,203,51,1,1,0.9987258434477232
full_CB_V_raw_A0_T_1e4_seed1,full,CB,V_raw,A0,T_1e4,0.0001,1,holdout,-1,val,106,32,1,1,0.5154703505351629
full_CB_V_raw_A0_T_1e4_seed1,full,CB,V_raw,A0,T_1e4,0.0001,1,holdout,-1,val,165,41,1,1,0.9976728363641362
full_CB_V_raw_A0_T_1e4_seed1,full,CB,V_raw,A0,T_1e4,0.0001,1,holdout,-1,val,17,6,1,1,0.9913391950029006
full_CB_V_raw_A0_T_1e4_seed1,full,CB,V_raw,A0,T_1e4,0.0001,1,holdout,-1,val,129,35,0,0,0.0010953288591628
full_CB_V_raw_A0_T_1e4_seed1,full,CB,V_raw,A0,T_1e4,0.0001,1,holdout,-1,val,67,25,1,0,0.0271262466398438
full_CB_V_raw_A0_T_1e4_seed1,full,CB,V_raw,A0,T_1e4,0.0001,1,holdout,-1,val,225,55,1,1,0.9981612949707234
full_CB_V_raw_A0_T_1e4_seed1,full,CB,V_raw,A0,T_1e4,0.0001,1,holdout,-1,val,115,32,1,0,0.1970567768582879
full_CB_V_raw_A0_T_1e4_seed1,full,CB,V_raw,A0,T_1e4,0.0001,1,holdout,-1,val,140,36,0,0,0.0009668211552194
full_CB_V_raw_A0_T_1e4_seed1,full,CB,V_raw,A0,T_1e4,0.0001,1,holdout,-1,val,74,27,0,0,0.0407640161297409
full_CB_V_raw_A0_T_1e4_seed1,full,CB,V_raw,A0,T_1e4,0.0001,1,holdout,-1,val,73,27,0,0,0.0838977274210955
full_CB_V_raw_A0_T_1e4_seed1,full,CB,V_raw,A0,T_1e4,0.0001,1,holdout,-1,val,186,47,1,1,0.9807546375427404
full_CB_V_raw_A0_T_1e4_seed1,full,CB,V_raw,A0,T_1e4,0.0001,1,holdout,-1,val,160,40,1,1,0.9992214182775664
full_CB_V_raw_A0_T_1e4_seed1,full,CB,V_raw,A0,T_1e4,0.0001,1,holdout,-1,val,127,34,1,1,0.9988788612516474
full_CB_V_raw_A0_T_1e4_seed1,full,CB,V_raw,A0,T_1e4,0.0001,1,holdout,-1,val,18,6,1,1,0.9913391950029006
full_CB_V_raw_A0_T_1e4_seed1,full,CB,V_raw,A0,T_1e4,0.0001,1,holdout,-1,val,75,27,0,0,0.0240767530565571
full_CB_V_raw_A0_T_1e4_seed1,full,CB,V_raw,A0,T_1e4,0.0001,1,holdout,-1,val,227,55,1,1,0.9958619696874708
full_CB_V_raw_A0_T_1e4_seed1,full,CB,V_raw,A0,T_1e4,0.0001,1,holdout,-1,val,148,38,1,1,0.9942593571212088
full_CB_V_raw_A0_T_1e4_seed1,full,CB,V_raw,A0,T_1e4,0.0001,1,holdout,-1,val,92,31,1,0,0.1019343215947094
full_CB_V_raw_A0_T_1e4_seed1,full,CB,V_raw,A0,T_1e4,0.0001,1,holdout,-1,val,71,26,1,1,0.9996732464189124
full_CB_V_raw_A0_T_1e4_seed1,full,CB,V_raw,A0,T_1e4,0.0001,1,holdout,-1,val,80,28,1,1,0.9940616414749224
full_CB_V_raw_A0_T_1e4_seed1,full,CB,V_raw,A0,T_1e4,0.0001,1,holdout,-1,val,107,32,1,1,0.5132825556579481
full_CB_V_raw_A0_T_1e4_seed1,full,CB,V_raw,A0,T_1e4,0.0001,1,holdout,-1,val,199,50,1,1,0.9045049961216848
full_CB_V_raw_A0_T_1e4_seed1,full,CB,V_raw,A0,T_1e4,0.0001,1,holdout,-1,val,54,21,1,1,0.9994710985779862
full_CB_V_raw_A0_T_1e4_seed1,full,CB,V_raw,A0,T_1e4,0.0001,1,holdout,-1,val,109,32,0,0,0.0055182182892327
full_CB_V_raw_A0_T_1e4_seed1,full,CB,V_raw,A0,T_1e4,0.0001,1,holdout,-1,val,201,50,0,0,0.0632140665859223
full_CB_V_raw_A0_T_1e4_seed1,full,CB,V_raw,A0,T_1e4,0.0001,1,holdout,-1,val,16,5,1,1,0.9935608893552532
full_CB_V_raw_A0_T_1e4_seed1,full,CB,V_raw,A0,T_1e4,0.0001,1,holdout,-1,val,13,4,0,0,0.0013338657152745
full_CB_V_raw_A0_T_1e4_seed1,full,CB,V_raw,A0,T_1e4,0.0001,1,holdout,-1,val,21,9,1,1,0.5793741336693305
full_CB_V_raw_A0_T_1e4_seed1,full,CB,V_raw,A0,T_1e4,0.0001,1,holdout,-1,val,169,41,0,0,0.4135476201017622
full_CB_V_raw_A0_T_1e4_seed1,full,CB,V_raw,A0,T_1e4,0.0001,1,holdout,-1,val,70,25,0,0,0.0014247747821221
full_CB_V_raw_A0_T_1e4_seed1,full,CB,V_raw,A0,T_1e4,0.0001,1,holdout,-1,val,11,4,1,0,0.0023037458673414
full_CB_V_raw_A0_T_1e4_seed1,full,CB,V_raw,A0,T_1e4,0.0001,1,holdout,-1,val,121,33,1,0,0.4781560630589312
full_CB_V_raw_A0_T_1e4_seed1,full,CB,V_raw,A0,T_1e4,0.0001,1,holdout,-1,val,196,49,1,1,0.9957402287530436
full_CB_V_raw_A0_T_1e4_seed1,full,CB,V_raw,A0,T_1e4,0.0001,1,holdout,-1,test,146,38,1,1,0.9945927701646649
full_CB_V_raw_A0_T_1e4_seed1,full,CB,V_raw,A0,T_1e4,0.0001,1,holdout,-1,test,66,25,0,0,0.0308993110566456
full_CB_V_raw_A0_T_1e4_seed1,full,CB,V_raw,A0,T_1e4,0.0001,1,holdout,-1,test,35,16,1,1,0.9859008611748896
full_CB_V_raw_A0_T_1e4_seed1,full,CB,V_raw,A0,T_1e4,0.0001,1,holdout,-1,test,204,51,1,1,0.982865878386038
full_CB_V_raw_A0_T_1e4_seed1,full,CB,V_raw,A0,T_1e4,0.0001,1,holdout,-1,test,228,55,1,1,0.9951690329754256
full_CB_V_raw_A0_T_1e4_seed1,full,CB,V_raw,A0,T_1e4,0.0001,1,holdout,-1,test,19,7,1,1,0.7429032334140376
full_CB_V_raw_A0_T_1e4_seed1,full,CB,V_raw,A0,T_1e4,0.0001,1,holdout,-1,test,34,15,1,0,0.0369351721186216
full_CB_V_raw_A0_T_1e4_seed1,full,CB,V_raw,A0,T_1e4,0.0001,1,holdout,-1,test,155,40,1,1,0.9993966610502062
full_CB_V_raw_A0_T_1e4_seed1,full,CB,V_raw,A0,T_1e4,0.0001,1,holdout,-1,test,39,18,1,1,0.9994742865656756
full_CB_V_raw_A0_T_1e4_seed1,full,CB,V_raw,A0,T_1e4,0.0001,1,holdout,-1,test,185,47,1,1,0.982449748665953
full_CB_V_raw_A0_T_1e4_seed1,full,CB,V_raw,A0,T_1e4,0.0001,1,holdout,-1,test,37,16,1,1,0.9939459572764926
full_CB_V_raw_A0_T_1e4_seed1,full,CB,V_raw,A0,T_1e4,0.0001,1,holdout,-1,test,137,36,1,1,0.7906419826680348
full_CB_V_raw_A0_T_1e4_seed1,full,CB,V_raw,A0,T_1e4,0.0001,1,holdout,-1,test,14,4,0,0,0.0022681788516105
full_CB_V_raw_A0_T_1e4_seed1,full,CB,V_raw,A0,T_1e4,0.0001,1,holdout,-1,test,44,19,0,1,0.996934346587148
full_CB_V_raw_A0_T_1e4_seed1,full,CB,V_raw,A0,T_1e4,0.0001,1,holdout,-1,test,86,30,1,1,0.969896045451802
full_CB_V_raw_A0_T_1e4_seed1,full,CB,V_raw,A0,T_1e4,0.0001,1,holdout,-1,test,128,34,1,1,0.9969146206616282
full_CB_V_raw_A0_T_1e4_seed1,full,CB,V_raw,A0,T_1e4,0.0001,1,holdout,-1,test,49,20,1,1,0.5363407188766489
full_CB_V_raw_A0_T_1e4_seed1,full,CB,V_raw,A0,T_1e4,0.0001,1,holdout,-1,test,159,40,1,1,0.9989453301540676
full_CB_V_raw_A0_T_1e4_seed1,full,CB,V_raw,A0,T_1e4,0.0001,1,holdout,-1,test,47,20,0,0,0.0580626485002681
full_CB_V_raw_A0_T_1e4_seed1,full,CB,V_raw,A0,T_1e4,0.0001,1,holdout,-1,test,65,25,1,0,0.0286394510345817
full_CB_V_raw_A0_T_1e4_seed1,full,CB,V_raw,A0,T_1e4,0.0001,1,holdout,-1,test,113,32,0,1,0.9416345443698028
full_CB_V_raw_A0_T_1e4_seed1,full,CB,V_raw,A0,T_1e4,0.0001,1,holdout,-1,test,97,31,1,1,0.8327225434984006
full_CB_V_raw_A0_T_1e4_seed1,full,CB,V_raw,A0,T_1e4,0.0001,1,holdout,-1,test,68,25,0,0,0.0383219278646553
full_CB_V_raw_A0_T_1e4_seed1,full,CB,V_raw,A0,T_1e4,0.0001,1,holdout,-1,test,20,8,1,0,0.2647798456025045
full_CB_V_raw_A0_T_1e4_seed1,full,CB,V_raw,A0,T_1e4,0.0001,1,holdout,-1,test,117,32,1,1,0.9923011814858064
full_CB_V_raw_A0_T_1e4_seed1,full,CB,V_raw,A0,T_1e4,0.0001,1,holdout,-1,test,24,11,0,0,0.0939895266858892
full_CB_V_raw_A0_T_1e4_seed1,full,CB,V_raw,A0,T_1e4,0.0001,1,holdout,-1,test,9,3,0,0,0.0742078879185282
full_CB_V_raw_A0_T_1e4_seed1,full,CB,V_raw,A0,T_1e4,0.0001,1,holdout,-1,test,2,1,0,0,0.0547884107474696
full_CB_V_raw_A0_T_1e4_seed1,full,CB,V_raw,A0,T_1e4,0.0001,1,holdout,-1,test,184,47,1,1,0.9945813333176066
full_CB_V_raw_A0_T_1e4_seed1,full,CB,V_raw,A0,T_1e4,0.0001,1,holdout,-1,test,216,54,1,0,0.0187003481464072
full_CB_V_raw_A0_T_1e4_seed1,full,CB,V_raw,A0,T_1e4,0.0001,1,holdout,-1,test,166,41,1,1,0.9976456500965092
full_CB_V_raw_A0_T_1e4_seed1,full,CB,V_raw,A0,T_1e4,0.0001,1,holdout,-1,test,48,20,0,1,0.9316290406070666
full_CB_V_raw_A0_T_1e4_seed1,full,CB,V_raw,A0,T_1e4,0.0001,1,holdout,-1,test,203,51,1,1,0.9883550819555514
full_DT_V_raw_A0_T_1e4_seed2,full,DT,V_raw,A0,T_1e4,0.0001,2,holdout,-1,val,182,46,1,1,1.0
full_DT_V_raw_A0_T_1e4_seed2,full,DT,V_raw,A0,T_1e4,0.0001,2,holdout,-1,val,14,4,0,0,0.3333333333333333
full_DT_V_raw_A0_T_1e4_seed2,full,DT,V_raw,A0,T_1e4,0.0001,2,holdout,-1,val,228,55,1,1,1.0
full_DT_V_raw_A0_T_1e4_seed2,full,DT,V_raw,A0,T_1e4,0.0001,2,holdout,-1,val,67,25,1,0,0.3333333333333333
full_DT_V_raw_A0_T_1e4_seed2,full,DT,V_raw,A0,T_1e4,0.0001,2,holdout,-1,val,162,40,1,1,1.0
full_DT_V_raw_A0_T_1e4_seed2,full,DT,V_raw,A0,T_1e4,0.0001,2,holdout,-1,val,95,31,1,1,1.0
full_DT_V_raw_A0_T_1e4_seed2,full,DT,V_raw,A0,T_1e4,0.0001,2,holdout,-1,val,128,34,1,1,1.0
full_DT_V_raw_A0_T_1e4_seed2,full,DT,V_raw,A0,T_1e4,0.0001,2,holdout,-1,val,196,49,1,1,1.0
full_DT_V_raw_A0_T_1e4_seed2,full,DT,V_raw,A0,T_1e4,0.0001,2,holdout,-1,val,210,54,0,1,1.0
full_DT_V_raw_A0_T_1e4_seed2,full,DT,V_raw,A0,T_1e4,0.0001,2,holdout,-1,val,138,36,0,1,1.0
full_DT_V_raw_A0_T_1e4_seed2,full,DT,V_raw,A0,T_1e4,0.0001,2,holdout,-1,val,61,24,1,1,1.0
full_DT_V_raw_A0_T_1e4_seed2,full,DT,V_raw,A0,T_1e4,0.0001,2,holdout,-1,val,27,11,1,1,1.0
full_DT_V_raw_A0_T_1e4_seed2,full,DT,V_raw,A0,T_1e4,0.0001,2,holdout,-1,val,90,31,0,0,0.0
full_DT_V_raw_A0_T_1e4_seed2,full,DT,V_raw,A0,T_1e4,0.0001,2,holdout,-1,val,21,9,1,0,0.3333333333333333
full_DT_V_raw_A0_T_1e4_seed2,full,DT,V_raw,A0,T_1e4,0.0001,2,holdout,-1,val,140,36,0,0,0.0
full_DT_V_raw_A0_T_1e4_seed2,full,DT,V_raw,A0,T_1e4,0.0001,2,holdout,-1,val,181,45,1,1,1.0
full_DT_V_raw_A0_T_1e4_seed2,full,DT,V_raw,A0,T_1e4,0.0001,2,holdout,-1,val,211,54,1,1,1.0
full_DT_V_raw_A0_T_1e4_seed2,full,DT,V_raw,A0,T_1e4,0.0001,2,holdout,-1,val,142,37,1,0,0.0
full_DT_V_raw_A0_T_1e4_seed2,full,DT,V_raw,A0,T_1e4,0.0001,2,holdout,-1,val,75,27,0,1,1.0
full_DT_V_raw_A0_T_1e4_seed2,full,DT,V_raw,A0,T_1e4,0.0001,2,holdout,-1,val,175,44,1,1,1.0
full_DT_V_raw_A0_T_1e4_seed2,full,DT,V_raw,A0,T_1e4,0.0001,2,holdout,-1,val,35,16,1,1,1.0
full_DT_V_raw_A0_T_1e4_seed2,full,DT,V_raw,A0,T_1e4,0.0001,2,holdout,-1,val,218,54,1,1,1.0
full_DT_V_raw_A0_T_1e4_seed2,full,DT,V_raw,A0,T_1e4,0.0001,2,holdout,-1,val,224,54,1,1,1.0
full_DT_V_raw_A0_T_1e4_seed2,full,DT,V_raw,A0,T_1e4,0.0001,2,holdout,-1,val,32,14,1,1,1.0
full_DT_V_raw_A0_T_1e4_seed2,full,DT,V_raw,A0,T_1e4,0.0001,2,holdout,-1,val,149,38,1,1,1.0
full_DT_V_raw_A0_T_1e4_seed2,full,DT,V_raw,A0,T_1e4,0.0001,2,holdout,-1,val,4,1,1,1,1.0
full_DT_V_raw_A0_T_1e4_seed2,full,DT,V_raw,A0,T_1e4,0.0001,2,holdout,-1,val,109,32,0,0,0.0
full_DT_V_raw_A0_T_1e4_seed2,full,DT,V_raw,A0,T_1e4,0.0001,2,holdout,-1,val,60,22,0,1,1.0
full_DT_V_raw_A0_T_1e4_seed2,full,DT,V_raw,A0,T_1e4,0.0001,2,holdout,-1,val,132,35,0,1,1.0
full_DT_V_raw_A0_T_1e4_seed2,full,DT,V_raw,A0,T_1e4,0.0001,2,holdout,-1,val,201,50,0,1,0.6666666666666666
full_DT_V_raw_A0_T_1e4_seed2,full,DT,V_raw,A0,T_1e4,0.0001,2,holdout,-1,val,223,54,1,1,1.0
full_DT_V_raw_A0_T_1e4_seed2,full,DT,V_raw,A0,T_1e4,0.0001,2,holdout,-1,val,121,33,1,0,0.3333333333333333
full_DT_V_raw_A0_T_1e4_seed2,full,DT,V_raw,A0,T_1e4,0.0001,2,holdout,-1,val,135,36,1,1,1.0
full_DT_V_raw_A0_T_1e4_seed2,full,DT,V_raw,A0,T_1e4,0.0001,2,holdout,-1,test,111,32,1,1,1.0
full_DT_V_raw_A0_T_1e4_seed2,full,DT,V_raw,A0,T_1e4,0.0001,2,holdout,-1,test,204,51,1,1,1.0
full_DT_V_raw_A0_T_1e4_seed2,full,DT,V_raw,A0,T_1e4,0.0001,2,holdout,-1,test,227,55,1,1,1.0
full_DT_V_raw_A0_T_1e4_seed2,full,DT,V_raw,A0,T_1e4,0.0001,2,holdout,-1,test,70,25,0,0,0.3333333333333333
full_DT_V_raw_A0_T_1e4_seed2,full,DT,V_raw,A0,T_1e4,0.0001,2,holdout,-1,test,209,54,1,0,0.3333333333333333
full_DT_V_raw_A0_T_1e4_seed2,full,DT,V_raw,A0,T_1e4,0.0001,2,holdout,-1,test,120,33,1,0,0.0
full_DT_V_raw_A0_T_1e4_seed2,full,DT,V_raw,A0,T_1e4,0.0001,2,holdout,-1,test,107,32,1,1,0.6666666666666666
full_DT_V_raw_A0_T_1e4_seed2,full,DT,V_raw,A0,T_1e4,0.0001,2,holdout,-1,test,24,11,0,0,0.3333333333333333
full_DT_V_raw_A0_T_1e4_seed2,full,DT,V_raw,A0,T_1e4,0.0001,2,holdout,-1,test,92,31,1,0,0.3333333333333333
full_DT_V_raw_A0_T_1e4_seed2,full,DT,V_raw,A0,T_1e4,0.0001,2,holdout,-1,test,76,27,0,1,1.0
full_DT_V_raw_A0_T_1e4_seed2,full,DT,V_raw,A0,T_1e4,0.0001,2,holdout,-1,test,133,35,0,1,1.0
full_DT_V_raw_A0_T_1e4_seed2,full,DT,V_raw,A0,T_1e4,0.0001,2,holdout,-1,test,31,13,1,1,1.0
full_DT_V_raw_A0_T_1e4_seed2,full,DT,V_raw,A0,T_1e4,0.0001,2,holdout,-1,test,39,18,1,1,1.0
full_DT_V_raw_A0_T_1e4_seed2,full,DT,V_raw,A0,T_1e4,0.0001,2,holdout,-1,test,52,21,1,1,1.0
full_DT_V_raw_A0_T_1e4_seed2,full,DT,V_raw,A0,T_1e4,0.0001,2,holdout,-1,test,23,11,0,0,0.0
full_DT_V_raw_A0_T_1e4_seed2,full,DT,V_raw,A0,T_1e4,0.0001,2,holdout,-1,test,49,20,1,0,0.0
full_DT_V_raw_A0_T_1e4_seed2,full,DT,V_raw,A0,T_1e4,0.0001,2,holdout,-1,test,62,24,1,1,1.0
full_DT_V_raw_A0_T_1e4_seed2,full,DT,V_raw,A0,T_1e4,0.0001,2,holdout,-1,test,184,47,1,1,1.0
full_DT_V_raw_A0_T_1e4_seed2,full,DT,V_raw,A0,T_1e4,0.0001,2,holdout,-1,test,131,35,0,0,0.3333333333333333
full_DT_V_raw_A0_T_1e4_seed2,full,DT,V_raw,A0,T_1e4,0.0001,2,holdout,-1,test,126,34,1,1,1.0
full_DT_V_raw_A0_T_1e4_seed2,full,DT,V_raw,A0,T_1e4,0.0001,2,holdout,-1,test,137,36,1,1,1.0
full_DT_V_raw_A0_T_1e4_seed2,full,DT,V_raw,A0,T_1e4,0.0001,2,holdout,-1,test,150,38,1,1,1.0
full_DT_V_raw_A0_T_1e4_seed2,full,DT,V_raw,A0,T_1e4,0.0001,2,holdout,-1,test,205,51,1,1,1.0
full_DT_V_raw_A0_T_1e4_seed2,full,DT,V_raw,A0,T_1e4,0.0001,2,holdout,-1,test,58,22,1,1,1.0
full_DT_V_raw_A0_T_1e4_seed2,full,DT,V_raw,A0,T_1e4,0.0001,2,holdout,-1,test,93,31,1,1,1.0
full_DT_V_raw_A0_T_1e4_seed2,full,DT,V_raw,A0,T_1e4,0.0001,2,holdout,-1,test,47,20,0,0,0.3333333333333333
full_DT_V_raw_A0_T_1e4_seed2,full,DT,V_raw,A0,T_1e4,0.0001,2,holdout,-1,test,195,49,1,0,0.3333333333333333
full_DT_V_raw_A0_T_1e4_seed2,full,DT,V_raw,A0,T_1e4,0.0001,2,holdout,-1,test,222,54,0,1,1.0
full_DT_V_raw_A0_T_1e4_seed2,full,DT,V_raw,A0,T_1e4,0.0001,2,holdout,-1,test,151,38,1,1,1.0
full_DT_V_raw_A0_T_1e4_seed2,full,DT,V_raw,A0,T_1e4,0.0001,2,holdout,-1,test,136,36,1,1,1.0
full_DT_V_raw_A0_T_1e4_seed2,full,DT,V_raw,A0,T_1e4,0.0001,2,holdout,-1,test,85,30,1,0,0.3333333333333333
full_DT_V_raw_A0_T_1e4_seed2,full,DT,V_raw,A0,T_1e4,0.0001,2,holdout,-1,test,66,25,0,0,0.3333333333333333
full_DT_V_raw_A0_T_1e4_seed2,full,DT,V_raw,A0,T_1e4,0.0001,2,holdout,-1,test,123,34,0,1,0.6666666666666666
full_RF_V_raw_A0_T_1e4_seed2,full,RF,V_raw,A0,T_1e4,0.0001,2,holdout,-1,val,182,46,1,1,0.608414021164021
full_RF_V_raw_A0_T_1e4_seed2,full,RF,V_raw,A0,T_1e4,0.0001,2,holdout,-1,val,14,4,0,0,0.3457065249565249
full_RF_V_raw_A0_T_1e4_seed2,full,RF,V_raw,A0,T_1e4,0.0001,2,holdout,-1,val,228,55,1,1,0.9680396825396826
full_RF_V_raw_A0_T_1e4_seed2,full,RF,V_raw,A0,T_1e4,0.0001,2,holdout,-1,val,67,25,1,0,0.3958489565989566
full_RF_V_raw_A0_T_1e4_seed2,full,RF,V_raw,A0,T_1e4,0.0001,2,holdout,-1,val,162,40,1,1,0.982734126984127
full_RF_V_raw_A0_T_1e4_seed2,full,RF,V_raw,A0,T_1e4,0.0001,2,holdout,-1,val,95,31,1,1,0.9067420634920638
full_RF_V_raw_A0_T_1e4_seed2,full,RF,V_raw,A0,T_1e4,0.0001,2,holdout,-1,val,128,34,1,1,0.9665
full_RF_V_raw_A0_T_1e4_seed2,full,RF,V_raw,A0,T_1e4,0.0001,2,holdout,-1,val,196,49,1,1,0.8680591630591632
full_RF_V_raw_A0_T_1e4_seed2,full,RF,V_raw,A0,T_1e4,0.0001,2,holdout,-1,val,210,54,0,1,0.7985287805876041
full_RF_V_raw_A0_T_1e4_seed2,full,RF,V_raw,A0,T_1e4,0.0001,2,holdout,-1,val,138,36,0,1,0.7287044252044249
full_RF_V_raw_A0_T_1e4_seed2,full,RF,V_raw,A0,T_1e4,0.0001,2,holdout,-1,val,61,24,1,1,0.8317045454545458
full_RF_V_raw_A0_T_1e4_seed2,full,RF,V_raw,A0,T_1e4,0.0001,2,holdout,-1,val,27,11,1,1,0.946845238095238
full_RF_V_raw_A0_T_1e4_seed2,full,RF,V_raw,A0,T_1e4,0.0001,2,holdout,-1,val,90,31,0,0,0.3155473692973694
full_RF_V_raw_A0_T_1e4_seed2,full,RF,V_raw,A0,T_1e4,0.0001,2,holdout,-1,val,21,9,1,0,0.4911324378236144
full_RF_V_raw_A0_T_1e4_seed2,full,RF,V_raw,A0,T_1e4,0.0001,2,holdout,-1,val,140,36,0,0,0.3305587522499286
full_RF_V_raw_A0_T_1e4_seed2,full,RF,V_raw,A0,T_1e4,0.0001,2,holdout,-1,val,181,45,1,1,0.9399229196729202
full_RF_V_raw_A0_T_1e4_seed2,full,RF,V_raw,A0,T_1e4,0.0001,2,holdout,-1,val,211,54,1,1,0.9096297074385312
full_RF_V_raw_A0_T_1e4_seed2,full,RF,V_raw,A0,T_1e4,0.0001,2,holdout,-1,val,142,37,1,1,0.6892514430014434
full_RF_V_raw_A0_T_1e4_seed2,full,RF,V_raw,A0,T_1e4,0.0001,2,holdout,-1,val,75,27,0,1,0.6346926406926408
full_RF_V_raw_A0_T_1e4_seed2,full,RF,V_raw,A0,T_1e4,0.0001,2,holdout,-1,val,175,44,1,1,0.9282380952380956
full_RF_V_raw_A0_T_1e4_seed2,full,RF,V_raw,A0,T_1e4,0.0001,2,holdout,-1,val,35,16,1,1,0.8168121693121696
full_RF_V_raw_A0_T_1e4_seed2,full,RF,V_raw,A0,T_1e4,0.0001,2,holdout,-1,val,218,54,1,1,0.9215992841581078
full_RF_V_raw_A0_T_1e4_seed2,full,RF,V_raw,A0,T_1e4,0.0001,2,holdout,-1,val,224,54,1,1,0.9215992841581078
full_RF_V_raw_A0_T_1e4_seed2,full,RF,V_raw,A0,T_1e4,0.0001,2,holdout,-1,val,32,14,1,1,0.7305590428090429
full_RF_V_raw_A0_T_1e4_seed2,full,RF,V_raw,A0,T_1e4,0.0001,2,holdout,-1,val,149,38,1,1,0.8808699726199727
full_RF_V_raw_A0_T_1e4_seed2,full,RF,V_raw,A0,T_1e4,0.0001,2,holdout,-1,val,4,1,1,1,0.941621693121693
full_RF_V_raw_A0_T_1e4_seed2,full,RF,V_raw,A0,T_1e4,0.0001,2,holdout,-1,val,109,32,0,0,0.1369938672438672
full_RF_V_raw_A0_T_1e4_seed2,full,RF,V_raw,A0,T_1e4,0.0001,2,holdout,-1,val,60,22,0,1,0.6780867003367003
full_RF_V_raw_A0_T_1e4_seed2,full,RF,V_raw,A0,T_1e4,0.0001,2,holdout,-1,val,132,35,0,1,0.6703647186147188
full_RF_V_raw_A0_T_1e4_seed2,full,RF,V_raw,A0,T_1e4,0.0001,2,holdout,-1,val,201,50,0,1,0.7082384467384468
full_RF_V_raw_A0_T_1e4_seed2,full,RF,V_raw,A0,T_1e4,0.0001,2,holdout,-1,val,223,54,1,1,0.9096297074385312
full_RF_V_raw_A0_T_1e4_seed2,full,RF,V_raw,A0,T_1e4,0.0001,2,holdout,-1,val,121,33,1,1,0.6644178691678693
full_RF_V_raw_A0_T_1e4_seed2,full,RF,V_raw,A0,T_1e4,0.0001,2,holdout,-1,val,135,36,1,1,0.738204425204425
full_RF_V_raw_A0_T_1e4_seed2,full,RF,V_raw,A0,T_1e4,0.0001,2,holdout,-1,test,111,32,1,1,0.658290644540645
full_RF_V_raw_A0_T_1e4_seed2,full,RF,V_raw,A0,T_1e4,0.0001,2,holdout,-1,test,204,51,1,1,0.8745155122655124
full_RF_V_raw_A0_T_1e4_seed2,full,RF,V_raw,A0,T_1e4,0.0001,2,holdout,-1,test,227,55,1,1,0.9445
full_RF_V_raw_A0_T_1e4_seed2,full,RF,V_raw,A0,T_1e4,0.0001,2,holdout,-1,test,70,25,0,0,0.2420869223369224
full_RF_V_raw_A0_T_1e4_seed2,full,RF,V_raw,A0,T_1e4,0.0001,2,holdout,-1,test,209,54,1,0,0.4738998223998228
full_RF_V_raw_A0_T_1e4_seed2,full,RF,V_raw,A0,T_1e4,0.0001,2,holdout,-1,test,120,33,1,1,0.669130832130832
full_RF_V_raw_A0_T_1e4_seed2,full,RF,V_raw,A0,T_1e4,0.0001,2,holdout,-1,test,107,32,1,1,0.5779365634365632
full_RF_V_raw_A0_T_1e4_seed2,full,RF,V_raw,A0,T_1e4,0.0001,2,holdout,-1,test,24,11,0,1,0.5947711085211086
full_RF_V_raw_A0_T_1e4_seed2,full,RF,V_raw,A0,T_1e4,0.0001,2,holdout,-1,test,92,31,1,1,0.5875603470603472
full_RF_V_raw_A0_T_1e4_seed2,full,RF,V_raw,A0,T_1e4,0.0001,2,holdout,-1,test,76,27,0,1,0.6214148629148628
full_RF_V_raw_A0_T_1e4_seed2,full,RF,V_raw,A0,T_1e4,0.0001,2,holdout,-1,test,133,35,0,1,0.6631504329004331
full_RF_V_raw_A0_T_1e4_seed2,full,RF,V_raw,A0,T_1e4,0.0001,2,holdout,-1,test,31,13,1,1,0.8581055796055794
full_RF_V_raw_A0_T_1e4_seed2,full,RF,V_raw,A0,T_1e4,0.0001,2,holdout,-1,test,39,18,1,1,0.9914603174603176
full_RF_V_raw_A0_T_1e4_seed2,full,RF,V_raw,A0,T_1e4,0.0001,2,holdout,-1,test,52,21,1,1,0.9574854497354496
full_RF_V_raw_A0_T_1e4_seed2,full,RF,V_raw,A0,T_1e4,0.0001,2,holdout,-1,test,23,11,0,0,0.4606957486957488
full_RF_V_raw_A0_T_1e4_seed2,full,RF,V_raw,A0,T_1e4,0.0001,2,holdout,-1,test,49,20,1,1,0.5309938672438673
full_RF_V_raw_A0_T_1e4_seed2,full,RF,V_raw,A0,T_1e4,0.0001,2,holdout,-1,test,62,24,1,1,0.8327680375180377
full_RF_V_raw_A0_T_1e4_seed2,full,RF,V_raw,A0,T_1e4,0.0001,2,holdout,-1,test,184,47,1,1,0.7711708754208756
full_RF_V_raw_A0_T_1e4_seed2,full,RF,V_raw,A0,T_1e4,0.0001,2,holdout,-1,test,131,35,0,0,0.3400443722943723
full_RF_V_raw_A0_T_1e4_seed2,full,RF,V_raw,A0,T_1e4,0.0001,2,holdout,-1,test,126,34,1,1,0.9856746031746032
full_RF_V_raw_A0_T_1e4_seed2,full,RF,V_raw,A0,T_1e4,0.0001,2,holdout,-1,test,137,36,1,1,0.7310377585377583
full_RF_V_raw_A0_T_1e4_seed2,full,RF,V_raw,A0,T_1e4,0.0001,2,holdout,-1,test,150,38,1,1,0.8808699726199727
full_RF_V_raw_A0_T_1e4_seed2,full,RF,V_raw,A0,T_1e4,0.0001,2,holdout,-1,test,205,51,1,1,0.738629148629149
full_RF_V_raw_A0_T_1e4_seed2,full,RF,V_raw,A0,T_1e4,0.0001,2,holdout,-1,test,58,22,1,1,0.8070310522810521
full_RF_V_raw_A0_T_1e4_seed2,full,RF,V_raw,A0,T_1e4,0.0001,2,holdout,-1,test,93,31,1,1,0.9040171957671956
full_RF_V_raw_A0_T_1e4_seed2,full,RF,V_raw,A0,T_1e4,0.0001,2,holdout,-1,test,47,20,0,0,0.4254005346505346
full_RF_V_raw_A0_T_1e4_seed2,full,RF,V_raw,A0,T_1e4,0.0001,2,holdout,-1,test,195,49,1,1,0.7279577922077923
full_RF_V_raw_A0_T_1e4_seed2,full,RF,V_raw,A0,T_1e4,0.0001,2,holdout,-1,test,222,54,0,1,0.7985287805876041
full_RF_V_raw_A0_T_1e4_seed2,full,RF,V_raw,A0,T_1e4,0.0001,2,holdout,-1,test,151,38,1,1,0.8756755281755282
full_RF_V_raw_A0_T_1e4_seed2,full,RF,V_raw,A0,T_1e4,0.0001,2,holdout,-1,test,136,36,1,1,0.7310377585377583
full_RF_V_raw_A0_T_1e4_seed2,full,RF,V_raw,A0,T_1e4,0.0001,2,holdout,-1,test,85,30,1,1,0.6655342712842712
full_RF_V_raw_A0_T_1e4_seed2,full,RF,V_raw,A0,T_1e4,0.0001,2,holdout,-1,test,66,25,0,0,0.4034415491915493
full_RF_V_raw_A0_T_1e4_seed2,full,RF,V_raw,A0,T_1e4,0.0001,2,holdout,-1,test,123,34,0,0,0.3493818866318867
full_LGBM_V_raw_A0_T_1e4_seed2,full,LGBM,V_raw,A0,T_1e4,0.0001,2,holdout,-1,val,182,46,1,1,0.8048909312710729
full_LGBM_V_raw_A0_T_1e4_seed2,full,LGBM,V_raw,A0,T_1e4,0.0001,2,holdout,-1,val,14,4,0,0,0.0067269765046359
full_LGBM_V_raw_A0_T_1e4_seed2,full,LGBM,V_raw,A0,T_1e4,0.0001,2,holdout,-1,val,228,55,1,1,0.9999958257222058
full_LGBM_V_raw_A0_T_1e4_seed2,full,LGBM,V_raw,A0,T_1e4,0.0001,2,holdout,-1,val,67,25,1,0,0.0351899565164703
full_LGBM_V_raw_A0_T_1e4_seed2,full,LGBM,V_raw,A0,T_1e4,0.0001,2,holdout,-1,val,162,40,1,1,0.9999670413163584
full_LGBM_V_raw_A0_T_1e4_seed2,full,LGBM,V_raw,A0,T_1e4,0.0001,2,holdout,-1,val,95,31,1,1,0.9997057964822754
full_LGBM_V_raw_A0_T_1e4_seed2,full,LGBM,V_raw,A0,T_1e4,0.0001,2,holdout,-1,val,128,34,1,1,0.9999609766707056
full_LGBM_V_raw_A0_T_1e4_seed2,full,LGBM,V_raw,A0,T_1e4,0.0001,2,holdout,-1,val,196,49,1,1,0.9964789236308144
full_LGBM_V_raw_A0_T_1e4_seed2,full,LGBM,V_raw,A0,T_1e4,0.0001,2,holdout,-1,val,210,54,0,1,0.9933915328114608
full_LGBM_V_raw_A0_T_1e4_seed2,full,LGBM,V_raw,A0,T_1e4,0.0001,2,holdout,-1,val,138,36,0,1,0.8003472366911308
full_LGBM_V_raw_A0_T_1e4_seed2,full,LGBM,V_raw,A0,T_1e4,0.0001,2,holdout,-1,val,61,24,1,1,0.9989247200594108
full_LGBM_V_raw_A0_T_1e4_seed2,full,LGBM,V_raw,A0,T_1e4,0.0001,2,holdout,-1,val,27,11,1,1,0.9998985289127158
full_LGBM_V_raw_A0_T_1e4_seed2,full,LGBM,V_raw,A0,T_1e4,0.0001,2,holdout,-1,val,90,31,0,0,0.0081507665675303
full_LGBM_V_raw_A0_T_1e4_seed2,full,LGBM,V_raw,A0,T_1e4,0.0001,2,holdout,-1,val,21,9,1,0,0.334452222346491
full_LGBM_V_raw_A0_T_1e4_seed2,full,LGBM,V_raw,A0,T_1e4,0.0001,2,holdout,-1,val,140,36,0,0,0.0083115442197193
full_LGBM_V_raw_A0_T_1e4_seed2,full,LGBM,V_raw,A0,T_1e4,0.0001,2,holdout,-1,val,181,45,1,1,0.999989857380138
full_LGBM_V_raw_A0_T_1e4_seed2,full,LGBM,V_raw,A0,T_1e4,0.0001,2,holdout,-1,val,211,54,1,1,0.9996450350312248
full_LGBM_V_raw_A0_T_1e4_seed2,full,LGBM,V_raw,A0,T_1e4,0.0001,2,holdout,-1,val,142,37,1,0,0.339492587194417
full_LGBM_V_raw_A0_T_1e4_seed2,full,LGBM,V_raw,A0,T_1e4,0.0001,2,holdout,-1,val,75,27,0,1,0.7309539031842383
full_LGBM_V_raw_A0_T_1e4_seed2,full,LGBM,V_raw,A0,T_1e4,0.0001,2,holdout,-1,val,175,44,1,1,0.995866711647628
full_LGBM_V_raw_A0_T_1e4_seed2,full,LGBM,V_raw,A0,T_1e4,0.0001,2,holdout,-1,val,35,16,1,1,0.998645269449836
full_LGBM_V_raw_A0_T_1e4_seed2,full,LGBM,V_raw,A0,T_1e4,0.0001,2,holdout,-1,val,218,54,1,1,0.9992087872064488
full_LGBM_V_raw_A0_T_1e4_seed2,full,LGBM,V_raw,A0,T_1e4,0.0001,2,holdout,-1,val,224,54,1,1,0.9992087872064488
full_LGBM_V_raw_A0_T_1e4_seed2,full,LGBM,V_raw,A0,T_1e4,0.0001,2,holdout,-1,val,32,14,1,1,0.965962567775048
full_LGBM_V_raw_A0_T_1e4_seed2,full,LGBM,V_raw,A0,T_1e4,0.0001,2,holdout,-1,val,149,38,1,1,0.9970760445091718
full_LGBM_V_raw_A0_T_1e4_seed2,full,LGBM,V_raw,A0,T_1e4,0.0001,2,holdout,-1,val,4,1,1,1,0.9999777882503604
full_LGBM_V_raw_A0_T_1e4_seed2,full,LGBM,V_raw,A0,T_1e4,0.0001,2,holdout,-1,val,109,32,0,0,0.0006448382649682
full_LGBM_V_raw_A0_T_1e4_seed2,full,LGBM,V_raw,A0,T_1e4,0.0001,2,holdout,-1,val,60,22,0,1,0.9951116047948448
full_LGBM_V_raw_A0_T_1e4_seed2,full,LGBM,V_raw,A0,T_1e4,0.0001,2,holdout,-1,val,132,35,0,1,0.9225866297060664
full_LGBM_V_raw_A0_T_1e4_seed2,full,LGBM,V_raw,A0,T_1e4,0.0001,2,holdout,-1,val,201,50,0,0,0.0182819521698167
full_LGBM_V_raw_A0_T_1e4_seed2,full,LGBM,V_raw,A0,T_1e4,0.0001,2,holdout,-1,val,223,54,1,1,0.9996450350312248
full_LGBM_V_raw_A0_T_1e4_seed2,full,LGBM,V_raw,A0,T_1e4,0.0001,2,holdout,-1,val,121,33,1,0,0.0814729754541824
full_LGBM_V_raw_A0_T_1e4_seed2,full,LGBM,V_raw,A0,T_1e4,0.0001,2,holdout,-1,val,135,36,1,1,0.9740811120184868
full_LGBM_V_raw_A0_T_1e4_seed2,full,LGBM,V_raw,A0,T_1e4,0.0001,2,holdout,-1,test,111,32,1,1,0.9830068918577728
full_LGBM_V_raw_A0_T_1e4_seed2,full,LGBM,V_raw,A0,T_1e4,0.0001,2,holdout,-1,test,204,51,1,1,0.9995515464256404
full_LGBM_V_raw_A0_T_1e4_seed2,full,LGBM,V_raw,A0,T_1e4,0.0001,2,holdout,-1,test,227,55,1,1,0.9996500763008964
full_LGBM_V_raw_A0_T_1e4_seed2,full,LGBM,V_raw,A0,T_1e4,0.0001,2,holdout,-1,test,70,25,0,0,0.0030160018362338
full_LGBM_V_raw_A0_T_1e4_seed2,full,LGBM,V_raw,A0,T_1e4,0.0001,2,holdout,-1,test,209,54,1,0,0.4988583296963432
full_LGBM_V_raw_A0_T_1e4_seed2,full,LGBM,V_raw,A0,T_1e4,0.0001,2,holdout,-1,test,120,33,1,0,0.2411414879357878
full_LGBM_V_raw_A0_T_1e4_seed2,full,LGBM,V_raw,A0,T_1e4,0.0001,2,holdout,-1,test,107,32,1,1,0.987322678982155
full_LGBM_V_raw_A0_T_1e4_seed2,full,LGBM,V_raw,A0,T_1e4,0.0001,2,holdout,-1,test,24,11,0,1,0.6725360662217043
full_LGBM_V_raw_A0_T_1e4_seed2,full,LGBM,V_raw,A0,T_1e4,0.0001,2,holdout,-1,test,92,31,1,0,0.4850683125816719
full_LGBM_V_raw_A0_T_1e4_seed2,full,LGBM,V_raw,A0,T_1e4,0.0001,2,holdout,-1,test,76,27,0,1,0.7249284129683946
full_LGBM_V_raw_A0_T_1e4_seed2,full,LGBM,V_raw,A0,T_1e4,0.0001,2,holdout,-1,test,133,35,0,1,0.9306111765511944
full_LGBM_V_raw_A0_T_1e4_seed2,full,LGBM,V_raw,A0,T_1e4,0.0001,2,holdout,-1,test,31,13,1,1,0.9994124225079168
full_LGBM_V_raw_A0_T_1e4_seed2,full,LGBM,V_raw,A0,T_1e4,0.0001,2,holdout,-1,test,39,18,1,1,0.9999803190535428
full_LGBM_V_raw_A0_T_1e4_seed2,full,LGBM,V_raw,A0,T_1e4,0.0001,2,holdout,-1,test,52,21,1,1,0.9999565284756268
full_LGBM_V_raw_A0_T_1e4_seed2,full,LGBM,V_raw,A0,T_1e4,0.0001,2,holdout,-1,test,23,11,0,0,0.0597235220214584
full_LGBM_V_raw_A0_T_1e4_seed2,full,LGBM,V_raw,A0,T_1e4,0.0001,2,holdout,-1,test,49,20,1,0,0.0055708773608359
full_LGBM_V_raw_A0_T_1e4_seed2,full,LGBM,V_raw,A0,T_1e4,0.0001,2,holdout,-1,test,62,24,1,1,0.9984960779634054
full_LGBM_V_raw_A0_T_1e4_seed2,full,LGBM,V_raw,A0,T_1e4,0.0001,2,holdout,-1,test,184,47,1,1,0.8872458015210204
full_LGBM_V_raw_A0_T_1e4_seed2,full,LGBM,V_raw,A0,T_1e4,0.0001,2,holdout,-1,test,131,35,0,0,0.0090030319105576
full_LGBM_V_raw_A0_T_1e4_seed2,full,LGBM,V_raw,A0,T_1e4,0.0001,2,holdout,-1,test,126,34,1,1,0.9999732549339287
full_LGBM_V_raw_A0_T_1e4_seed2,full,LGBM,V_raw,A0,T_1e4,0.0001,2,holdout,-1,test,137,36,1,1,0.8003472366911308
full_LGBM_V_raw_A0_T_1e4_seed2,full,LGBM,V_raw,A0,T_1e4,0.0001,2,holdout,-1,test,150,38,1,1,0.9970760445091718
full_LGBM_V_raw_A0_T_1e4_seed2,full,LGBM,V_raw,A0,T_1e4,0.0001,2,holdout,-1,test,205,51,1,1,0.999564596760226
full_LGBM_V_raw_A0_T_1e4_seed2,full,LGBM,V_raw,A0,T_1e4,0.0001,2,holdout,-1,test,58,22,1,1,0.9986594600287348
full_LGBM_V_raw_A0_T_1e4_seed2,full,LGBM,V_raw,A0,T_1e4,0.0001,2,holdout,-1,test,93,31,1,1,0.9996410960396652
full_LGBM_V_raw_A0_T_1e4_seed2,full,LGBM,V_raw,A0,T_1e4,0.0001,2,holdout,-1,test,47,20,0,0,0.0010238176933119
full_LGBM_V_raw_A0_T_1e4_seed2,full,LGBM,V_raw,A0,T_1e4,0.0001,2,holdout,-1,test,195,49,1,1,0.7480621195861247
full_LGBM_V_raw_A0_T_1e4_seed2,full,LGBM,V_raw,A0,T_1e4,0.0001,2,holdout,-1,test,222,54,0,1,0.9933915328114608
full_LGBM_V_raw_A0_T_1e4_seed2,full,LGBM,V_raw,A0,T_1e4,0.0001,2,holdout,-1,test,151,38,1,1,0.9970760445091718
full_LGBM_V_raw_A0_T_1e4_seed2,full,LGBM,V_raw,A0,T_1e4,0.0001,2,holdout,-1,test,136,36,1,1,0.9740811120184868
full_LGBM_V_raw_A0_T_1e4_seed2,full,LGBM,V_raw,A0,T_1e4,0.0001,2,holdout,-1,test,85,30,1,1,0.7668353187077135
full_LGBM_V_raw_A0_T_1e4_seed2,full,LGBM,V_raw,A0,T_1e4,0.0001,2,holdout,-1,test,66,25,0,1,0.9353964400988608
full_LGBM_V_raw_A0_T_1e4_seed2,full,LGBM,V_raw,A0,T_1e4,0.0001,2,holdout,-1,test,123,34,0,1,0.8698187077902413
full_CB_V_raw_A0_T_1e4_seed2,full,CB,V_raw,A0,T_1e4,0.0001,2,holdout,-1,val,182,46,1,0,0.4856298222499147
full_CB_V_raw_A0_T_1e4_seed2,full,CB,V_raw,A0,T_1e4,0.0001,2,holdout,-1,val,14,4,0,0,0.0217427328203935
full_CB_V_raw_A0_T_1e4_seed2,full,CB,V_raw,A0,T_1e4,0.0001,2,holdout,-1,val,228,55,1,1,0.9976167513459214
full_CB_V_raw_A0_T_1e4_seed2,full,CB,V_raw,A0,T_1e4,0.0001,2,holdout,-1,val,67,25,1,0,0.0167462451004645
full_CB_V_raw_A0_T_1e4_seed2,full,CB,V_raw,A0,T_1e4,0.0001,2,holdout,-1,val,162,40,1,1,0.9986239619296972
full_CB_V_raw_A0_T_1e4_seed2,full,CB,V_raw,A0,T_1e4,0.0001,2,holdout,-1,val,95,31,1,1,0.9835489724273864
full_CB_V_raw_A0_T_1e4_seed2,full,CB,V_raw,A0,T_1e4,0.0001,2,holdout,-1,val,128,34,1,1,0.9979801812534976
full_CB_V_raw_A0_T_1e4_seed2,full,CB,V_raw,A0,T_1e4,0.0001,2,holdout,-1,val,196,49,1,1,0.9849596426640522
full_CB_V_raw_A0_T_1e4_seed2,full,CB,V_raw,A0,T_1e4,0.0001,2,holdout,-1,val,210,54,0,1,0.9844366772053272
full_CB_V_raw_A0_T_1e4_seed2,full,CB,V_raw,A0,T_1e4,0.0001,2,holdout,-1,val,138,36,0,1,0.6195758898765492
full_CB_V_raw_A0_T_1e4_seed2,full,CB,V_raw,A0,T_1e4,0.0001,2,holdout,-1,val,61,24,1,1,0.994367479990029
full_CB_V_raw_A0_T_1e4_seed2,full,CB,V_raw,A0,T_1e4,0.0001,2,holdout,-1,val,27,11,1,1,0.983495888323672
full_CB_V_raw_A0_T_1e4_seed2,full,CB,V_raw,A0,T_1e4,0.0001,2,holdout,-1,val,90,31,0,0,0.0784812412336597
full_CB_V_raw_A0_T_1e4_seed2,full,CB,V_raw,A0,T_1e4,0.0001,2,holdout,-1,val,21,9,1,0,0.222471855627975
full_CB_V_raw_A0_T_1e4_seed2,full,CB,V_raw,A0,T_1e4,0.0001,2,holdout,-1,val,140,36,0,0,0.0237758664014928
full_CB_V_raw_A0_T_1e4_seed2,full,CB,V_raw,A0,T_1e4,0.0001,2,holdout,-1,val,181,45,1,1,0.996161288634103
full_CB_V_raw_A0_T_1e4_seed2,full,CB,V_raw,A0,T_1e4,0.0001,2,holdout,-1,val,211,54,1,1,0.9922173342201124
full_CB_V_raw_A0_T_1e4_seed2,full,CB,V_raw,A0,T_1e4,0.0001,2,holdout,-1,val,142,37,1,0,0.2104043472933497
full_CB_V_raw_A0_T_1e4_seed2,full,CB,V_raw,A0,T_1e4,0.0001,2,holdout,-1,val,75,27,0,1,0.6808701083563158
full_CB_V_raw_A0_T_1e4_seed2,full,CB,V_raw,A0,T_1e4,0.0001,2,holdout,-1,val,175,44,1,1,0.975711048822852
full_CB_V_raw_A0_T_1e4_seed2,full,CB,V_raw,A0,T_1e4,0.0001,2,holdout,-1,val,35,16,1,1,0.8223964502900022
full_CB_V_raw_A0_T_1e4_seed2,full,CB,V_raw,A0,T_1e4,0.0001,2,holdout,-1,val,218,54,1,1,0.989256480559989
full_CB_V_raw_A0_T_1e4_seed2,full,CB,V_raw,A0,T_1e4,0.0001,2,holdout,-1,val,224,54,1,1,0.989256480559989
full_CB_V_raw_A0_T_1e4_seed2,full,CB,V_raw,A0,T_1e4,0.0001,2,holdout,-1,val,32,14,1,1,0.9038166527112468
full_CB_V_raw_A0_T_1e4_seed2,full,CB,V_raw,A0,T_1e4,0.0001,2,holdout,-1,val,149,38,1,1,0.9886423811483572
full_CB_V_raw_A0_T_1e4_seed2,full,CB,V_raw,A0,T_1e4,0.0001,2,holdout,-1,val,4,1,1,1,0.989336172355189
full_CB_V_raw_A0_T_1e4_seed2,full,CB,V_raw,A0,T_1e4,0.0001,2,holdout,-1,val,109,32,0,0,0.0048723169280099
full_CB_V_raw_A0_T_1e4_seed2,full,CB,V_raw,A0,T_1e4,0.0001,2,holdout,-1,val,60,22,0,1,0.9705660268343892
full_CB_V_raw_A0_T_1e4_seed2,full,CB,V_raw,A0,T_1e4,0.0001,2,holdout,-1,val,132,35,0,1,0.5496904295867973
full_CB_V_raw_A0_T_1e4_seed2,full,CB,V_raw,A0,T_1e4,0.0001,2,holdout,-1,val,201,50,0,0,0.3600612547969969
full_CB_V_raw_A0_T_1e4_seed2,full,CB,V_raw,A0,T_1e4,0.0001,2,holdout,-1,val,223,54,1,1,0.9922173342201124
full_CB_V_raw_A0_T_1e4_seed2,full,CB,V_raw,A0,T_1e4,0.0001,2,holdout,-1,val,121,33,1,0,0.2016605271461572
full_CB_V_raw_A0_T_1e4_seed2,full,CB,V_raw,A0,T_1e4,0.0001,2,holdout,-1,val,135,36,1,1,0.9800221488829748
full_CB_V_raw_A0_T_1e4_seed2,full,CB,V_raw,A0,T_1e4,0.0001,2,holdout,-1,test,111,32,1,1,0.8499277385765512
full_CB_V_raw_A0_T_1e4_seed2,full,CB,V_raw,A0,T_1e4,0.0001,2,holdout,-1,test,204,51,1,1,0.9982429089408772
full_CB_V_raw_A0_T_1e4_seed2,full,CB,V_raw,A0,T_1e4,0.0001,2,holdout,-1,test,227,55,1,1,0.9976820752956768
full_CB_V_raw_A0_T_1e4_seed2,full,CB,V_raw,A0,T_1e4,0.0001,2,holdout,-1,test,70,25,0,0,0.0187076284553068
full_CB_V_raw_A0_T_1e4_seed2,full,CB,V_raw,A0,T_1e4,0.0001,2,holdout,-1,test,209,54,1,1,0.5324964417241329
full_CB_V_raw_A0_T_1e4_seed2,full,CB,V_raw,A0,T_1e4,0.0001,2,holdout,-1,test,120,33,1,1,0.5232085050664959
full_CB_V_raw_A0_T_1e4_seed2,full,CB,V_raw,A0,T_1e4,0.0001,2,holdout,-1,test,107,32,1,1,0.897050872309194
full_CB_V_raw_A0_T_1e4_seed2,full,CB,V_raw,A0,T_1e4,0.0001,2,holdout,-1,test,24,11,0,0,0.3926616363909815
full_CB_V_raw_A0_T_1e4_seed2,full,CB,V_raw,A0,T_1e4,0.0001,2,holdout,-1,test,92,31,1,0,0.3641341430640262
full_CB_V_raw_A0_T_1e4_seed2,full,CB,V_raw,A0,T_1e4,0.0001,2,holdout,-1,test,76,27,0,1,0.7571309098445872
full_CB_V_raw_A0_T_1e4_seed2,full,CB,V_raw,A0,T_1e4,0.0001,2,holdout,-1,test,133,35,0,1,0.6407590676809168
full_CB_V_raw_A0_T_1e4_seed2,full,CB,V_raw,A0,T_1e4,0.0001,2,holdout,-1,test,31,13,1,1,0.9939234166350388
full_CB_V_raw_A0_T_1e4_seed2,full,CB,V_raw,A0,T_1e4,0.0001,2,holdout,-1,test,39,18,1,1,0.9938619630829528
full_CB_V_raw_A0_T_1e4_seed2,full,CB,V_raw,A0,T_1e4,0.0001,2,holdout,-1,test,52,21,1,1,0.99891890472542
full_CB_V_raw_A0_T_1e4_seed2,full,CB,V_raw,A0,T_1e4,0.0001,2,holdout,-1,test,23,11,0,0,0.2812574195961307
full_CB_V_raw_A0_T_1e4_seed2,full,CB,V_raw,A0,T_1e4,0.0001,2,holdout,-1,test,49,20,1,0,0.0810786685384205
full_CB_V_raw_A0_T_1e4_seed2,full,CB,V_raw,A0,T_1e4,0.0001,2,holdout,-1,test,62,24,1,1,0.9837422627171224
full_CB_V_raw_A0_T_1e4_seed2,full,CB,V_raw,A0,T_1e4,0.0001,2,holdout,-1,test,184,47,1,1,0.975674109718334
full_CB_V_raw_A0_T_1e4_seed2,full,CB,V_raw,A0,T_1e4,0.0001,2,holdout,-1,test,131,35,0,0,0.0041641932806799
full_CB_V_raw_A0_T_1e4_seed2,full,CB,V_raw,A0,T_1e4,0.0001,2,holdout,-1,test,126,34,1,1,0.997148096081486
full_CB_V_raw_A0_T_1e4_seed2,full,CB,V_raw,A0,T_1e4,0.0001,2,holdout,-1,test,137,36,1,1,0.915205367589756
full_CB_V_raw_A0_T_1e4_seed2,full,CB,V_raw,A0,T_1e4,0.0001,2,holdout,-1,test,150,38,1,1,0.9886423811483572
full_CB_V_raw_A0_T_1e4_seed2,full,CB,V_raw,A0,T_1e4,0.0001,2,holdout,-1,test,205,51,1,1,0.6415080450685638
full_CB_V_raw_A0_T_1e4_seed2,full,CB,V_raw,A0,T_1e4,0.0001,2,holdout,-1,test,58,22,1,1,0.9835440372171924
full_CB_V_raw_A0_T_1e4_seed2,full,CB,V_raw,A0,T_1e4,0.0001,2,holdout,-1,test,93,31,1,1,0.9819486388369684
full_CB_V_raw_A0_T_1e4_seed2,full,CB,V_raw,A0,T_1e4,0.0001,2,holdout,-1,test,47,20,0,0,0.027193120651091
full_CB_V_raw_A0_T_1e4_seed2,full,CB,V_raw,A0,T_1e4,0.0001,2,holdout,-1,test,195,49,1,1,0.5042556030836134
full_CB_V_raw_A0_T_1e4_seed2,full,CB,V_raw,A0,T_1e4,0.0001,2,holdout,-1,test,222,54,0,1,0.9844366772053272
full_CB_V_raw_A0_T_1e4_seed2,full,CB,V_raw,A0,T_1e4,0.0001,2,holdout,-1,test,151,38,1,1,0.9886423811483572
full_CB_V_raw_A0_T_1e4_seed2,full,CB,V_raw,A0,T_1e4,0.0001,2,holdout,-1,test,136,36,1,1,0.9696009382494496
full_CB_V_raw_A0_T_1e4_seed2,full,CB,V_raw,A0,T_1e4,0.0001,2,holdout,-1,test,85,30,1,1,0.5373241992884028
full_CB_V_raw_A0_T_1e4_seed2,full,CB,V_raw,A0,T_1e4,0.0001,2,holdout,-1,test,66,25,0,1,0.952549592714312
full_CB_V_raw_A0_T_1e4_seed2,full,CB,V_raw,A0,T_1e4,0.0001,2,holdout,-1,test,123,34,0,0,0.2958720705923694
full_DT_V_raw_A0_T_1e4_seed3,full,DT,V_raw,A0,T_1e4,0.0001,3,holdout,-1,val,105,32,0,1,1.0
full_DT_V_raw_A0_T_1e4_seed3,full,DT,V_raw,A0,T_1e4,0.0001,3,holdout,-1,val,209,54,1,1,0.7777777777777778
full_DT_V_raw_A0_T_1e4_seed3,full,DT,V_raw,A0,T_1e4,0.0001,3,holdout,-1,val,111,32,1,1,1.0
full_DT_V_raw_A0_T_1e4_seed3,full,DT,V_raw,A0,T_1e4,0.0001,3,holdout,-1,val,3,1,1,1,1.0
full_DT_V_raw_A0_T_1e4_seed3,full,DT,V_raw,A0,T_1e4,0.0001,3,holdout,-1,val,18,6,1,1,1.0
full_DT_V_raw_A0_T_1e4_seed3,full,DT,V_raw,A0,T_1e4,0.0001,3,holdout,-1,val,196,49,1,1,1.0
full_DT_V_raw_A0_T_1e4_seed3,full,DT,V_raw,A0,T_1e4,0.0001,3,holdout,-1,val,126,34,1,1,1.0
full_DT_V_raw_A0_T_1e4_seed3,full,DT,V_raw,A0,T_1e4,0.0001,3,holdout,-1,val,43,19,1,1,1.0
full_DT_V_raw_A0_T_1e4_seed3,full,DT,V_raw,A0,T_1e4,0.0001,3,holdout,-1,val,197,49,1,1,1.0
full_DT_V_raw_A0_T_1e4_seed3,full,DT,V_raw,A0,T_1e4,0.0001,3,holdout,-1,val,135,36,1,1,1.0
full_DT_V_raw_A0_T_1e4_seed3,full,DT,V_raw,A0,T_1e4,0.0001,3,holdout,-1,val,199,50,1,0,0.3333333333333333
full_DT_V_raw_A0_T_1e4_seed3,full,DT,V_raw,A0,T_1e4,0.0001,3,holdout,-1,val,152,39,0,0,0.3333333333333333
full_DT_V_raw_A0_T_1e4_seed3,full,DT,V_raw,A0,T_1e4,0.0001,3,holdout,-1,val,184,47,1,0,0.0
full_DT_V_raw_A0_T_1e4_seed3,full,DT,V_raw,A0,T_1e4,0.0001,3,holdout,-1,val,228,55,1,1,1.0
full_DT_V_raw_A0_T_1e4_seed3,full,DT,V_raw,A0,T_1e4,0.0001,3,holdout,-1,val,86,30,1,1,1.0
full_DT_V_raw_A0_T_1e4_seed3,full,DT,V_raw,A0,T_1e4,0.0001,3,holdout,-1,val,133,35,0,0,0.25
full_DT_V_raw_A0_T_1e4_seed3,full,DT,V_raw,A0,T_1e4,0.0001,3,holdout,-1,val,162,40,1,1,1.0
full_DT_V_raw_A0_T_1e4_seed3,full,DT,V_raw,A0,T_1e4,0.0001,3,holdout,-1,val,74,27,0,1,0.7777777777777778
full_DT_V_raw_A0_T_1e4_seed3,full,DT,V_raw,A0,T_1e4,0.0001,3,holdout,-1,val,89,31,0,0,0.3333333333333333
full_DT_V_raw_A0_T_1e4_seed3,full,DT,V_raw,A0,T_1e4,0.0001,3,holdout,-1,val,221,54,0,1,0.7777777777777778
full_DT_V_raw_A0_T_1e4_seed3,full,DT,V_raw,A0,T_1e4,0.0001,3,holdout,-1,val,32,14,1,1,1.0
full_DT_V_raw_A0_T_1e4_seed3,full,DT,V_raw,A0,T_1e4,0.0001,3,holdout,-1,val,210,54,0,0,0.0
full_DT_V_raw_A0_T_1e4_seed3,full,DT,V_raw,A0,T_1e4,0.0001,3,holdout,-1,val,96,31,1,1,1.0
full_DT_V_raw_A0_T_1e4_seed3,full,DT,V_raw,A0,T_1e4,0.0001,3,holdout,-1,val,44,19,0,1,1.0
full_DT_V_raw_A0_T_1e4_seed3,full,DT,V_raw,A0,T_1e4,0.0001,3,holdout,-1,val,9,3,0,0,0.3333333333333333
full_DT_V_raw_A0_T_1e4_seed3,full,DT,V_raw,A0,T_1e4,0.0001,3,holdout,-1,val,167,41,1,1,1.0
full_DT_V_raw_A0_T_1e4_seed3,full,DT,V_raw,A0,T_1e4,0.0001,3,holdout,-1,val,211,54,1,1,0.7777777777777778
full_DT_V_raw_A0_T_1e4_seed3,full,DT,V_raw,A0,T_1e4,0.0001,3,holdout,-1,val,216,54,1,0,0.0
full_DT_V_raw_A0_T_1e4_seed3,full,DT,V_raw,A0,T_1e4,0.0001,3,holdout,-1,val,115,32,1,0,0.0
full_DT_V_raw_A0_T_1e4_seed3,full,DT,V_raw,A0,T_1e4,0.0001,3,holdout,-1,val,6,1,1,1,1.0
full_DT_V_raw_A0_T_1e4_seed3,full,DT,V_raw,A0,T_1e4,0.0001,3,holdout,-1,val,114,32,0,0,0.3333333333333333
full_DT_V_raw_A0_T_1e4_seed3,full,DT,V_raw,A0,T_1e4,0.0001,3,holdout,-1,val,34,15,1,0,0.3333333333333333
full_DT_V_raw_A0_T_1e4_seed3,full,DT,V_raw,A0,T_1e4,0.0001,3,holdout,-1,val,49,20,1,0,0.3333333333333333
full_DT_V_raw_A0_T_1e4_seed3,full,DT,V_raw,A0,T_1e4,0.0001,3,holdout,-1,test,79,28,1,1,1.0
full_DT_V_raw_A0_T_1e4_seed3,full,DT,V_raw,A0,T_1e4,0.0001,3,holdout,-1,test,42,19,1,1,1.0
full_DT_V_raw_A0_T_1e4_seed3,full,DT,V_raw,A0,T_1e4,0.0001,3,holdout,-1,test,5,1,1,1,1.0
full_DT_V_raw_A0_T_1e4_seed3,full,DT,V_raw,A0,T_1e4,0.0001,3,holdout,-1,test,33,15,1,0,0.3333333333333333
full_DT_V_raw_A0_T_1e4_seed3,full,DT,V_raw,A0,T_1e4,0.0001,3,holdout,-1,test,46,20,0,0,0.0
full_DT_V_raw_A0_T_1e4_seed3,full,DT,V_raw,A0,T_1e4,0.0001,3,holdout,-1,test,159,40,1,1,1.0
full_DT_V_raw_A0_T_1e4_seed3,full,DT,V_raw,A0,T_1e4,0.0001,3,holdout,-1,test,2,1,0,0,0.3333333333333333
full_DT_V_raw_A0_T_1e4_seed3,full,DT,V_raw,A0,T_1e4,0.0001,3,holdout,-1,test,217,54,1,1,0.7777777777777778
full_DT_V_raw_A0_T_1e4_seed3,full,DT,V_raw,A0,T_1e4,0.0001,3,holdout,-1,test,54,21,1,1,1.0
full_DT_V_raw_A0_T_1e4_seed3,full,DT,V_raw,A0,T_1e4,0.0001,3,holdout,-1,test,84,30,0,1,1.0
full_DT_V_raw_A0_T_1e4_seed3,full,DT,V_raw,A0,T_1e4,0.0001,3,holdout,-1,test,85,30,1,1,1.0
full_DT_V_raw_A0_T_1e4_seed3,full,DT,V_raw,A0,T_1e4,0.0001,3,holdout,-1,test,118,32,1,0,0.0
full_DT_V_raw_A0_T_1e4_seed3,full,DT,V_raw,A0,T_1e4,0.0001,3,holdout,-1,test,24,11,0,1,0.7777777777777778
full_DT_V_raw_A0_T_1e4_seed3,full,DT,V_raw,A0,T_1e4,0.0001,3,holdout,-1,test,57,22,1,1,0.7777777777777778
full_DT_V_raw_A0_T_1e4_seed3,full,DT,V_raw,A0,T_1e4,0.0001,3,holdout,-1,test,145,37,1,1,1.0
full_DT_V_raw_A0_T_1e4_seed3,full,DT,V_raw,A0,T_1e4,0.0001,3,holdout,-1,test,75,27,0,1,0.7777777777777778
full_DT_V_raw_A0_T_1e4_seed3,full,DT,V_raw,A0,T_1e4,0.0001,3,holdout,-1,test,202,50,0,0,0.3333333333333333
full_DT_V_raw_A0_T_1e4_seed3,full,DT,V_raw,A0,T_1e4,0.0001,3,holdout,-1,test,82,29,1,1,0.7777777777777778
full_DT_V_raw_A0_T_1e4_seed3,full,DT,V_raw,A0,T_1e4,0.0001,3,holdout,-1,test,214,54,1,1,0.7777777777777778
full_DT_V_raw_A0_T_1e4_seed3,full,DT,V_raw,A0,T_1e4,0.0001,3,holdout,-1,test,150,38,1,1,1.0
full_DT_V_raw_A0_T_1e4_seed3,full,DT,V_raw,A0,T_1e4,0.0001,3,holdout,-1,test,71,26,1,1,1.0
full_DT_V_raw_A0_T_1e4_seed3,full,DT,V_raw,A0,T_1e4,0.0001,3,holdout,-1,test,125,34,1,1,1.0
full_DT_V_raw_A0_T_1e4_seed3,full,DT,V_raw,A0,T_1e4,0.0001,3,holdout,-1,test,227,55,1,1,1.0
full_DT_V_raw_A0_T_1e4_seed3,full,DT,V_raw,A0,T_1e4,0.0001,3,holdout,-1,test,30,12,1,1,1.0
full_DT_V_raw_A0_T_1e4_seed3,full,DT,V_raw,A0,T_1e4,0.0001,3,holdout,-1,test,88,30,1,1,1.0
full_DT_V_raw_A0_T_1e4_seed3,full,DT,V_raw,A0,T_1e4,0.0001,3,holdout,-1,test,131,35,0,0,0.25
full_DT_V_raw_A0_T_1e4_seed3,full,DT,V_raw,A0,T_1e4,0.0001,3,holdout,-1,test,19,7,1,0,0.5
full_DT_V_raw_A0_T_1e4_seed3,full,DT,V_raw,A0,T_1e4,0.0001,3,holdout,-1,test,129,35,0,0,0.3333333333333333
full_DT_V_raw_A0_T_1e4_seed3,full,DT,V_raw,A0,T_1e4,0.0001,3,holdout,-1,test,73,27,0,1,0.7777777777777778
full_DT_V_raw_A0_T_1e4_seed3,full,DT,V_raw,A0,T_1e4,0.0001,3,holdout,-1,test,51,21,1,1,1.0
full_DT_V_raw_A0_T_1e4_seed3,full,DT,V_raw,A0,T_1e4,0.0001,3,holdout,-1,test,12,4,0,0,0.3333333333333333
full_DT_V_raw_A0_T_1e4_seed3,full,DT,V_raw,A0,T_1e4,0.0001,3,holdout,-1,test,168,41,1,0,0.0
full_DT_V_raw_A0_T_1e4_seed3,full,DT,V_raw,A0,T_1e4,0.0001,3,holdout,-1,test,144,37,1,1,1.0
full_RF_V_raw_A0_T_1e4_seed3,full,RF,V_raw,A0,T_1e4,0.0001,3,holdout,-1,val,105,32,0,1,0.505
full_RF_V_raw_A0_T_1e4_seed3,full,RF,V_raw,A0,T_1e4,0.0001,3,holdout,-1,val,209,54,1,1,0.7341582491582491
full_RF_V_raw_A0_T_1e4_seed3,full,RF,V_raw,A0,T_1e4,0.0001,3,holdout,-1,val,111,32,1,1,0.621
full_RF_V_raw_A0_T_1e4_seed3,full,RF,V_raw,A0,T_1e4,0.0001,3,holdout,-1,val,3,1,1,1,0.9232539682539684
full_RF_V_raw_A0_T_1e4_seed3,full,RF,V_raw,A0,T_1e4,0.0001,3,holdout,-1,val,18,6,1,1,0.9833333333333332
full_RF_V_raw_A0_T_1e4_seed3,full,RF,V_raw,A0,T_1e4,0.0001,3,holdout,-1,val,196,49,1,1,0.93
full_RF_V_raw_A0_T_1e4_seed3,full,RF,V_raw,A0,T_1e4,0.0001,3,holdout,-1,val,126,34,1,1,1.0
full_RF_V_raw_A0_T_1e4_seed3,full,RF,V_raw,A0,T_1e4,0.0001,3,holdout,-1,val,43,19,1,1,0.854541847041847
full_RF_V_raw_A0_T_1e4_seed3,full,RF,V_raw,A0,T_1e4,0.0001,3,holdout,-1,val,197,49,1,1,0.9133333333333332
full_RF_V_raw_A0_T_1e4_seed3,full,RF,V_raw,A0,T_1e4,0.0001,3,holdout,-1,val,135,36,1,1,0.9233333333333332
full_RF_V_raw_A0_T_1e4_seed3,full,RF,V_raw,A0,T_1e4,0.0001,3,holdout,-1,val,199,50,1,1,0.6676190476190476
full_RF_V_raw_A0_T_1e4_seed3,full,RF,V_raw,A0,T_1e4,0.0001,3,holdout,-1,val,152,39,0,0,0.4608333333333333
full_RF_V_raw_A0_T_1e4_seed3,full,RF,V_raw,A0,T_1e4,0.0001,3,holdout,-1,val,184,47,1,1,0.8966666666666666
full_RF_V_raw_A0_T_1e4_seed3,full,RF,V_raw,A0,T_1e4,0.0001,3,holdout,-1,val,228,55,1,1,0.97
full_RF_V_raw_A0_T_1e4_seed3,full,RF,V_raw,A0,T_1e4,0.0001,3,holdout,-1,val,86,30,1,1,0.9166666666666666
full_RF_V_raw_A0_T_1e4_seed3,full,RF,V_raw,A0,T_1e4,0.0001,3,holdout,-1,val,133,35,0,0,0.12
full_RF_V_raw_A0_T_1e4_seed3,full,RF,V_raw,A0,T_1e4,0.0001,3,holdout,-1,val,162,40,1,1,1.0
full_RF_V_raw_A0_T_1e4_seed3,full,RF,V_raw,A0,T_1e4,0.0001,3,holdout,-1,val,74,27,0,0,0.35
full_RF_V_raw_A0_T_1e4_seed3,full,RF,V_raw,A0,T_1e4,0.0001,3,holdout,-1,val,89,31,0,0,0.0855357142857142
full_RF_V_raw_A0_T_1e4_seed3,full,RF,V_raw,A0,T_1e4,0.0001,3,holdout,-1,val,221,54,0,1,0.7341582491582491
full_RF_V_raw_A0_T_1e4_seed3,full,RF,V_raw,A0,T_1e4,0.0001,3,holdout,-1,val,32,14,1,1,0.8268648018648018
full_RF_V_raw_A0_T_1e4_seed3,full,RF,V_raw,A0,T_1e4,0.0001,3,holdout,-1,val,210,54,0,0,0.2602878787878788
full_RF_V_raw_A0_T_1e4_seed3,full,RF,V_raw,A0,T_1e4,0.0001,3,holdout,-1,val,96,31,1,1,0.9792085137085136
full_RF_V_raw_A0_T_1e4_seed3,full,RF,V_raw,A0,T_1e4,0.0001,3,holdout,-1,val,44,19,0,0,0.4527777777777777
full_RF_V_raw_A0_T_1e4_seed3,full,RF,V_raw,A0,T_1e4,0.0001,3,holdout,-1,val,9,3,0,0,0.1876190476190476
full_RF_V_raw_A0_T_1e4_seed3,full,RF,V_raw,A0,T_1e4,0.0001,3,holdout,-1,val,167,41,1,1,0.8832539682539683
full_RF_V_raw_A0_T_1e4_seed3,full,RF,V_raw,A0,T_1e4,0.0001,3,holdout,-1,val,211,54,1,1,0.8363484848484849
full_RF_V_raw_A0_T_1e4_seed3,full,RF,V_raw,A0,T_1e4,0.0001,3,holdout,-1,val,216,54,1,0,0.2602878787878788
full_RF_V_raw_A0_T_1e4_seed3,full,RF,V_raw,A0,T_1e4,0.0001,3,holdout,-1,val,115,32,1,1,0.5088888888888888
full_RF_V_raw_A0_T_1e4_seed3,full,RF,V_raw,A0,T_1e4,0.0001,3,holdout,-1,val,6,1,1,1,0.9865873015873016
full_RF_V_raw_A0_T_1e4_seed3,full,RF,V_raw,A0,T_1e4,0.0001,3,holdout,-1,val,114,32,0,0,0.0566666666666666
full_RF_V_raw_A0_T_1e4_seed3,full,RF,V_raw,A0,T_1e4,0.0001,3,holdout,-1,val,34,15,1,0,0.1
full_RF_V_raw_A0_T_1e4_seed3,full,RF,V_raw,A0,T_1e4,0.0001,3,holdout,-1,val,49,20,1,0,0.2643354978354978
full_RF_V_raw_A0_T_1e4_seed3,full,RF,V_raw,A0,T_1e4,0.0001,3,holdout,-1,test,79,28,1,1,1.0
full_RF_V_raw_A0_T_1e4_seed3,full,RF,V_raw,A0,T_1e4,0.0001,3,holdout,-1,test,42,19,1,0,0.4627777777777777
full_RF_V_raw_A0_T_1e4_seed3,full,RF,V_raw,A0,T_1e4,0.0001,3,holdout,-1,test,5,1,1,1,0.989920634920635
full_RF_V_raw_A0_T_1e4_seed3,full,RF,V_raw,A0,T_1e4,0.0001,3,holdout,-1,test,33,15,1,0,0.4849206349206349
full_RF_V_raw_A0_T_1e4_seed3,full,RF,V_raw,A0,T_1e4,0.0001,3,holdout,-1,test,46,20,0,0,0.0712878787878787
full_RF_V_raw_A0_T_1e4_seed3,full,RF,V_raw,A0,T_1e4,0.0001,3,holdout,-1,test,159,40,1,1,1.0
full_RF_V_raw_A0_T_1e4_seed3,full,RF,V_raw,A0,T_1e4,0.0001,3,holdout,-1,test,2,1,0,0,0.2017857142857143
full_RF_V_raw_A0_T_1e4_seed3,full,RF,V_raw,A0,T_1e4,0.0001,3,holdout,-1,test,217,54,1,1,0.8363484848484849
full_RF_V_raw_A0_T_1e4_seed3,full,RF,V_raw,A0,T_1e4,0.0001,3,holdout,-1,test,54,21,1,1,0.9483333333333334
full_RF_V_raw_A0_T_1e4_seed3,full,RF,V_raw,A0,T_1e4,0.0001,3,holdout,-1,test,84,30,0,1,0.9566666666666668
full_RF_V_raw_A0_T_1e4_seed3,full,RF,V_raw,A0,T_1e4,0.0001,3,holdout,-1,test,85,30,1,1,0.9466666666666668
full_RF_V_raw_A0_T_1e4_seed3,full,RF,V_raw,A0,T_1e4,0.0001,3,holdout,-1,test,118,32,1,1,0.527111111111111
full_RF_V_raw_A0_T_1e4_seed3,full,RF,V_raw,A0,T_1e4,0.0001,3,holdout,-1,test,24,11,0,1,0.5337277167277167
full_RF_V_raw_A0_T_1e4_seed3,full,RF,V_raw,A0,T_1e4,0.0001,3,holdout,-1,test,57,22,1,1,0.9217611832611832
full_RF_V_raw_A0_T_1e4_seed3,full,RF,V_raw,A0,T_1e4,0.0001,3,holdout,-1,test,145,37,1,1,0.8072222222222223
full_RF_V_raw_A0_T_1e4_seed3,full,RF,V_raw,A0,T_1e4,0.0001,3,holdout,-1,test,75,27,0,0,0.31
full_RF_V_raw_A0_T_1e4_seed3,full,RF,V_raw,A0,T_1e4,0.0001,3,holdout,-1,test,202,50,0,0,0.36
full_RF_V_raw_A0_T_1e4_seed3,full,RF,V_raw,A0,T_1e4,0.0001,3,holdout,-1,test,82,29,1,1,0.9105873015873016
full_RF_V_raw_A0_T_1e4_seed3,full,RF,V_raw,A0,T_1e4,0.0001,3,holdout,-1,test,214,54,1,0,0.1117188552188552
full_RF_V_raw_A0_T_1e4_seed3,full,RF,V_raw,A0,T_1e4,0.0001,3,holdout,-1,test,150,38,1,1,0.9729545454545454
full_RF_V_raw_A0_T_1e4_seed3,full,RF,V_raw,A0,T_1e4,0.0001,3,holdout,-1,test,71,26,1,1,0.9132539682539684
full_RF_V_raw_A0_T_1e4_seed3,full,RF,V_raw,A0,T_1e4,0.0001,3,holdout,-1,test,125,34,1,1,1.0
full_RF_V_raw_A0_T_1e4_seed3,full,RF,V_raw,A0,T_1e4,0.0001,3,holdout,-1,test,227,55,1,1,0.982222222222222
full_RF_V_raw_A0_T_1e4_seed3,full,RF,V_raw,A0,T_1e4,0.0001,3,holdout,-1,test,30,12,1,1,0.7564102564102564
full_RF_V_raw_A0_T_1e4_seed3,full,RF,V_raw,A0,T_1e4,0.0001,3,holdout,-1,test,88,30,1,1,0.92
full_RF_V_raw_A0_T_1e4_seed3,full,RF,V_raw,A0,T_1e4,0.0001,3,holdout,-1,test,131,35,0,0,0.1266666666666666
full_RF_V_raw_A0_T_1e4_seed3,full,RF,V_raw,A0,T_1e4,0.0001,3,holdout,-1,test,19,7,1,1,0.51
full_RF_V_raw_A0_T_1e4_seed3,full,RF,V_raw,A0,T_1e4,0.0001,3,holdout,-1,test,129,35,0,0,0.0675
full_RF_V_raw_A0_T_1e4_seed3,full,RF,V_raw,A0,T_1e4,0.0001,3,holdout,-1,test,73,27,0,0,0.34
full_RF_V_raw_A0_T_1e4_seed3,full,RF,V_raw,A0,T_1e4,0.0001,3,holdout,-1,test,51,21,1,1,0.9086688311688312
full_RF_V_raw_A0_T_1e4_seed3,full,RF,V_raw,A0,T_1e4,0.0001,3,holdout,-1,test,12,4,0,0,0.1566666666666666
full_RF_V_raw_A0_T_1e4_seed3,full,RF,V_raw,A0,T_1e4,0.0001,3,holdout,-1,test,168,41,1,1,0.7865873015873016
full_RF_V_raw_A0_T_1e4_seed3,full,RF,V_raw,A0,T_1e4,0.0001,3,holdout,-1,test,144,37,1,1,0.898888888888889
full_LGBM_V_raw_A0_T_1e4_seed3,full,LGBM,V_raw,A0,T_1e4,0.0001,3,holdout,-1,val,105,32,0,1,0.6976074619888673
full_LGBM_V_raw_A0_T_1e4_seed3,full,LGBM,V_raw,A0,T_1e4,0.0001,3,holdout,-1,val,209,54,1,1,0.911599670478979
full_LGBM_V_raw_A0_T_1e4_seed3,full,LGBM,V_raw,A0,T_1e4,0.0001,3,holdout,-1,val,111,32,1,1,0.7959877039781592
full_LGBM_V_raw_A0_T_1e4_seed3,full,LGBM,V_raw,A0,T_1e4,0.0001,3,holdout,-1,val,3,1,1,1,0.98433626754811
full_LGBM_V_raw_A0_T_1e4_seed3,full,LGBM,V_raw,A0,T_1e4,0.0001,3,holdout,-1,val,18,6,1,1,0.99736157350834
full_LGBM_V_raw_A0_T_1e4_seed3,full,LGBM,V_raw,A0,T_1e4,0.0001,3,holdout,-1,val,196,49,1,1,0.9904751098728276
full_LGBM_V_raw_A0_T_1e4_seed3,full,LGBM,V_raw,A0,T_1e4,0.0001,3,holdout,-1,val,126,34,1,1,0.9979816125341252
full_LGBM_V_raw_A0_T_1e4_seed3,full,LGBM,V_raw,A0,T_1e4,0.0001,3,holdout,-1,val,43,19,1,1,0.995907374896336
full_LGBM_V_raw_A0_T_1e4_seed3,full,LGBM,V_raw,A0,T_1e4,0.0001,3,holdout,-1,val,197,49,1,1,0.9797979150975028
full_LGBM_V_raw_A0_T_1e4_seed3,full,LGBM,V_raw,A0,T_1e4,0.0001,3,holdout,-1,val,135,36,1,1,0.9681136806600258
full_LGBM_V_raw_A0_T_1e4_seed3,full,LGBM,V_raw,A0,T_1e4,0.0001,3,holdout,-1,val,199,50,1,0,0.3773173572852136
full_LGBM_V_raw_A0_T_1e4_seed3,full,LGBM,V_raw,A0,T_1e4,0.0001,3,holdout,-1,val,152,39,0,1,0.8805052067946662
full_LGBM_V_raw_A0_T_1e4_seed3,full,LGBM,V_raw,A0,T_1e4,0.0001,3,holdout,-1,val,184,47,1,1,0.980452195623272
full_LGBM_V_raw_A0_T_1e4_seed3,full,LGBM,V_raw,A0,T_1e4,0.0001,3,holdout,-1,val,228,55,1,1,0.9994723253037529
full_LGBM_V_raw_A0_T_1e4_seed3,full,LGBM,V_raw,A0,T_1e4,0.0001,3,holdout,-1,val,86,30,1,1,0.9649821992861431
full_LGBM_V_raw_A0_T_1e4_seed3,full,LGBM,V_raw,A0,T_1e4,0.0001,3,holdout,-1,val,133,35,0,0,0.0672642943326267
full_LGBM_V_raw_A0_T_1e4_seed3,full,LGBM,V_raw,A0,T_1e4,0.0001,3,holdout,-1,val,162,40,1,1,0.9998073891450358
full_LGBM_V_raw_A0_T_1e4_seed3,full,LGBM,V_raw,A0,T_1e4,0.0001,3,holdout,-1,val,74,27,0,0,0.066815398556178
full_LGBM_V_raw_A0_T_1e4_seed3,full,LGBM,V_raw,A0,T_1e4,0.0001,3,holdout,-1,val,89,31,0,0,0.0375117503279954
full_LGBM_V_raw_A0_T_1e4_seed3,full,LGBM,V_raw,A0,T_1e4,0.0001,3,holdout,-1,val,221,54,0,1,0.911599670478979
full_LGBM_V_raw_A0_T_1e4_seed3,full,LGBM,V_raw,A0,T_1e4,0.0001,3,holdout,-1,val,32,14,1,1,0.945919978409514
full_LGBM_V_raw_A0_T_1e4_seed3,full,LGBM,V_raw,A0,T_1e4,0.0001,3,holdout,-1,val,210,54,0,0,0.1725059207700981
full_LGBM_V_raw_A0_T_1e4_seed3,full,LGBM,V_raw,A0,T_1e4,0.0001,3,holdout,-1,val,96,31,1,1,0.9913818987362324
full_LGBM_V_raw_A0_T_1e4_seed3,full,LGBM,V_raw,A0,T_1e4,0.0001,3,holdout,-1,val,44,19,0,0,0.3193577120270808
full_LGBM_V_raw_A0_T_1e4_seed3,full,LGBM,V_raw,A0,T_1e4,0.0001,3,holdout,-1,val,9,3,0,0,0.0297148973313344
full_LGBM_V_raw_A0_T_1e4_seed3,full,LGBM,V_raw,A0,T_1e4,0.0001,3,holdout,-1,val,167,41,1,1,0.9912107319063084
full_LGBM_V_raw_A0_T_1e4_seed3,full,LGBM,V_raw,A0,T_1e4,0.0001,3,holdout,-1,val,211,54,1,1,0.8648180601060785
full_LGBM_V_raw_A0_T_1e4_seed3,full,LGBM,V_raw,A0,T_1e4,0.0001,3,holdout,-1,val,216,54,1,0,0.1725059207700981
full_LGBM_V_raw_A0_T_1e4_seed3,full,LGBM,V_raw,A0,T_1e4,0.0001,3,holdout,-1,val,115,32,1,1,0.6866490590565483
full_LGBM_V_raw_A0_T_1e4_seed3,full,LGBM,V_raw,A0,T_1e4,0.0001,3,holdout,-1,val,6,1,1,1,0.9969806422462694
full_LGBM_V_raw_A0_T_1e4_seed3,full,LGBM,V_raw,A0,T_1e4,0.0001,3,holdout,-1,val,114,32,0,0,0.0038621038391528
full_LGBM_V_raw_A0_T_1e4_seed3,full,LGBM,V_raw,A0,T_1e4,0.0001,3,holdout,-1,val,34,15,1,0,0.0350121057929555
full_LGBM_V_raw_A0_T_1e4_seed3,full,LGBM,V_raw,A0,T_1e4,0.0001,3,holdout,-1,val,49,20,1,0,0.0944199896948888
full_LGBM_V_raw_A0_T_1e4_seed3,full,LGBM,V_raw,A0,T_1e4,0.0001,3,holdout,-1,test,79,28,1,1,0.9988446248752626
full_LGBM_V_raw_A0_T_1e4_seed3,full,LGBM,V_raw,A0,T_1e4,0.0001,3,holdout,-1,test,42,19,1,0,0.3127341555885565
full_LGBM_V_raw_A0_T_1e4_seed3,full,LGBM,V_raw,A0,T_1e4,0.0001,3,holdout,-1,test,5,1,1,1,0.9972554407318598
full_LGBM_V_raw_A0_T_1e4_seed3,full,LGBM,V_raw,A0,T_1e4,0.0001,3,holdout,-1,test,33,15,1,1,0.9625739965718176
full_LGBM_V_raw_A0_T_1e4_seed3,full,LGBM,V_raw,A0,T_1e4,0.0001,3,holdout,-1,test,46,20,0,0,0.0028193195809916
full_LGBM_V_raw_A0_T_1e4_seed3,full,LGBM,V_raw,A0,T_1e4,0.0001,3,holdout,-1,test,159,40,1,1,0.9996795363892936
full_LGBM_V_raw_A0_T_1e4_seed3,full,LGBM,V_raw,A0,T_1e4,0.0001,3,holdout,-1,test,2,1,0,0,0.0894966069838018
full_LGBM_V_raw_A0_T_1e4_seed3,full,LGBM,V_raw,A0,T_1e4,0.0001,3,holdout,-1,test,217,54,1,1,0.8648180601060785
full_LGBM_V_raw_A0_T_1e4_seed3,full,LGBM,V_raw,A0,T_1e4,0.0001,3,holdout,-1,test,54,21,1,1,0.9988035627967384
full_LGBM_V_raw_A0_T_1e4_seed3,full,LGBM,V_raw,A0,T_1e4,0.0001,3,holdout,-1,test,84,30,0,1,0.9877970928193855
full_LGBM_V_raw_A0_T_1e4_seed3,full,LGBM,V_raw,A0,T_1e4,0.0001,3,holdout,-1,test,85,30,1,1,0.9607796191676652
full_LGBM_V_raw_A0_T_1e4_seed3,full,LGBM,V_raw,A0,T_1e4,0.0001,3,holdout,-1,test,118,32,1,1,0.7938497679255132
full_LGBM_V_raw_A0_T_1e4_seed3,full,LGBM,V_raw,A0,T_1e4,0.0001,3,holdout,-1,test,24,11,0,1,0.662059508228435
full_LGBM_V_raw_A0_T_1e4_seed3,full,LGBM,V_raw,A0,T_1e4,0.0001,3,holdout,-1,test,57,22,1,1,0.9803209796376527
full_LGBM_V_raw_A0_T_1e4_seed3,full,LGBM,V_raw,A0,T_1e4,0.0001,3,holdout,-1,test,145,37,1,1,0.9876689153920892
full_LGBM_V_raw_A0_T_1e4_seed3,full,LGBM,V_raw,A0,T_1e4,0.0001,3,holdout,-1,test,75,27,0,0,0.0203360530011607
full_LGBM_V_raw_A0_T_1e4_seed3,full,LGBM,V_raw,A0,T_1e4,0.0001,3,holdout,-1,test,202,50,0,0,0.0637755697773656
full_LGBM_V_raw_A0_T_1e4_seed3,full,LGBM,V_raw,A0,T_1e4,0.0001,3,holdout,-1,test,82,29,1,1,0.9864639398728098
full_LGBM_V_raw_A0_T_1e4_seed3,full,LGBM,V_raw,A0,T_1e4,0.0001,3,holdout,-1,test,214,54,1,0,0.0507923455736474
full_LGBM_V_raw_A0_T_1e4_seed3,full,LGBM,V_raw,A0,T_1e4,0.0001,3,holdout,-1,test,150,38,1,1,0.9918686792778936
full_LGBM_V_raw_A0_T_1e4_seed3,full,LGBM,V_raw,A0,T_1e4,0.0001,3,holdout,-1,test,71,26,1,1,0.99310176480376
full_LGBM_V_raw_A0_T_1e4_seed3,full,LGBM,V_raw,A0,T_1e4,0.0001,3,holdout,-1,test,125,34,1,1,0.9985049700032136
full_LGBM_V_raw_A0_T_1e4_seed3,full,LGBM,V_raw,A0,T_1e4,0.0001,3,holdout,-1,test,227,55,1,1,0.9975378041301632
full_LGBM_V_raw_A0_T_1e4_seed3,full,LGBM,V_raw,A0,T_1e4,0.0001,3,holdout,-1,test,30,12,1,1,0.9975978957597412
full_LGBM_V_raw_A0_T_1e4_seed3,full,LGBM,V_raw,A0,T_1e4,0.0001,3,holdout,-1,test,88,30,1,1,0.9649821992861431
full_LGBM_V_raw_A0_T_1e4_seed3,full,LGBM,V_raw,A0,T_1e4,0.0001,3,holdout,-1,test,131,35,0,0,0.0206960941686206
full_LGBM_V_raw_A0_T_1e4_seed3,full,LGBM,V_raw,A0,T_1e4,0.0001,3,holdout,-1,test,19,7,1,1,0.7575366316945601
full_LGBM_V_raw_A0_T_1e4_seed3,full,LGBM,V_raw,A0,T_1e4,0.0001,3,holdout,-1,test,129,35,0,0,0.000787553570545
full_LGBM_V_raw_A0_T_1e4_seed3,full,LGBM,V_raw,A0,T_1e4,0.0001,3,holdout,-1,test,73,27,0,0,0.0430283835265389
full_LGBM_V_raw_A0_T_1e4_seed3,full,LGBM,V_raw,A0,T_1e4,0.0001,3,holdout,-1,test,51,21,1,1,0.9883086440469416
full_LGBM_V_raw_A0_T_1e4_seed3,full,LGBM,V_raw,A0,T_1e4,0.0001,3,holdout,-1,test,12,4,0,0,0.0013225022064772
full_LGBM_V_raw_A0_T_1e4_seed3,full,LGBM,V_raw,A0,T_1e4,0.0001,3,holdout,-1,test,168,41,1,1,0.7982685545991562
full_LGBM_V_raw_A0_T_1e4_seed3,full,LGBM,V_raw,A0,T_1e4,0.0001,3,holdout,-1,test,144,37,1,1,0.990862158032269
full_CB_V_raw_A0_T_1e4_seed3,full,CB,V_raw,A0,T_1e4,0.0001,3,holdout,-1,val,105,32,0,1,0.6536076666334331
full_CB_V_raw_A0_T_1e4_seed3,full,CB,V_raw,A0,T_1e4,0.0001,3,holdout,-1,val,209,54,1,1,0.8388580628304977
full_CB_V_raw_A0_T_1e4_seed3,full,CB,V_raw,A0,T_1e4,0.0001,3,holdout,-1,val,111,32,1,1,0.6486430868828127
full_CB_V_raw_A0_T_1e4_seed3,full,CB,V_raw,A0,T_1e4,0.0001,3,holdout,-1,val,3,1,1,1,0.9669793034736612
full_CB_V_raw_A0_T_1e4_seed3,full,CB,V_raw,A0,T_1e4,0.0001,3,holdout,-1,val,18,6,1,1,0.9817118810775876
full_CB_V_raw_A0_T_1e4_seed3,full,CB,V_raw,A0,T_1e4,0.0001,3,holdout,-1,val,196,49,1,1,0.9676327071078806
full_CB_V_raw_A0_T_1e4_seed3,full,CB,V_raw,A0,T_1e4,0.0001,3,holdout,-1,val,126,34,1,1,0.9890029200946386
full_CB_V_raw_A0_T_1e4_seed3,full,CB,V_raw,A0,T_1e4,0.0001,3,holdout,-1,val,43,19,1,1,0.8517154253158216
full_CB_V_raw_A0_T_1e4_seed3,full,CB,V_raw,A0,T_1e4,0.0001,3,holdout,-1,val,197,49,1,1,0.9680822516393316
full_CB_V_raw_A0_T_1e4_seed3,full,CB,V_raw,A0,T_1e4,0.0001,3,holdout,-1,val,135,36,1,1,0.939438914394088
full_CB_V_raw_A0_T_1e4_seed3,full,CB,V_raw,A0,T_1e4,0.0001,3,holdout,-1,val,199,50,1,1,0.7993141878688639
full_CB_V_raw_A0_T_1e4_seed3,full,CB,V_raw,A0,T_1e4,0.0001,3,holdout,-1,val,152,39,0,1,0.6227766106133397
full_CB_V_raw_A0_T_1e4_seed3,full,CB,V_raw,A0,T_1e4,0.0001,3,holdout,-1,val,184,47,1,1,0.9565624896808848
full_CB_V_raw_A0_T_1e4_seed3,full,CB,V_raw,A0,T_1e4,0.0001,3,holdout,-1,val,228,55,1,1,0.9813330548399196
full_CB_V_raw_A0_T_1e4_seed3,full,CB,V_raw,A0,T_1e4,0.0001,3,holdout,-1,val,86,30,1,1,0.905521235000084
full_CB_V_raw_A0_T_1e4_seed3,full,CB,V_raw,A0,T_1e4,0.0001,3,holdout,-1,val,133,35,0,0,0.1109744488362741
full_CB_V_raw_A0_T_1e4_seed3,full,CB,V_raw,A0,T_1e4,0.0001,3,holdout,-1,val,162,40,1,1,0.9920814772021886
full_CB_V_raw_A0_T_1e4_seed3,full,CB,V_raw,A0,T_1e4,0.0001,3,holdout,-1,val,74,27,0,0,0.1563982012719106
full_CB_V_raw_A0_T_1e4_seed3,full,CB,V_raw,A0,T_1e4,0.0001,3,holdout,-1,val,89,31,0,0,0.087905042148849
full_CB_V_raw_A0_T_1e4_seed3,full,CB,V_raw,A0,T_1e4,0.0001,3,holdout,-1,val,221,54,0,1,0.8388580628304977
full_CB_V_raw_A0_T_1e4_seed3,full,CB,V_raw,A0,T_1e4,0.0001,3,holdout,-1,val,32,14,1,1,0.9539231336835696
full_CB_V_raw_A0_T_1e4_seed3,full,CB,V_raw,A0,T_1e4,0.0001,3,holdout,-1,val,210,54,0,0,0.1695870804318479
full_CB_V_raw_A0_T_1e4_seed3,full,CB,V_raw,A0,T_1e4,0.0001,3,holdout,-1,val,96,31,1,1,0.9785764886380404
full_CB_V_raw_A0_T_1e4_seed3,full,CB,V_raw,A0,T_1e4,0.0001,3,holdout,-1,val,44,19,0,0,0.3533239994813305
full_CB_V_raw_A0_T_1e4_seed3,full,CB,V_raw,A0,T_1e4,0.0001,3,holdout,-1,val,9,3,0,0,0.2307465924101018
full_CB_V_raw_A0_T_1e4_seed3,full,CB,V_raw,A0,T_1e4,0.0001,3,holdout,-1,val,167,41,1,1,0.9651899791715814
full_CB_V_raw_A0_T_1e4_seed3,full,CB,V_raw,A0,T_1e4,0.0001,3,holdout,-1,val,211,54,1,1,0.7814602800665063
full_CB_V_raw_A0_T_1e4_seed3,full,CB,V_raw,A0,T_1e4,0.0001,3,holdout,-1,val,216,54,1,0,0.1695870804318479
full_CB_V_raw_A0_T_1e4_seed3,full,CB,V_raw,A0,T_1e4,0.0001,3,holdout,-1,val,115,32,1,1,0.7175167370974352
full_CB_V_raw_A0_T_1e4_seed3,full,CB,V_raw,A0,T_1e4,0.0001,3,holdout,-1,val,6,1,1,1,0.9836790283626908
full_CB_V_raw_A0_T_1e4_seed3,full,CB,V_raw,A0,T_1e4,0.0001,3,holdout,-1,val,114,32,0,0,0.0340886332193824
full_CB_V_raw_A0_T_1e4_seed3,full,CB,V_raw,A0,T_1e4,0.0001,3,holdout,-1,val,34,15,1,0,0.0715437113546785
full_CB_V_raw_A0_T_1e4_seed3,full,CB,V_raw,A0,T_1e4,0.0001,3,holdout,-1,val,49,20,1,0,0.187557698537885
full_CB_V_raw_A0_T_1e4_seed3,full,CB,V_raw,A0,T_1e4,0.0001,3,holdout,-1,test,79,28,1,1,0.9913691609466224
full_CB_V_raw_A0_T_1e4_seed3,full,CB,V_raw,A0,T_1e4,0.0001,3,holdout,-1,test,42,19,1,0,0.3568420431272218
full_CB_V_raw_A0_T_1e4_seed3,full,CB,V_raw,A0,T_1e4,0.0001,3,holdout,-1,test,5,1,1,1,0.9846595085301708
full_CB_V_raw_A0_T_1e4_seed3,full,CB,V_raw,A0,T_1e4,0.0001,3,holdout,-1,test,33,15,1,1,0.576939139855634
full_CB_V_raw_A0_T_1e4_seed3,full,CB,V_raw,A0,T_1e4,0.0001,3,holdout,-1,test,46,20,0,0,0.0697863318865065
full_CB_V_raw_A0_T_1e4_seed3,full,CB,V_raw,A0,T_1e4,0.0001,3,holdout,-1,test,159,40,1,1,0.9918696055860496
full_CB_V_raw_A0_T_1e4_seed3,full,CB,V_raw,A0,T_1e4,0.0001,3,holdout,-1,test,2,1,0,0,0.2685413265133682
full_CB_V_raw_A0_T_1e4_seed3,full,CB,V_raw,A0,T_1e4,0.0001,3,holdout,-1,test,217,54,1,1,0.7814602800665063
full_CB_V_raw_A0_T_1e4_seed3,full,CB,V_raw,A0,T_1e4,0.0001,3,holdout,-1,test,54,21,1,1,0.981392042341008
full_CB_V_raw_A0_T_1e4_seed3,full,CB,V_raw,A0,T_1e4,0.0001,3,holdout,-1,test,84,30,0,1,0.9107754367585206
full_CB_V_raw_A0_T_1e4_seed3,full,CB,V_raw,A0,T_1e4,0.0001,3,holdout,-1,test,85,30,1,1,0.8988149800161752
full_CB_V_raw_A0_T_1e4_seed3,full,CB,V_raw,A0,T_1e4,0.0001,3,holdout,-1,test,118,32,1,1,0.705635072958163
full_CB_V_raw_A0_T_1e4_seed3,full,CB,V_raw,A0,T_1e4,0.0001,3,holdout,-1,test,24,11,0,1,0.7225626331780328
full_CB_V_raw_A0_T_1e4_seed3,full,CB,V_raw,A0,T_1e4,0.0001,3,holdout,-1,test,57,22,1,1,0.8856910774178974
full_CB_V_raw_A0_T_1e4_seed3,full,CB,V_raw,A0,T_1e4,0.0001,3,holdout,-1,test,145,37,1,1,0.8940681543572361
full_CB_V_raw_A0_T_1e4_seed3,full,CB,V_raw,A0,T_1e4,0.0001,3,holdout,-1,test,75,27,0,0,0.0823520862469366
full_CB_V_raw_A0_T_1e4_seed3,full,CB,V_raw,A0,T_1e4,0.0001,3,holdout,-1,test,202,50,0,0,0.1329270837228881
full_CB_V_raw_A0_T_1e4_seed3,full,CB,V_raw,A0,T_1e4,0.0001,3,holdout,-1,test,82,29,1,1,0.9501079269893424
full_CB_V_raw_A0_T_1e4_seed3,full,CB,V_raw,A0,T_1e4,0.0001,3,holdout,-1,test,214,54,1,0,0.1541924696017438
full_CB_V_raw_A0_T_1e4_seed3,full,CB,V_raw,A0,T_1e4,0.0001,3,holdout,-1,test,150,38,1,1,0.9796382087338356
full_CB_V_raw_A0_T_1e4_seed3,full,CB,V_raw,A0,T_1e4,0.0001,3,holdout,-1,test,71,26,1,1,0.9691468476935918
full_CB_V_raw_A0_T_1e4_seed3,full,CB,V_raw,A0,T_1e4,0.0001,3,holdout,-1,test,125,34,1,1,0.9871357484991096
full_CB_V_raw_A0_T_1e4_seed3,full,CB,V_raw,A0,T_1e4,0.0001,3,holdout,-1,test,227,55,1,1,0.9836098302295992
full_CB_V_raw_A0_T_1e4_seed3,full,CB,V_raw,A0,T_1e4,0.0001,3,holdout,-1,test,30,12,1,1,0.9353562219217918
full_CB_V_raw_A0_T_1e4_seed3,full,CB,V_raw,A0,T_1e4,0.0001,3,holdout,-1,test,88,30,1,1,0.91015552109173
full_CB_V_raw_A0_T_1e4_seed3,full,CB,V_raw,A0,T_1e4,0.0001,3,holdout,-1,test,131,35,0,0,0.1461245896281671
full_CB_V_raw_A0_T_1e4_seed3,full,CB,V_raw,A0,T_1e4,0.0001,3,holdout,-1,test,19,7,1,1,0.7569575882368024
full_CB_V_raw_A0_T_1e4_seed3,full,CB,V_raw,A0,T_1e4,0.0001,3,holdout,-1,test,129,35,0,0,0.0566832435730964
full_CB_V_raw_A0_T_1e4_seed3,full,CB,V_raw,A0,T_1e4,0.0001,3,holdout,-1,test,73,27,0,0,0.2010264440329717
full_CB_V_raw_A0_T_1e4_seed3,full,CB,V_raw,A0,T_1e4,0.0001,3,holdout,-1,test,51,21,1,1,0.964754743611203
full_CB_V_raw_A0_T_1e4_seed3,full,CB,V_raw,A0,T_1e4,0.0001,3,holdout,-1,test,12,4,0,0,0.0327754840185217
full_CB_V_raw_A0_T_1e4_seed3,full,CB,V_raw,A0,T_1e4,0.0001,3,holdout,-1,test,168,41,1,1,0.9213273699309265
full_CB_V_raw_A0_T_1e4_seed3,full,CB,V_raw,A0,T_1e4,0.0001,3,holdout,-1,test,144,37,1,1,0.957678878789244
full_DT_V_raw_A0_T_1e4_seed4,full,DT,V_raw,A0,T_1e4,0.0001,4,holdout,-1,val,6,1,1,1,1.0
full_DT_V_raw_A0_T_1e4_seed4,full,DT,V_raw,A0,T_1e4,0.0001,4,holdout,-1,val,5,1,1,1,1.0
full_DT_V_raw_A0_T_1e4_seed4,full,DT,V_raw,A0,T_1e4,0.0001,4,holdout,-1,val,130,35,0,0,0.0
full_DT_V_raw_A0_T_1e4_seed4,full,DT,V_raw,A0,T_1e4,0.0001,4,holdout,-1,val,67,25,1,0,0.0
full_DT_V_raw_A0_T_1e4_seed4,full,DT,V_raw,A0,T_1e4,0.0001,4,holdout,-1,val,93,31,1,1,1.0
full_DT_V_raw_A0_T_1e4_seed4,full,DT,V_raw,A0,T_1e4,0.0001,4,holdout,-1,val,157,40,1,1,1.0
full_DT_V_raw_A0_T_1e4_seed4,full,DT,V_raw,A0,T_1e4,0.0001,4,holdout,-1,val,126,34,1,1,1.0
full_DT_V_raw_A0_T_1e4_seed4,full,DT,V_raw,A0,T_1e4,0.0001,4,holdout,-1,val,34,15,1,0,0.0
full_DT_V_raw_A0_T_1e4_seed4,full,DT,V_raw,A0,T_1e4,0.0001,4,holdout,-1,val,17,6,1,0,0.5
full_DT_V_raw_A0_T_1e4_seed4,full,DT,V_raw,A0,T_1e4,0.0001,4,holdout,-1,val,135,36,1,1,0.9166666666666666
full_DT_V_raw_A0_T_1e4_seed4,full,DT,V_raw,A0,T_1e4,0.0001,4,holdout,-1,val,37,16,1,1,1.0
full_DT_V_raw_A0_T_1e4_seed4,full,DT,V_raw,A0,T_1e4,0.0001,4,holdout,-1,val,199,50,1,0,0.5
full_DT_V_raw_A0_T_1e4_seed4,full,DT,V_raw,A0,T_1e4,0.0001,4,holdout,-1,val,131,35,0,0,0.0
full_DT_V_raw_A0_T_1e4_seed4,full,DT,V_raw,A0,T_1e4,0.0001,4,holdout,-1,val,169,41,0,1,1.0
full_DT_V_raw_A0_T_1e4_seed4,full,DT,V_raw,A0,T_1e4,0.0001,4,holdout,-1,val,20,8,1,1,1.0
full_DT_V_raw_A0_T_1e4_seed4,full,DT,V_raw,A0,T_1e4,0.0001,4,holdout,-1,val,215,54,1,0,0.5
full_DT_V_raw_A0_T_1e4_seed4,full,DT,V_raw,A0,T_1e4,0.0001,4,holdout,-1,val,85,30,1,1,0.6666666666666666
full_DT_V_raw_A0_T_1e4_seed4,full,DT,V_raw,A0,T_1e4,0.0001,4,holdout,-1,val,186,47,1,1,1.0
full_DT_V_raw_A0_T_1e4_seed4,full,DT,V_raw,A0,T_1e4,0.0001,4,holdout,-1,val,124,34,1,1,1.0
full_DT_V_raw_A0_T_1e4_seed4,full,DT,V_raw,A0,T_1e4,0.0001,4,holdout,-1,val,3,1,1,1,1.0
full_DT_V_raw_A0_T_1e4_seed4,full,DT,V_raw,A0,T_1e4,0.0001,4,holdout,-1,val,116,32,1,1,1.0
full_DT_V_raw_A0_T_1e4_seed4,full,DT,V_raw,A0,T_1e4,0.0001,4,holdout,-1,val,128,34,1,1,1.0
full_DT_V_raw_A0_T_1e4_seed4,full,DT,V_raw,A0,T_1e4,0.0001,4,holdout,-1,val,143,37,1,1,1.0
full_DT_V_raw_A0_T_1e4_seed4,full,DT,V_raw,A0,T_1e4,0.0001,4,holdout,-1,val,23,11,0,1,1.0
full_DT_V_raw_A0_T_1e4_seed4,full,DT,V_raw,A0,T_1e4,0.0001,4,holdout,-1,val,101,32,0,1,0.6666666666666666
full_DT_V_raw_A0_T_1e4_seed4,full,DT,V_raw,A0,T_1e4,0.0001,4,holdout,-1,val,132,35,0,0,0.0
full_DT_V_raw_A0_T_1e4_seed4,full,DT,V_raw,A0,T_1e4,0.0001,4,holdout,-1,val,2,1,0,1,1.0
full_DT_V_raw_A0_T_1e4_seed4,full,DT,V_raw,A0,T_1e4,0.0001,4,holdout,-1,val,222,54,0,1,0.9166666666666666
full_DT_V_raw_A0_T_1e4_seed4,full,DT,V_raw,A0,T_1e4,0.0001,4,holdout,-1,val,31,13,1,1,1.0
full_DT_V_raw_A0_T_1e4_seed4,full,DT,V_raw,A0,T_1e4,0.0001,4,holdout,-1,val,22,10,1,1,1.0
full_DT_V_raw_A0_T_1e4_seed4,full,DT,V_raw,A0,T_1e4,0.0001,4,holdout,-1,val,211,54,1,1,0.9166666666666666
full_DT_V_raw_A0_T_1e4_seed4,full,DT,V_raw,A0,T_1e4,0.0001,4,holdout,-1,val,113,32,0,0,0.25
full_DT_V_raw_A0_T_1e4_seed4,full,DT,V_raw,A0,T_1e4,0.0001,4,holdout,-1,val,69,25,0,0,0.0
full_DT_V_raw_A0_T_1e4_seed4,full,DT,V_raw,A0,T_1e4,0.0001,4,holdout,-1,test,14,4,0,0,0.25
full_DT_V_raw_A0_T_1e4_seed4,full,DT,V_raw,A0,T_1e4,0.0001,4,holdout,-1,test,58,22,1,1,1.0
full_DT_V_raw_A0_T_1e4_seed4,full,DT,V_raw,A0,T_1e4,0.0001,4,holdout,-1,test,24,11,0,1,1.0
full_DT_V_raw_A0_T_1e4_seed4,full,DT,V_raw,A0,T_1e4,0.0001,4,holdout,-1,test,118,32,1,0,0.25
full_DT_V_raw_A0_T_1e4_seed4,full,DT,V_raw,A0,T_1e4,0.0001,4,holdout,-1,test,115,32,1,0,0.25
full_DT_V_raw_A0_T_1e4_seed4,full,DT,V_raw,A0,T_1e4,0.0001,4,holdout,-1,test,214,54,1,0,0.0
full_DT_V_raw_A0_T_1e4_seed4,full,DT,V_raw,A0,T_1e4,0.0001,4,holdout,-1,test,152,39,0,1,1.0
full_DT_V_raw_A0_T_1e4_seed4,full,DT,V_raw,A0,T_1e4,0.0001,4,holdout,-1,test,78,28,1,1,1.0
full_DT_V_raw_A0_T_1e4_seed4,full,DT,V_raw,A0,T_1e4,0.0001,4,holdout,-1,test,9,3,0,0,0.0
full_DT_V_raw_A0_T_1e4_seed4,full,DT,V_raw,A0,T_1e4,0.0001,4,holdout,-1,test,83,30,0,1,0.6666666666666666
full_DT_V_raw_A0_T_1e4_seed4,full,DT,V_raw,A0,T_1e4,0.0001,4,holdout,-1,test,218,54,1,1,0.9166666666666666
full_DT_V_raw_A0_T_1e4_seed4,full,DT,V_raw,A0,T_1e4,0.0001,4,holdout,-1,test,138,36,0,1,0.9166666666666666
full_DT_V_raw_A0_T_1e4_seed4,full,DT,V_raw,A0,T_1e4,0.0001,4,holdout,-1,test,7,1,1,1,1.0
full_DT_V_raw_A0_T_1e4_seed4,full,DT,V_raw,A0,T_1e4,0.0001,4,holdout,-1,test,197,49,1,1,1.0
full_DT_V_raw_A0_T_1e4_seed4,full,DT,V_raw,A0,T_1e4,0.0001,4,holdout,-1,test,88,30,1,1,0.6666666666666666
full_DT_V_raw_A0_T_1e4_seed4,full,DT,V_raw,A0,T_1e4,0.0001,4,holdout,-1,test,81,28,1,1,1.0
full_DT_V_raw_A0_T_1e4_seed4,full,DT,V_raw,A0,T_1e4,0.0001,4,holdout,-1,test,119,33,0,1,1.0
full_DT_V_raw_A0_T_1e4_seed4,full,DT,V_raw,A0,T_1e4,0.0001,4,holdout,-1,test,201,50,0,0,0.5
full_DT_V_raw_A0_T_1e4_seed4,full,DT,V_raw,A0,T_1e4,0.0001,4,holdout,-1,test,122,33,1,1,1.0
full_DT_V_raw_A0_T_1e4_seed4,full,DT,V_raw,A0,T_1e4,0.0001,4,holdout,-1,test,45,19,1,1,1.0
full_DT_V_raw_A0_T_1e4_seed4,full,DT,V_raw,A0,T_1e4,0.0001,4,holdout,-1,test,184,47,1,1,1.0
full_DT_V_raw_A0_T_1e4_seed4,full,DT,V_raw,A0,T_1e4,0.0001,4,holdout,-1,test,19,7,1,1,0.6666666666666666
full_DT_V_raw_A0_T_1e4_seed4,full,DT,V_raw,A0,T_1e4,0.0001,4,holdout,-1,test,80,28,1,1,1.0
full_DT_V_raw_A0_T_1e4_seed4,full,DT,V_raw,A0,T_1e4,0.0001,4,holdout,-1,test,217,54,1,1,0.9166666666666666
full_DT_V_raw_A0_T_1e4_seed4,full,DT,V_raw,A0,T_1e4,0.0001,4,holdout,-1,test,44,19,0,1,1.0
full_DT_V_raw_A0_T_1e4_seed4,full,DT,V_raw,A0,T_1e4,0.0001,4,holdout,-1,test,172,43,1,1,0.75
full_DT_V_raw_A0_T_1e4_seed4,full,DT,V_raw,A0,T_1e4,0.0001,4,holdout,-1,test,123,34,0,1,1.0
full_DT_V_raw_A0_T_1e4_seed4,full,DT,V_raw,A0,T_1e4,0.0001,4,holdout,-1,test,150,38,1,1,0.9166666666666666
full_DT_V_raw_A0_T_1e4_seed4,full,DT,V_raw,A0,T_1e4,0.0001,4,holdout,-1,test,54,21,1,1,1.0
full_DT_V_raw_A0_T_1e4_seed4,full,DT,V_raw,A0,T_1e4,0.0001,4,holdout,-1,test,18,6,1,0,0.5
full_DT_V_raw_A0_T_1e4_seed4,full,DT,V_raw,A0,T_1e4,0.0001,4,holdout,-1,test,162,40,1,1,1.0
full_DT_V_raw_A0_T_1e4_seed4,full,DT,V_raw,A0,T_1e4,0.0001,4,holdout,-1,test,224,54,1,1,0.9166666666666666
full_DT_V_raw_A0_T_1e4_seed4,full,DT,V_raw,A0,T_1e4,0.0001,4,holdout,-1,test,198,49,1,1,1.0
full_RF_V_raw_A0_T_1e4_seed4,full,RF,V_raw,A0,T_1e4,0.0001,4,holdout,-1,val,6,1,1,1,0.9119889689756836
full_RF_V_raw_A0_T_1e4_seed4,full,RF,V_raw,A0,T_1e4,0.0001,4,holdout,-1,val,5,1,1,1,0.9255289572514992
full_RF_V_raw_A0_T_1e4_seed4,full,RF,V_raw,A0,T_1e4,0.0001,4,holdout,-1,val,130,35,0,0,0.3341466421138733
full_RF_V_raw_A0_T_1e4_seed4,full,RF,V_raw,A0,T_1e4,0.0001,4,holdout,-1,val,67,25,1,0,0.3098977668035621
full_RF_V_raw_A0_T_1e4_seed4,full,RF,V_raw,A0,T_1e4,0.0001,4,holdout,-1,val,93,31,1,1,0.8763892498553698
full_RF_V_raw_A0_T_1e4_seed4,full,RF,V_raw,A0,T_1e4,0.0001,4,holdout,-1,val,157,40,1,1,0.9620667708899008
full_RF_V_raw_A0_T_1e4_seed4,full,RF,V_raw,A0,T_1e4,0.0001,4,holdout,-1,val,126,34,1,1,0.9491419348759312
full_RF_V_raw_A0_T_1e4_seed4,full,RF,V_raw,A0,T_1e4,0.0001,4,holdout,-1,val,34,15,1,0,0.2510890538063725
full_RF_V_raw_A0_T_1e4_seed4,full,RF,V_raw,A0,T_1e4,0.0001,4,holdout,-1,val,17,6,1,1,0.8094244032303305
full_RF_V_raw_A0_T_1e4_seed4,full,RF,V_raw,A0,T_1e4,0.0001,4,holdout,-1,val,135,36,1,1,0.801701446902793
full_RF_V_raw_A0_T_1e4_seed4,full,RF,V_raw,A0,T_1e4,0.0001,4,holdout,-1,val,37,16,1,1,0.7923152491707347
full_RF_V_raw_A0_T_1e4_seed4,full,RF,V_raw,A0,T_1e4,0.0001,4,holdout,-1,val,199,50,1,1,0.5145496423312036
full_RF_V_raw_A0_T_1e4_seed4,full,RF,V_raw,A0,T_1e4,0.0001,4,holdout,-1,val,131,35,0,0,0.3048256593370025
full_RF_V_raw_A0_T_1e4_seed4,full,RF,V_raw,A0,T_1e4,0.0001,4,holdout,-1,val,169,41,0,1,0.6575373861119468
full_RF_V_raw_A0_T_1e4_seed4,full,RF,V_raw,A0,T_1e4,0.0001,4,holdout,-1,val,20,8,1,1,0.596548207821061
full_RF_V_raw_A0_T_1e4_seed4,full,RF,V_raw,A0,T_1e4,0.0001,4,holdout,-1,val,215,54,1,0,0.4400429503783692
full_RF_V_raw_A0_T_1e4_seed4,full,RF,V_raw,A0,T_1e4,0.0001,4,holdout,-1,val,85,30,1,1,0.8243458842195219
full_RF_V_raw_A0_T_1e4_seed4,full,RF,V_raw,A0,T_1e4,0.0001,4,holdout,-1,val,186,47,1,1,0.7442009670944072
full_RF_V_raw_A0_T_1e4_seed4,full,RF,V_raw,A0,T_1e4,0.0001,4,holdout,-1,val,124,34,1,1,0.9454532051212508
full_RF_V_raw_A0_T_1e4_seed4,full,RF,V_raw,A0,T_1e4,0.0001,4,holdout,-1,val,3,1,1,1,0.8827228503637408
full_RF_V_raw_A0_T_1e4_seed4,full,RF,V_raw,A0,T_1e4,0.0001,4,holdout,-1,val,116,32,1,1,0.8139997931576208
full_RF_V_raw_A0_T_1e4_seed4,full,RF,V_raw,A0,T_1e4,0.0001,4,holdout,-1,val,128,34,1,1,0.875587270185487
full_RF_V_raw_A0_T_1e4_seed4,full,RF,V_raw,A0,T_1e4,0.0001,4,holdout,-1,val,143,37,1,1,0.8302190791822894
full_RF_V_raw_A0_T_1e4_seed4,full,RF,V_raw,A0,T_1e4,0.0001,4,holdout,-1,val,23,11,0,1,0.6189852059222217
full_RF_V_raw_A0_T_1e4_seed4,full,RF,V_raw,A0,T_1e4,0.0001,4,holdout,-1,val,101,32,0,1,0.5979535671140135
full_RF_V_raw_A0_T_1e4_seed4,full,RF,V_raw,A0,T_1e4,0.0001,4,holdout,-1,val,132,35,0,0,0.259372293149752
full_RF_V_raw_A0_T_1e4_seed4,full,RF,V_raw,A0,T_1e4,0.0001,4,holdout,-1,val,2,1,0,1,0.5184866057640067
full_RF_V_raw_A0_T_1e4_seed4,full,RF,V_raw,A0,T_1e4,0.0001,4,holdout,-1,val,222,54,0,1,0.6550378416191381
full_RF_V_raw_A0_T_1e4_seed4,full,RF,V_raw,A0,T_1e4,0.0001,4,holdout,-1,val,31,13,1,1,0.8936850012160227
full_RF_V_raw_A0_T_1e4_seed4,full,RF,V_raw,A0,T_1e4,0.0001,4,holdout,-1,val,22,10,1,1,0.7863167393617032
full_RF_V_raw_A0_T_1e4_seed4,full,RF,V_raw,A0,T_1e4,0.0001,4,holdout,-1,val,211,54,1,1,0.7139310602279013
full_RF_V_raw_A0_T_1e4_seed4,full,RF,V_raw,A0,T_1e4,0.0001,4,holdout,-1,val,113,32,0,1,0.6226367283706606
full_RF_V_raw_A0_T_1e4_seed4,full,RF,V_raw,A0,T_1e4,0.0001,4,holdout,-1,val,69,25,0,0,0.1897080993654908
full_RF_V_raw_A0_T_1e4_seed4,full,RF,V_raw,A0,T_1e4,0.0001,4,holdout,-1,test,14,4,0,0,0.3615566570631781
full_RF_V_raw_A0_T_1e4_seed4,full,RF,V_raw,A0,T_1e4,0.0001,4,holdout,-1,test,58,22,1,1,0.7374084683994607
full_RF_V_raw_A0_T_1e4_seed4,full,RF,V_raw,A0,T_1e4,0.0001,4,holdout,-1,test,24,11,0,1,0.659562184296603
full_RF_V_raw_A0_T_1e4_seed4,full,RF,V_raw,A0,T_1e4,0.0001,4,holdout,-1,test,118,32,1,1,0.6847623813459003
full_RF_V_raw_A0_T_1e4_seed4,full,RF,V_raw,A0,T_1e4,0.0001,4,holdout,-1,test,115,32,1,0,0.4697182571925603
full_RF_V_raw_A0_T_1e4_seed4,full,RF,V_raw,A0,T_1e4,0.0001,4,holdout,-1,test,214,54,1,0,0.2414697507623059
full_RF_V_raw_A0_T_1e4_seed4,full,RF,V_raw,A0,T_1e4,0.0001,4,holdout,-1,test,152,39,0,1,0.5202197197996054
full_RF_V_raw_A0_T_1e4_seed4,full,RF,V_raw,A0,T_1e4,0.0001,4,holdout,-1,test,78,28,1,1,0.9708960388725024
full_RF_V_raw_A0_T_1e4_seed4,full,RF,V_raw,A0,T_1e4,0.0001,4,holdout,-1,test,9,3,0,0,0.2412117089290276
full_RF_V_raw_A0_T_1e4_seed4,full,RF,V_raw,A0,T_1e4,0.0001,4,holdout,-1,test,83,30,0,1,0.6821852075428729
full_RF_V_raw_A0_T_1e4_seed4,full,RF,V_raw,A0,T_1e4,0.0001,4,holdout,-1,test,218,54,1,1,0.7709361617495386
full_RF_V_raw_A0_T_1e4_seed4,full,RF,V_raw,A0,T_1e4,0.0001,4,holdout,-1,test,138,36,0,1,0.7830715187548735
full_RF_V_raw_A0_T_1e4_seed4,full,RF,V_raw,A0,T_1e4,0.0001,4,holdout,-1,test,7,1,1,1,0.898116605163179
full_RF_V_raw_A0_T_1e4_seed4,full,RF,V_raw,A0,T_1e4,0.0001,4,holdout,-1,test,197,49,1,1,0.7514044981699421
full_RF_V_raw_A0_T_1e4_seed4,full,RF,V_raw,A0,T_1e4,0.0001,4,holdout,-1,test,88,30,1,1,0.8250819396485493
full_RF_V_raw_A0_T_1e4_seed4,full,RF,V_raw,A0,T_1e4,0.0001,4,holdout,-1,test,81,28,1,1,0.946448406628624
full_RF_V_raw_A0_T_1e4_seed4,full,RF,V_raw,A0,T_1e4,0.0001,4,holdout,-1,test,119,33,0,1,0.5741065213092937
full_RF_V_raw_A0_T_1e4_seed4,full,RF,V_raw,A0,T_1e4,0.0001,4,holdout,-1,test,201,50,0,1,0.5024031206121677
full_RF_V_raw_A0_T_1e4_seed4,full,RF,V_raw,A0,T_1e4,0.0001,4,holdout,-1,test,122,33,1,1,0.7053635405128682
full_RF_V_raw_A0_T_1e4_seed4,full,RF,V_raw,A0,T_1e4,0.0001,4,holdout,-1,test,45,19,1,1,0.9128783181914588
full_RF_V_raw_A0_T_1e4_seed4,full,RF,V_raw,A0,T_1e4,0.0001,4,holdout,-1,test,184,47,1,1,0.8750367530577694
full_RF_V_raw_A0_T_1e4_seed4,full,RF,V_raw,A0,T_1e4,0.0001,4,holdout,-1,test,19,7,1,1,0.5533899775581282
full_RF_V_raw_A0_T_1e4_seed4,full,RF,V_raw,A0,T_1e4,0.0001,4,holdout,-1,test,80,28,1,1,0.9512265736052968
full_RF_V_raw_A0_T_1e4_seed4,full,RF,V_raw,A0,T_1e4,0.0001,4,holdout,-1,test,217,54,1,1,0.7139310602279013
full_RF_V_raw_A0_T_1e4_seed4,full,RF,V_raw,A0,T_1e4,0.0001,4,holdout,-1,test,44,19,0,1,0.7976941188277579
full_RF_V_raw_A0_T_1e4_seed4,full,RF,V_raw,A0,T_1e4,0.0001,4,holdout,-1,test,172,43,1,1,0.5802186678938629
full_RF_V_raw_A0_T_1e4_seed4,full,RF,V_raw,A0,T_1e4,0.0001,4,holdout,-1,test,123,34,0,1,0.5711845729524863
full_RF_V_raw_A0_T_1e4_seed4,full,RF,V_raw,A0,T_1e4,0.0001,4,holdout,-1,test,150,38,1,1,0.936743497876318
full_RF_V_raw_A0_T_1e4_seed4,full,RF,V_raw,A0,T_1e4,0.0001,4,holdout,-1,test,54,21,1,1,0.9049996421254308
full_RF_V_raw_A0_T_1e4_seed4,full,RF,V_raw,A0,T_1e4,0.0001,4,holdout,-1,test,18,6,1,1,0.8094244032303305
full_RF_V_raw_A0_T_1e4_seed4,full,RF,V_raw,A0,T_1e4,0.0001,4,holdout,-1,test,162,40,1,1,0.964586091275482
full_RF_V_raw_A0_T_1e4_seed4,full,RF,V_raw,A0,T_1e4,0.0001,4,holdout,-1,test,224,54,1,1,0.7709361617495386
full_RF_V_raw_A0_T_1e4_seed4,full,RF,V_raw,A0,T_1e4,0.0001,4,holdout,-1,test,198,49,1,1,0.7299795505145524
full_LGBM_V_raw_A0_T_1e4_seed4,full,LGBM,V_raw,A0,T_1e4,0.0001,4,holdout,-1,val,6,1,1,1,0.9856429904710328
full_LGBM_V_raw_A0_T_1e4_seed4,full,LGBM,V_raw,A0,T_1e4,0.0001,4,holdout,-1,val,5,1,1,1,0.9856429904710328
full_LGBM_V_raw_A0_T_1e4_seed4,full,LGBM,V_raw,A0,T_1e4,0.0001,4,holdout,-1,val,130,35,0,0,0.0806972087117435
full_LGBM_V_raw_A0_T_1e4_seed4,full,LGBM,V_raw,A0,T_1e4,0.0001,4,holdout,-1,val,67,25,1,0,0.3702412691558112
full_LGBM_V_raw_A0_T_1e4_seed4,full,LGBM,V_raw,A0,T_1e4,0.0001,4,holdout,-1,val,93,31,1,1,0.9417952907737276
full_LGBM_V_raw_A0_T_1e4_seed4,full,LGBM,V_raw,A0,T_1e4,0.0001,4,holdout,-1,val,157,40,1,1,0.9964036304533064
full_LGBM_V_raw_A0_T_1e4_seed4,full,LGBM,V_raw,A0,T_1e4,0.0001,4,holdout,-1,val,126,34,1,1,0.9835622515940649
full_LGBM_V_raw_A0_T_1e4_seed4,full,LGBM,V_raw,A0,T_1e4,0.0001,4,holdout,-1,val,34,15,1,0,0.144821335626528
full_LGBM_V_raw_A0_T_1e4_seed4,full,LGBM,V_raw,A0,T_1e4,0.0001,4,holdout,-1,val,17,6,1,1,0.89552163324604
full_LGBM_V_raw_A0_T_1e4_seed4,full,LGBM,V_raw,A0,T_1e4,0.0001,4,holdout,-1,val,135,36,1,1,0.9089877794966555
full_LGBM_V_raw_A0_T_1e4_seed4,full,LGBM,V_raw,A0,T_1e4,0.0001,4,holdout,-1,val,37,16,1,1,0.9369553866842638
full_LGBM_V_raw_A0_T_1e4_seed4,full,LGBM,V_raw,A0,T_1e4,0.0001,4,holdout,-1,val,199,50,1,0,0.3498316773973695
full_LGBM_V_raw_A0_T_1e4_seed4,full,LGBM,V_raw,A0,T_1e4,0.0001,4,holdout,-1,val,131,35,0,0,0.0457293225243862
full_LGBM_V_raw_A0_T_1e4_seed4,full,LGBM,V_raw,A0,T_1e4,0.0001,4,holdout,-1,val,169,41,0,1,0.6037164597322758
full_LGBM_V_raw_A0_T_1e4_seed4,full,LGBM,V_raw,A0,T_1e4,0.0001,4,holdout,-1,val,20,8,1,1,0.9087915069754195
full_LGBM_V_raw_A0_T_1e4_seed4,full,LGBM,V_raw,A0,T_1e4,0.0001,4,holdout,-1,val,215,54,1,0,0.4613724168066557
full_LGBM_V_raw_A0_T_1e4_seed4,full,LGBM,V_raw,A0,T_1e4,0.0001,4,holdout,-1,val,85,30,1,1,0.7828860994610871
full_LGBM_V_raw_A0_T_1e4_seed4,full,LGBM,V_raw,A0,T_1e4,0.0001,4,holdout,-1,val,186,47,1,1,0.8287211435232208
full_LGBM_V_raw_A0_T_1e4_seed4,full,LGBM,V_raw,A0,T_1e4,0.0001,4,holdout,-1,val,124,34,1,1,0.9877881689440466
full_LGBM_V_raw_A0_T_1e4_seed4,full,LGBM,V_raw,A0,T_1e4,0.0001,4,holdout,-1,val,3,1,1,1,0.9232380336472716
full_LGBM_V_raw_A0_T_1e4_seed4,full,LGBM,V_raw,A0,T_1e4,0.0001,4,holdout,-1,val,116,32,1,1,0.9557040920865926
full_LGBM_V_raw_A0_T_1e4_seed4,full,LGBM,V_raw,A0,T_1e4,0.0001,4,holdout,-1,val,128,34,1,1,0.983778084059516
full_LGBM_V_raw_A0_T_1e4_seed4,full,LGBM,V_raw,A0,T_1e4,0.0001,4,holdout,-1,val,143,37,1,1,0.984515416322048
full_LGBM_V_raw_A0_T_1e4_seed4,full,LGBM,V_raw,A0,T_1e4,0.0001,4,holdout,-1,val,23,11,0,1,0.9183020083109192
full_LGBM_V_raw_A0_T_1e4_seed4,full,LGBM,V_raw,A0,T_1e4,0.0001,4,holdout,-1,val,101,32,0,1,0.5091123974886037
full_LGBM_V_raw_A0_T_1e4_seed4,full,LGBM,V_raw,A0,T_1e4,0.0001,4,holdout,-1,val,132,35,0,0,0.0870755479382428
full_LGBM_V_raw_A0_T_1e4_seed4,full,LGBM,V_raw,A0,T_1e4,0.0001,4,holdout,-1,val,2,1,0,0,0.4990904097970943
full_LGBM_V_raw_A0_T_1e4_seed4,full,LGBM,V_raw,A0,T_1e4,0.0001,4,holdout,-1,val,222,54,0,1,0.6379276023324254
full_LGBM_V_raw_A0_T_1e4_seed4,full,LGBM,V_raw,A0,T_1e4,0.0001,4,holdout,-1,val,31,13,1,1,0.9493312213958028
full_LGBM_V_raw_A0_T_1e4_seed4,full,LGBM,V_raw,A0,T_1e4,0.0001,4,holdout,-1,val,22,10,1,1,0.99105368745876
full_LGBM_V_raw_A0_T_1e4_seed4,full,LGBM,V_raw,A0,T_1e4,0.0001,4,holdout,-1,val,211,54,1,1,0.847277725500576
full_LGBM_V_raw_A0_T_1e4_seed4,full,LGBM,V_raw,A0,T_1e4,0.0001,4,holdout,-1,val,113,32,0,0,0.4456108001067999
full_LGBM_V_raw_A0_T_1e4_seed4,full,LGBM,V_raw,A0,T_1e4,0.0001,4,holdout,-1,val,69,25,0,0,0.0684734614188676
full_LGBM_V_raw_A0_T_1e4_seed4,full,LGBM,V_raw,A0,T_1e4,0.0001,4,holdout,-1,test,14,4,0,0,0.159236716418323
full_LGBM_V_raw_A0_T_1e4_seed4,full,LGBM,V_raw,A0,T_1e4,0.0001,4,holdout,-1,test,58,22,1,1,0.8325693346682765
full_LGBM_V_raw_A0_T_1e4_seed4,full,LGBM,V_raw,A0,T_1e4,0.0001,4,holdout,-1,test,24,11,0,1,0.9362488017266802
full_LGBM_V_raw_A0_T_1e4_seed4,full,LGBM,V_raw,A0,T_1e4,0.0001,4,holdout,-1,test,118,32,1,1,0.6567610644220506
full_LGBM_V_raw_A0_T_1e4_seed4,full,LGBM,V_raw,A0,T_1e4,0.0001,4,holdout,-1,test,115,32,1,0,0.1442207528977107
full_LGBM_V_raw_A0_T_1e4_seed4,full,LGBM,V_raw,A0,T_1e4,0.0001,4,holdout,-1,test,214,54,1,0,0.0864032732797171
full_LGBM_V_raw_A0_T_1e4_seed4,full,LGBM,V_raw,A0,T_1e4,0.0001,4,holdout,-1,test,152,39,0,1,0.9228212974977044
full_LGBM_V_raw_A0_T_1e4_seed4,full,LGBM,V_raw,A0,T_1e4,0.0001,4,holdout,-1,test,78,28,1,1,0.987034372577186
full_LGBM_V_raw_A0_T_1e4_seed4,full,LGBM,V_raw,A0,T_1e4,0.0001,4,holdout,-1,test,9,3,0,0,0.0651081415982929
full_LGBM_V_raw_A0_T_1e4_seed4,full,LGBM,V_raw,A0,T_1e4,0.0001,4,holdout,-1,test,83,30,0,1,0.8398732641828521
full_LGBM_V_raw_A0_T_1e4_seed4,full,LGBM,V_raw,A0,T_1e4,0.0001,4,holdout,-1,test,218,54,1,1,0.9411714429684644
full_LGBM_V_raw_A0_T_1e4_seed4,full,LGBM,V_raw,A0,T_1e4,0.0001,4,holdout,-1,test,138,36,0,1,0.8353581330221862
full_LGBM_V_raw_A0_T_1e4_seed4,full,LGBM,V_raw,A0,T_1e4,0.0001,4,holdout,-1,test,7,1,1,1,0.9349359268017898
full_LGBM_V_raw_A0_T_1e4_seed4,full,LGBM,V_raw,A0,T_1e4,0.0001,4,holdout,-1,test,197,49,1,1,0.9295644093547876
full_LGBM_V_raw_A0_T_1e4_seed4,full,LGBM,V_raw,A0,T_1e4,0.0001,4,holdout,-1,test,88,30,1,1,0.7782542455452649
full_LGBM_V_raw_A0_T_1e4_seed4,full,LGBM,V_raw,A0,T_1e4,0.0001,4,holdout,-1,test,81,28,1,1,0.9464477559073956
full_LGBM_V_raw_A0_T_1e4_seed4,full,LGBM,V_raw,A0,T_1e4,0.0001,4,holdout,-1,test,119,33,0,1,0.9044064607901492
full_LGBM_V_raw_A0_T_1e4_seed4,full,LGBM,V_raw,A0,T_1e4,0.0001,4,holdout,-1,test,201,50,0,0,0.2957751554691988
full_LGBM_V_raw_A0_T_1e4_seed4,full,LGBM,V_raw,A0,T_1e4,0.0001,4,holdout,-1,test,122,33,1,1,0.618658378249189
full_LGBM_V_raw_A0_T_1e4_seed4,full,LGBM,V_raw,A0,T_1e4,0.0001,4,holdout,-1,test,45,19,1,1,0.9951986279239816
full_LGBM_V_raw_A0_T_1e4_seed4,full,LGBM,V_raw,A0,T_1e4,0.0001,4,holdout,-1,test,184,47,1,1,0.9165469317980148
full_LGBM_V_raw_A0_T_1e4_seed4,full,LGBM,V_raw,A0,T_1e4,0.0001,4,holdout,-1,test,19,7,1,1,0.9370921252984196
full_LGBM_V_raw_A0_T_1e4_seed4,full,LGBM,V_raw,A0,T_1e4,0.0001,4,holdout,-1,test,80,28,1,1,0.9760473219431376
full_LGBM_V_raw_A0_T_1e4_seed4,full,LGBM,V_raw,A0,T_1e4,0.0001,4,holdout,-1,test,217,54,1,1,0.847277725500576
full_LGBM_V_raw_A0_T_1e4_seed4,full,LGBM,V_raw,A0,T_1e4,0.0001,4,holdout,-1,test,44,19,0,1,0.9327244971383056
full_LGBM_V_raw_A0_T_1e4_seed4,full,LGBM,V_raw,A0,T_1e4,0.0001,4,holdout,-1,test,172,43,1,1,0.5517260521961797
full_LGBM_V_raw_A0_T_1e4_seed4,full,LGBM,V_raw,A0,T_1e4,0.0001,4,holdout,-1,test,123,34,0,1,0.6791854215578452
full_LGBM_V_raw_A0_T_1e4_seed4,full,LGBM,V_raw,A0,T_1e4,0.0001,4,holdout,-1,test,150,38,1,1,0.9550592848289524
full_LGBM_V_raw_A0_T_1e4_seed4,full,LGBM,V_raw,A0,T_1e4,0.0001,4,holdout,-1,test,54,21,1,1,0.9942900478017764
full_LGBM_V_raw_A0_T_1e4_seed4,full,LGBM,V_raw,A0,T_1e4,0.0001,4,holdout,-1,test,18,6,1,1,0.89552163324604
full_LGBM_V_raw_A0_T_1e4_seed4,full,LGBM,V_raw,A0,T_1e4,0.0001,4,holdout,-1,test,162,40,1,1,0.9902139832301788
full_LGBM_V_raw_A0_T_1e4_seed4,full,LGBM,V_raw,A0,T_1e4,0.0001,4,holdout,-1,test,224,54,1,1,0.9411714429684644
full_LGBM_V_raw_A0_T_1e4_seed4,full,LGBM,V_raw,A0,T_1e4,0.0001,4,holdout,-1,test,198,49,1,1,0.9295644093547876
full_CB_V_raw_A0_T_1e4_seed4,full,CB,V_raw,A0,T_1e4,0.0001,4,holdout,-1,val,6,1,1,1,0.9660018682516494
full_CB_V_raw_A0_T_1e4_seed4,full,CB,V_raw,A0,T_1e4,0.0001,4,holdout,-1,val,5,1,1,1,0.968879402554536
full_CB_V_raw_A0_T_1e4_seed4,full,CB,V_raw,A0,T_1e4,0.0001,4,holdout,-1,val,130,35,0,0,0.1874133315665911
full_CB_V_raw_A0_T_1e4_seed4,full,CB,V_raw,A0,T_1e4,0.0001,4,holdout,-1,val,67,25,1,0,0.1679057352117095
full_CB_V_raw_A0_T_1e4_seed4,full,CB,V_raw,A0,T_1e4,0.0001,4,holdout,-1,val,93,31,1,1,0.9654652007927746
full_CB_V_raw_A0_T_1e4_seed4,full,CB,V_raw,A0,T_1e4,0.0001,4,holdout,-1,val,157,40,1,1,0.990033205367076
full_CB_V_raw_A0_T_1e4_seed4,full,CB,V_raw,A0,T_1e4,0.0001,4,holdout,-1,val,126,34,1,1,0.9778282928613674
full_CB_V_raw_A0_T_1e4_seed4,full,CB,V_raw,A0,T_1e4,0.0001,4,holdout,-1,val,34,15,1,0,0.28582236354713
full_CB_V_raw_A0_T_1e4_seed4,full,CB,V_raw,A0,T_1e4,0.0001,4,holdout,-1,val,17,6,1,1,0.9351570545244458
full_CB_V_raw_A0_T_1e4_seed4,full,CB,V_raw,A0,T_1e4,0.0001,4,holdout,-1,val,135,36,1,1,0.9454762295424473
full_CB_V_raw_A0_T_1e4_seed4,full,CB,V_raw,A0,T_1e4,0.0001,4,holdout,-1,val,37,16,1,1,0.9354646962209708
full_CB_V_raw_A0_T_1e4_seed4,full,CB,V_raw,A0,T_1e4,0.0001,4,holdout,-1,val,199,50,1,1,0.7144252095419457
full_CB_V_raw_A0_T_1e4_seed4,full,CB,V_raw,A0,T_1e4,0.0001,4,holdout,-1,val,131,35,0,0,0.1149500376641329
full_CB_V_raw_A0_T_1e4_seed4,full,CB,V_raw,A0,T_1e4,0.0001,4,holdout,-1,val,169,41,0,1,0.629736673483405
full_CB_V_raw_A0_T_1e4_seed4,full,CB,V_raw,A0,T_1e4,0.0001,4,holdout,-1,val,20,8,1,1,0.6638707196860303
full_CB_V_raw_A0_T_1e4_seed4,full,CB,V_raw,A0,T_1e4,0.0001,4,holdout,-1,val,215,54,1,0,0.4476886789635771
full_CB_V_raw_A0_T_1e4_seed4,full,CB,V_raw,A0,T_1e4,0.0001,4,holdout,-1,val,85,30,1,1,0.613292804060473
full_CB_V_raw_A0_T_1e4_seed4,full,CB,V_raw,A0,T_1e4,0.0001,4,holdout,-1,val,186,47,1,1,0.9099084932422372
full_CB_V_raw_A0_T_1e4_seed4,full,CB,V_raw,A0,T_1e4,0.0001,4,holdout,-1,val,124,34,1,1,0.9578007326576816
full_CB_V_raw_A0_T_1e4_seed4,full,CB,V_raw,A0,T_1e4,0.0001,4,holdout,-1,val,3,1,1,1,0.954744215321018
full_CB_V_raw_A0_T_1e4_seed4,full,CB,V_raw,A0,T_1e4,0.0001,4,holdout,-1,val,116,32,1,1,0.9159347485400192
full_CB_V_raw_A0_T_1e4_seed4,full,CB,V_raw,A0,T_1e4,0.0001,4,holdout,-1,val,128,34,1,1,0.974878795243645
full_CB_V_raw_A0_T_1e4_seed4,full,CB,V_raw,A0,T_1e4,0.0001,4,holdout,-1,val,143,37,1,1,0.9588215040334884
full_CB_V_raw_A0_T_1e4_seed4,full,CB,V_raw,A0,T_1e4,0.0001,4,holdout,-1,val,23,11,0,1,0.641783733945011
full_CB_V_raw_A0_T_1e4_seed4,full,CB,V_raw,A0,T_1e4,0.0001,4,holdout,-1,val,101,32,0,0,0.469252921956046
full_CB_V_raw_A0_T_1e4_seed4,full,CB,V_raw,A0,T_1e4,0.0001,4,holdout,-1,val,132,35,0,0,0.0790808545628297
full_CB_V_raw_A0_T_1e4_seed4,full,CB,V_raw,A0,T_1e4,0.0001,4,holdout,-1,val,2,1,0,1,0.6031549045876327
full_CB_V_raw_A0_T_1e4_seed4,full,CB,V_raw,A0,T_1e4,0.0001,4,holdout,-1,val,222,54,0,1,0.5663516974911535
full_CB_V_raw_A0_T_1e4_seed4,full,CB,V_raw,A0,T_1e4,0.0001,4,holdout,-1,val,31,13,1,1,0.9375409381571508
full_CB_V_raw_A0_T_1e4_seed4,full,CB,V_raw,A0,T_1e4,0.0001,4,holdout,-1,val,22,10,1,1,0.9425475018375716
full_CB_V_raw_A0_T_1e4_seed4,full,CB,V_raw,A0,T_1e4,0.0001,4,holdout,-1,val,211,54,1,1,0.8393194783936735
full_CB_V_raw_A0_T_1e4_seed4,full,CB,V_raw,A0,T_1e4,0.0001,4,holdout,-1,val,113,32,0,1,0.6416243875389993
full_CB_V_raw_A0_T_1e4_seed4,full,CB,V_raw,A0,T_1e4,0.0001,4,holdout,-1,val,69,25,0,0,0.0662561230080255
full_CB_V_raw_A0_T_1e4_seed4,full,CB,V_raw,A0,T_1e4,0.0001,4,holdout,-1,test,14,4,0,0,0.0747013336527939
full_CB_V_raw_A0_T_1e4_seed4,full,CB,V_raw,A0,T_1e4,0.0001,4,holdout,-1,test,58,22,1,1,0.7864553884082718
full_CB_V_raw_A0_T_1e4_seed4,full,CB,V_raw,A0,T_1e4,0.0001,4,holdout,-1,test,24,11,0,1,0.8285386239229207
full_CB_V_raw_A0_T_1e4_seed4,full,CB,V_raw,A0,T_1e4,0.0001,4,holdout,-1,test,118,32,1,1,0.7626901025012573
full_CB_V_raw_A0_T_1e4_seed4,full,CB,V_raw,A0,T_1e4,0.0001,4,holdout,-1,test,115,32,1,0,0.251061249424947
full_CB_V_raw_A0_T_1e4_seed4,full,CB,V_raw,A0,T_1e4,0.0001,4,holdout,-1,test,214,54,1,0,0.1496891578079095
full_CB_V_raw_A0_T_1e4_seed4,full,CB,V_raw,A0,T_1e4,0.0001,4,holdout,-1,test,152,39,0,1,0.8148839220928615
full_CB_V_raw_A0_T_1e4_seed4,full,CB,V_raw,A0,T_1e4,0.0001,4,holdout,-1,test,78,28,1,1,0.9858163381521255
full_CB_V_raw_A0_T_1e4_seed4,full,CB,V_raw,A0,T_1e4,0.0001,4,holdout,-1,test,9,3,0,0,0.2477620408785256
full_CB_V_raw_A0_T_1e4_seed4,full,CB,V_raw,A0,T_1e4,0.0001,4,holdout,-1,test,83,30,0,1,0.7160915279084962
full_CB_V_raw_A0_T_1e4_seed4,full,CB,V_raw,A0,T_1e4,0.0001,4,holdout,-1,test,218,54,1,1,0.925004804224642
full_CB_V_raw_A0_T_1e4_seed4,full,CB,V_raw,A0,T_1e4,0.0001,4,holdout,-1,test,138,36,0,1,0.8094745116273199
full_CB_V_raw_A0_T_1e4_seed4,full,CB,V_raw,A0,T_1e4,0.0001,4,holdout,-1,test,7,1,1,1,0.962916854258146
full_CB_V_raw_A0_T_1e4_seed4,full,CB,V_raw,A0,T_1e4,0.0001,4,holdout,-1,test,197,49,1,1,0.933975091370976
full_CB_V_raw_A0_T_1e4_seed4,full,CB,V_raw,A0,T_1e4,0.0001,4,holdout,-1,test,88,30,1,1,0.9093237773769444
full_CB_V_raw_A0_T_1e4_seed4,full,CB,V_raw,A0,T_1e4,0.0001,4,holdout,-1,test,81,28,1,1,0.978008807904784
full_CB_V_raw_A0_T_1e4_seed4,full,CB,V_raw,A0,T_1e4,0.0001,4,holdout,-1,test,119,33,0,1,0.773469281629433
full_CB_V_raw_A0_T_1e4_seed4,full,CB,V_raw,A0,T_1e4,0.0001,4,holdout,-1,test,201,50,0,0,0.2868478207401993
full_CB_V_raw_A0_T_1e4_seed4,full,CB,V_raw,A0,T_1e4,0.0001,4,holdout,-1,test,122,33,1,1,0.8088263909711321
full_CB_V_raw_A0_T_1e4_seed4,full,CB,V_raw,A0,T_1e4,0.0001,4,holdout,-1,test,45,19,1,1,0.9727086336288138
full_CB_V_raw_A0_T_1e4_seed4,full,CB,V_raw,A0,T_1e4,0.0001,4,holdout,-1,test,184,47,1,1,0.9647479014472436
full_CB_V_raw_A0_T_1e4_seed4,full,CB,V_raw,A0,T_1e4,0.0001,4,holdout,-1,test,19,7,1,1,0.7520624897519769
full_CB_V_raw_A0_T_1e4_seed4,full,CB,V_raw,A0,T_1e4,0.0001,4,holdout,-1,test,80,28,1,1,0.9781493323071252
full_CB_V_raw_A0_T_1e4_seed4,full,CB,V_raw,A0,T_1e4,0.0001,4,holdout,-1,test,217,54,1,1,0.8393194783936735
full_CB_V_raw_A0_T_1e4_seed4,full,CB,V_raw,A0,T_1e4,0.0001,4,holdout,-1,test,44,19,0,1,0.933339447684788
full_CB_V_raw_A0_T_1e4_seed4,full,CB,V_raw,A0,T_1e4,0.0001,4,holdout,-1,test,172,43,1,1,0.8333715004404213
full_CB_V_raw_A0_T_1e4_seed4,full,CB,V_raw,A0,T_1e4,0.0001,4,holdout,-1,test,123,34,0,1,0.6424636531549177
full_CB_V_raw_A0_T_1e4_seed4,full,CB,V_raw,A0,T_1e4,0.0001,4,holdout,-1,test,150,38,1,1,0.9703610470500478
full_CB_V_raw_A0_T_1e4_seed4,full,CB,V_raw,A0,T_1e4,0.0001,4,holdout,-1,test,54,21,1,1,0.9867791464512266
full_CB_V_raw_A0_T_1e4_seed4,full,CB,V_raw,A0,T_1e4,0.0001,4,holdout,-1,test,18,6,1,1,0.9351570545244458
full_CB_V_raw_A0_T_1e4_seed4,full,CB,V_raw,A0,T_1e4,0.0001,4,holdout,-1,test,162,40,1,1,0.988873418987972
full_CB_V_raw_A0_T_1e4_seed4,full,CB,V_raw,A0,T_1e4,0.0001,4,holdout,-1,test,224,54,1,1,0.925004804224642
full_CB_V_raw_A0_T_1e4_seed4,full,CB,V_raw,A0,T_1e4,0.0001,4,holdout,-1,test,198,49,1,1,0.9308308823643476
full_DT_V_raw_A0_T_ratio_seed0,full,DT,V_raw,A0,T_ratio,0.0001662,0,holdout,-1,val,130,35,0,0,0.0
full_DT_V_raw_A0_T_ratio_seed0,full,DT,V_raw,A0,T_ratio,0.0001662,0,holdout,-1,val,127,34,1,1,0.96
full_DT_V_raw_A0_T_ratio_seed0,full,DT,V_raw,A0,T_ratio,0.0001662,0,holdout,-1,val,31,13,1,1,0.96
full_DT_V_raw_A0_T_ratio_seed0,full,DT,V_raw,A0,T_ratio,0.0001662,0,holdout,-1,val,60,22,0,1,0.6666666666666666
full_DT_V_raw_A0_T_ratio_seed0,full,DT,V_raw,A0,T_ratio,0.0001662,0,holdout,-1,val,67,25,0,0,0.0
full_DT_V_raw_A0_T_ratio_seed0,full,DT,V_raw,A0,T_ratio,0.0001662,0,holdout,-1,val,221,54,0,1,0.96
full_DT_V_raw_A0_T_ratio_seed0,full,DT,V_raw,A0,T_ratio,0.0001662,0,holdout,-1,val,167,41,1,1,0.6666666666666666
full_DT_V_raw_A0_T_ratio_seed0,full,DT,V_raw,A0,T_ratio,0.0001662,0,holdout,-1,val,142,37,1,0,0.1333333333333333
full_DT_V_raw_A0_T_ratio_seed0,full,DT,V_raw,A0,T_ratio,0.0001662,0,holdout,-1,val,126,34,1,1,0.96
full_DT_V_raw_A0_T_ratio_seed0,full,DT,V_raw,A0,T_ratio,0.0001662,0,holdout,-1,val,40,18,1,1,0.96
full_DT_V_raw_A0_T_ratio_seed0,full,DT,V_raw,A0,T_ratio,0.0001662,0,holdout,-1,val,168,41,1,1,0.6666666666666666
full_DT_V_raw_A0_T_ratio_seed0,full,DT,V_raw,A0,T_ratio,0.0001662,0,holdout,-1,val,42,19,1,0,0.5
full_DT_V_raw_A0_T_ratio_seed0,full,DT,V_raw,A0,T_ratio,0.0001662,0,holdout,-1,val,103,32,0,0,0.1333333333333333
full_DT_V_raw_A0_T_ratio_seed0,full,DT,V_raw,A0,T_ratio,0.0001662,0,holdout,-1,val,22,10,1,1,0.96
full_DT_V_raw_A0_T_ratio_seed0,full,DT,V_raw,A0,T_ratio,0.0001662,0,holdout,-1,val,65,25,1,0,0.0
full_DT_V_raw_A0_T_ratio_seed0,full,DT,V_raw,A0,T_ratio,0.0001662,0,holdout,-1,val,2,1,0,0,0.0
full_DT_V_raw_A0_T_ratio_seed0,full,DT,V_raw,A0,T_ratio,0.0001662,0,holdout,-1,val,169,41,0,1,0.6666666666666666
full_DT_V_raw_A0_T_ratio_seed0,full,DT,V_raw,A0,T_ratio,0.0001662,0,holdout,-1,val,48,20,0,0,0.1333333333333333
full_DT_V_raw_A0_T_ratio_seed0,full,DT,V_raw,A0,T_ratio,0.0001662,0,holdout,-1,val,112,32,1,0,0.0
full_DT_V_raw_A0_T_ratio_seed0,full,DT,V_raw,A0,T_ratio,0.0001662,0,holdout,-1,val,144,37,1,1,1.0
full_DT_V_raw_A0_T_ratio_seed0,full,DT,V_raw,A0,T_ratio,0.0001662,0,holdout,-1,val,134,36,1,1,0.9523809523809524
full_DT_V_raw_A0_T_ratio_seed0,full,DT,V_raw,A0,T_ratio,0.0001662,0,holdout,-1,val,210,54,0,1,0.9523809523809524
full_DT_V_raw_A0_T_ratio_seed0,full,DT,V_raw,A0,T_ratio,0.0001662,0,holdout,-1,val,228,55,1,1,0.96
full_DT_V_raw_A0_T_ratio_seed0,full,DT,V_raw,A0,T_ratio,0.0001662,0,holdout,-1,val,66,25,0,0,0.0
full_DT_V_raw_A0_T_ratio_seed0,full,DT,V_raw,A0,T_ratio,0.0001662,0,holdout,-1,val,104,32,0,0,0.0
full_DT_V_raw_A0_T_ratio_seed0,full,DT,V_raw,A0,T_ratio,0.0001662,0,holdout,-1,val,74,27,0,0,0.0
full_DT_V_raw_A0_T_ratio_seed0,full,DT,V_raw,A0,T_ratio,0.0001662,0,holdout,-1,val,88,30,1,1,0.6666666666666666
full_DT_V_raw_A0_T_ratio_seed0,full,DT,V_raw,A0,T_ratio,0.0001662,0,holdout,-1,val,25,11,1,1,0.9523809523809524
full_DT_V_raw_A0_T_ratio_seed0,full,DT,V_raw,A0,T_ratio,0.0001662,0,holdout,-1,val,107,32,1,1,1.0
full_DT_V_raw_A0_T_ratio_seed0,full,DT,V_raw,A0,T_ratio,0.0001662,0,holdout,-1,val,218,54,1,1,0.96
full_DT_V_raw_A0_T_ratio_seed0,full,DT,V_raw,A0,T_ratio,0.0001662,0,holdout,-1,val,178,45,1,1,0.96
full_DT_V_raw_A0_T_ratio_seed0,full,DT,V_raw,A0,T_ratio,0.0001662,0,holdout,-1,val,92,31,1,1,0.8
full_DT_V_raw_A0_T_ratio_seed0,full,DT,V_raw,A0,T_ratio,0.0001662,0,holdout,-1,val,7,1,1,1,0.96
full_DT_V_raw_A0_T_ratio_seed0,full,DT,V_raw,A0,T_ratio,0.0001662,0,holdout,-1,test,34,15,0,0,0.0
full_DT_V_raw_A0_T_ratio_seed0,full,DT,V_raw,A0,T_ratio,0.0001662,0,holdout,-1,test,158,40,1,1,0.96
full_DT_V_raw_A0_T_ratio_seed0,full,DT,V_raw,A0,T_ratio,0.0001662,0,holdout,-1,test,44,19,0,0,0.5
full_DT_V_raw_A0_T_ratio_seed0,full,DT,V_raw,A0,T_ratio,0.0001662,0,holdout,-1,test,111,32,0,0,0.0
full_DT_V_raw_A0_T_ratio_seed0,full,DT,V_raw,A0,T_ratio,0.0001662,0,holdout,-1,test,85,30,1,1,0.6666666666666666
full_DT_V_raw_A0_T_ratio_seed0,full,DT,V_raw,A0,T_ratio,0.0001662,0,holdout,-1,test,58,22,1,1,0.6666666666666666
full_DT_V_raw_A0_T_ratio_seed0,full,DT,V_raw,A0,T_ratio,0.0001662,0,holdout,-1,test,81,28,1,1,0.96
full_DT_V_raw_A0_T_ratio_seed0,full,DT,V_raw,A0,T_ratio,0.0001662,0,holdout,-1,test,201,50,0,1,0.96
full_DT_V_raw_A0_T_ratio_seed0,full,DT,V_raw,A0,T_ratio,0.0001662,0,holdout,-1,test,182,46,1,0,0.1333333333333333
full_DT_V_raw_A0_T_ratio_seed0,full,DT,V_raw,A0,T_ratio,0.0001662,0,holdout,-1,test,3,1,1,1,0.96
full_DT_V_raw_A0_T_ratio_seed0,full,DT,V_raw,A0,T_ratio,0.0001662,0,holdout,-1,test,119,33,0,0,0.0
full_DT_V_raw_A0_T_ratio_seed0,full,DT,V_raw,A0,T_ratio,0.0001662,0,holdout,-1,test,207,54,0,0,0.0
full_DT_V_raw_A0_T_ratio_seed0,full,DT,V_raw,A0,T_ratio,0.0001662,0,holdout,-1,test,121,33,1,1,0.6666666666666666
full_DT_V_raw_A0_T_ratio_seed0,full,DT,V_raw,A0,T_ratio,0.0001662,0,holdout,-1,test,164,41,1,1,0.6666666666666666
full_DT_V_raw_A0_T_ratio_seed0,full,DT,V_raw,A0,T_ratio,0.0001662,0,holdout,-1,test,157,40,1,1,0.96
full_DT_V_raw_A0_T_ratio_seed0,full,DT,V_raw,A0,T_ratio,0.0001662,0,holdout,-1,test,195,49,1,0,0.0
full_DT_V_raw_A0_T_ratio_seed0,full,DT,V_raw,A0,T_ratio,0.0001662,0,holdout,-1,test,101,32,0,0,0.0
full_DT_V_raw_A0_T_ratio_seed0,full,DT,V_raw,A0,T_ratio,0.0001662,0,holdout,-1,test,187,47,0,1,0.9523809523809524
full_DT_V_raw_A0_T_ratio_seed0,full,DT,V_raw,A0,T_ratio,0.0001662,0,holdout,-1,test,211,54,1,1,0.9523809523809524
full_DT_V_raw_A0_T_ratio_seed0,full,DT,V_raw,A0,T_ratio,0.0001662,0,holdout,-1,test,212,54,1,1,0.96
full_DT_V_raw_A0_T_ratio_seed0,full,DT,V_raw,A0,T_ratio,0.0001662,0,holdout,-1,test,183,47,0,0,0.0
full_DT_V_raw_A0_T_ratio_seed0,full,DT,V_raw,A0,T_ratio,0.0001662,0,holdout,-1,test,219,54,0,0,0.0
full_DT_V_raw_A0_T_ratio_seed0,full,DT,V_raw,A0,T_ratio,0.0001662,0,holdout,-1,test,136,36,1,1,0.9523809523809524
full_DT_V_raw_A0_T_ratio_seed0,full,DT,V_raw,A0,T_ratio,0.0001662,0,holdout,-1,test,36,16,1,1,0.8
full_DT_V_raw_A0_T_ratio_seed0,full,DT,V_raw,A0,T_ratio,0.0001662,0,holdout,-1,test,64,24,1,1,0.96
full_DT_V_raw_A0_T_ratio_seed0,full,DT,V_raw,A0,T_ratio,0.0001662,0,holdout,-1,test,115,32,1,0,0.1333333333333333
full_DT_V_raw_A0_T_ratio_seed0,full,DT,V_raw,A0,T_ratio,0.0001662,0,holdout,-1,test,217,54,1,1,0.9523809523809524
full_DT_V_raw_A0_T_ratio_seed0,full,DT,V_raw,A0,T_ratio,0.0001662,0,holdout,-1,test,82,29,1,1,0.96
full_DT_V_raw_A0_T_ratio_seed0,full,DT,V_raw,A0,T_ratio,0.0001662,0,holdout,-1,test,80,28,1,1,0.96
full_DT_V_raw_A0_T_ratio_seed0,full,DT,V_raw,A0,T_ratio,0.0001662,0,holdout,-1,test,68,25,0,0,0.0
full_DT_V_raw_A0_T_ratio_seed0,full,DT,V_raw,A0,T_ratio,0.0001662,0,holdout,-1,test,152,39,0,0,0.0
full_DT_V_raw_A0_T_ratio_seed0,full,DT,V_raw,A0,T_ratio,0.0001662,0,holdout,-1,test,57,22,1,1,0.9523809523809524
full_DT_V_raw_A0_T_ratio_seed0,full,DT,V_raw,A0,T_ratio,0.0001662,0,holdout,-1,test,147,38,1,1,0.9523809523809524
full_RF_V_raw_A0_T_ratio_seed0,full,RF,V_raw,A0,T_ratio,0.0001662,0,holdout,-1,val,130,35,0,0,0.1434400991165697
full_RF_V_raw_A0_T_ratio_seed0,full,RF,V_raw,A0,T_ratio,0.0001662,0,holdout,-1,val,127,34,1,1,0.958079365079365
full_RF_V_raw_A0_T_ratio_seed0,full,RF,V_raw,A0,T_ratio,0.0001662,0,holdout,-1,val,31,13,1,1,0.9432142857142858
full_RF_V_raw_A0_T_ratio_seed0,full,RF,V_raw,A0,T_ratio,0.0001662,0,holdout,-1,val,60,22,0,1,0.6770943440287702
full_RF_V_raw_A0_T_ratio_seed0,full,RF,V_raw,A0,T_ratio,0.0001662,0,holdout,-1,val,67,25,0,0,0.4897437224281487
full_RF_V_raw_A0_T_ratio_seed0,full,RF,V_raw,A0,T_ratio,0.0001662,0,holdout,-1,val,221,54,0,1,0.8187877105178022
full_RF_V_raw_A0_T_ratio_seed0,full,RF,V_raw,A0,T_ratio,0.0001662,0,holdout,-1,val,167,41,1,1,0.9078483229932756
full_RF_V_raw_A0_T_ratio_seed0,full,RF,V_raw,A0,T_ratio,0.0001662,0,holdout,-1,val,142,37,1,1,0.6198349712229023
full_RF_V_raw_A0_T_ratio_seed0,full,RF,V_raw,A0,T_ratio,0.0001662,0,holdout,-1,val,126,34,1,1,0.9564126984126984
full_RF_V_raw_A0_T_ratio_seed0,full,RF,V_raw,A0,T_ratio,0.0001662,0,holdout,-1,val,40,18,1,1,0.5486215229271567
full_RF_V_raw_A0_T_ratio_seed0,full,RF,V_raw,A0,T_ratio,0.0001662,0,holdout,-1,val,168,41,1,1,0.8823921826423983
full_RF_V_raw_A0_T_ratio_seed0,full,RF,V_raw,A0,T_ratio,0.0001662,0,holdout,-1,val,42,19,1,0,0.3386613038377744
full_RF_V_raw_A0_T_ratio_seed0,full,RF,V_raw,A0,T_ratio,0.0001662,0,holdout,-1,val,103,32,0,0,0.1566175525848953
full_RF_V_raw_A0_T_ratio_seed0,full,RF,V_raw,A0,T_ratio,0.0001662,0,holdout,-1,val,22,10,1,1,0.8039686988564698
full_RF_V_raw_A0_T_ratio_seed0,full,RF,V_raw,A0,T_ratio,0.0001662,0,holdout,-1,val,65,25,1,0,0.4930770557614821
full_RF_V_raw_A0_T_ratio_seed0,full,RF,V_raw,A0,T_ratio,0.0001662,0,holdout,-1,val,2,1,0,0,0.2140725022104332
full_RF_V_raw_A0_T_ratio_seed0,full,RF,V_raw,A0,T_ratio,0.0001662,0,holdout,-1,val,169,41,0,0,0.3702505286386754
full_RF_V_raw_A0_T_ratio_seed0,full,RF,V_raw,A0,T_ratio,0.0001662,0,holdout,-1,val,48,20,0,0,0.3645578747096436
full_RF_V_raw_A0_T_ratio_seed0,full,RF,V_raw,A0,T_ratio,0.0001662,0,holdout,-1,val,112,32,1,1,0.5671593976771996
full_RF_V_raw_A0_T_ratio_seed0,full,RF,V_raw,A0,T_ratio,0.0001662,0,holdout,-1,val,144,37,1,1,0.9527777777777776
full_RF_V_raw_A0_T_ratio_seed0,full,RF,V_raw,A0,T_ratio,0.0001662,0,holdout,-1,val,134,36,1,1,0.5986709129935744
full_RF_V_raw_A0_T_ratio_seed0,full,RF,V_raw,A0,T_ratio,0.0001662,0,holdout,-1,val,210,54,0,1,0.6021293712020327
full_RF_V_raw_A0_T_ratio_seed0,full,RF,V_raw,A0,T_ratio,0.0001662,0,holdout,-1,val,228,55,1,1,0.9318065015479876
full_RF_V_raw_A0_T_ratio_seed0,full,RF,V_raw,A0,T_ratio,0.0001662,0,holdout,-1,val,66,25,0,0,0.4709341986186249
full_RF_V_raw_A0_T_ratio_seed0,full,RF,V_raw,A0,T_ratio,0.0001662,0,holdout,-1,val,104,32,0,0,0.0026223597602907
full_RF_V_raw_A0_T_ratio_seed0,full,RF,V_raw,A0,T_ratio,0.0001662,0,holdout,-1,val,74,27,0,0,0.1372270227192827
full_RF_V_raw_A0_T_ratio_seed0,full,RF,V_raw,A0,T_ratio,0.0001662,0,holdout,-1,val,88,30,1,1,0.8101812333349485
full_RF_V_raw_A0_T_ratio_seed0,full,RF,V_raw,A0,T_ratio,0.0001662,0,holdout,-1,val,25,11,1,1,0.8167398752798795
full_RF_V_raw_A0_T_ratio_seed0,full,RF,V_raw,A0,T_ratio,0.0001662,0,holdout,-1,val,107,32,1,1,0.6406752914841151
full_RF_V_raw_A0_T_ratio_seed0,full,RF,V_raw,A0,T_ratio,0.0001662,0,holdout,-1,val,218,54,1,1,0.9341344156645076
full_RF_V_raw_A0_T_ratio_seed0,full,RF,V_raw,A0,T_ratio,0.0001662,0,holdout,-1,val,178,45,1,1,0.850077485380117
full_RF_V_raw_A0_T_ratio_seed0,full,RF,V_raw,A0,T_ratio,0.0001662,0,holdout,-1,val,92,31,1,0,0.4544009253409296
full_RF_V_raw_A0_T_ratio_seed0,full,RF,V_raw,A0,T_ratio,0.0001662,0,holdout,-1,val,7,1,1,1,0.9356599832915624
full_RF_V_raw_A0_T_ratio_seed0,full,RF,V_raw,A0,T_ratio,0.0001662,0,holdout,-1,test,34,15,0,0,0.1452460534304796
full_RF_V_raw_A0_T_ratio_seed0,full,RF,V_raw,A0,T_ratio,0.0001662,0,holdout,-1,test,158,40,1,1,0.8533862666916847
full_RF_V_raw_A0_T_ratio_seed0,full,RF,V_raw,A0,T_ratio,0.0001662,0,holdout,-1,test,44,19,0,0,0.366290933467404
full_RF_V_raw_A0_T_ratio_seed0,full,RF,V_raw,A0,T_ratio,0.0001662,0,holdout,-1,test,111,32,0,1,0.6954927310105329
full_RF_V_raw_A0_T_ratio_seed0,full,RF,V_raw,A0,T_ratio,0.0001662,0,holdout,-1,test,85,30,1,0,0.4969669476206627
full_RF_V_raw_A0_T_ratio_seed0,full,RF,V_raw,A0,T_ratio,0.0001662,0,holdout,-1,test,58,22,1,1,0.7550110106954367
full_RF_V_raw_A0_T_ratio_seed0,full,RF,V_raw,A0,T_ratio,0.0001662,0,holdout,-1,test,81,28,1,1,0.8409531574033121
full_RF_V_raw_A0_T_ratio_seed0,full,RF,V_raw,A0,T_ratio,0.0001662,0,holdout,-1,test,201,50,0,1,0.5272511632674172
full_RF_V_raw_A0_T_ratio_seed0,full,RF,V_raw,A0,T_ratio,0.0001662,0,holdout,-1,test,182,46,1,1,0.6808036223036223
full_RF_V_raw_A0_T_ratio_seed0,full,RF,V_raw,A0,T_ratio,0.0001662,0,holdout,-1,test,3,1,1,1,0.8702070693976321
full_RF_V_raw_A0_T_ratio_seed0,full,RF,V_raw,A0,T_ratio,0.0001662,0,holdout,-1,test,119,33,0,0,0.2341969827693399
full_RF_V_raw_A0_T_ratio_seed0,full,RF,V_raw,A0,T_ratio,0.0001662,0,holdout,-1,test,207,54,0,0,0.0994539234471731
full_RF_V_raw_A0_T_ratio_seed0,full,RF,V_raw,A0,T_ratio,0.0001662,0,holdout,-1,test,121,33,1,1,0.6804157402052137
full_RF_V_raw_A0_T_ratio_seed0,full,RF,V_raw,A0,T_ratio,0.0001662,0,holdout,-1,test,164,41,1,1,0.8204148496039197
full_RF_V_raw_A0_T_ratio_seed0,full,RF,V_raw,A0,T_ratio,0.0001662,0,holdout,-1,test,157,40,1,1,0.9894444444444446
full_RF_V_raw_A0_T_ratio_seed0,full,RF,V_raw,A0,T_ratio,0.0001662,0,holdout,-1,test,195,49,1,1,0.5794172932330827
full_RF_V_raw_A0_T_ratio_seed0,full,RF,V_raw,A0,T_ratio,0.0001662,0,holdout,-1,test,101,32,0,1,0.5996732804232804
full_RF_V_raw_A0_T_ratio_seed0,full,RF,V_raw,A0,T_ratio,0.0001662,0,holdout,-1,test,187,47,0,1,0.733652473057272
full_RF_V_raw_A0_T_ratio_seed0,full,RF,V_raw,A0,T_ratio,0.0001662,0,holdout,-1,test,211,54,1,1,0.810446196676753
full_RF_V_raw_A0_T_ratio_seed0,full,RF,V_raw,A0,T_ratio,0.0001662,0,holdout,-1,test,212,54,1,1,0.9341344156645076
full_RF_V_raw_A0_T_ratio_seed0,full,RF,V_raw,A0,T_ratio,0.0001662,0,holdout,-1,test,183,47,0,0,0.2770312774657037
full_RF_V_raw_A0_T_ratio_seed0,full,RF,V_raw,A0,T_ratio,0.0001662,0,holdout,-1,test,219,54,0,0,0.0994539234471731
full_RF_V_raw_A0_T_ratio_seed0,full,RF,V_raw,A0,T_ratio,0.0001662,0,holdout,-1,test,136,36,1,1,0.8878258255102518
full_RF_V_raw_A0_T_ratio_seed0,full,RF,V_raw,A0,T_ratio,0.0001662,0,holdout,-1,test,36,16,1,1,0.6314991929924428
full_RF_V_raw_A0_T_ratio_seed0,full,RF,V_raw,A0,T_ratio,0.0001662,0,holdout,-1,test,64,24,1,1,0.6952510289274995
full_RF_V_raw_A0_T_ratio_seed0,full,RF,V_raw,A0,T_ratio,0.0001662,0,holdout,-1,test,115,32,1,0,0.1431448232137086
full_RF_V_raw_A0_T_ratio_seed0,full,RF,V_raw,A0,T_ratio,0.0001662,0,holdout,-1,test,217,54,1,1,0.810446196676753
full_RF_V_raw_A0_T_ratio_seed0,full,RF,V_raw,A0,T_ratio,0.0001662,0,holdout,-1,test,82,29,1,1,0.7716748964485806
full_RF_V_raw_A0_T_ratio_seed0,full,RF,V_raw,A0,T_ratio,0.0001662,0,holdout,-1,test,80,28,1,1,0.8049415856417403
full_RF_V_raw_A0_T_ratio_seed0,full,RF,V_raw,A0,T_ratio,0.0001662,0,holdout,-1,test,68,25,0,0,0.4964103890948154
full_RF_V_raw_A0_T_ratio_seed0,full,RF,V_raw,A0,T_ratio,0.0001662,0,holdout,-1,test,152,39,0,0,0.370363711001642
full_RF_V_raw_A0_T_ratio_seed0,full,RF,V_raw,A0,T_ratio,0.0001662,0,holdout,-1,test,57,22,1,1,0.7587455694767502
full_RF_V_raw_A0_T_ratio_seed0,full,RF,V_raw,A0,T_ratio,0.0001662,0,holdout,-1,test,147,38,1,1,0.9882447340241456
full_LGBM_V_raw_A0_T_ratio_seed0,full,LGBM,V_raw,A0,T_ratio,0.0001662,0,holdout,-1,val,130,35,0,0,0.0913242443663355
full_LGBM_V_raw_A0_T_ratio_seed0,full,LGBM,V_raw,A0,T_ratio,0.0001662,0,holdout,-1,val,127,34,1,1,0.9692585682759216
full_LGBM_V_raw_A0_T_ratio_seed0,full,LGBM,V_raw,A0,T_ratio,0.0001662,0,holdout,-1,val,31,13,1,1,0.9878953782742798
full_LGBM_V_raw_A0_T_ratio_seed0,full,LGBM,V_raw,A0,T_ratio,0.0001662,0,holdout,-1,val,60,22,0,1,0.830513203139469
full_LGBM_V_raw_A0_T_ratio_seed0,full,LGBM,V_raw,A0,T_ratio,0.0001662,0,holdout,-1,val,67,25,0,0,0.1231392436791661
full_LGBM_V_raw_A0_T_ratio_seed0,full,LGBM,V_raw,A0,T_ratio,0.0001662,0,holdout,-1,val,221,54,0,1,0.8975250275576645
full_LGBM_V_raw_A0_T_ratio_seed0,full,LGBM,V_raw,A0,T_ratio,0.0001662,0,holdout,-1,val,167,41,1,1,0.9713059399169656
full_LGBM_V_raw_A0_T_ratio_seed0,full,LGBM,V_raw,A0,T_ratio,0.0001662,0,holdout,-1,val,142,37,1,1,0.6947425734915956
full_LGBM_V_raw_A0_T_ratio_seed0,full,LGBM,V_raw,A0,T_ratio,0.0001662,0,holdout,-1,val,126,34,1,1,0.961689821017597
full_LGBM_V_raw_A0_T_ratio_seed0,full,LGBM,V_raw,A0,T_ratio,0.0001662,0,holdout,-1,val,40,18,1,1,0.6038903087551635
full_LGBM_V_raw_A0_T_ratio_seed0,full,LGBM,V_raw,A0,T_ratio,0.0001662,0,holdout,-1,val,168,41,1,1,0.8441084084153021
full_LGBM_V_raw_A0_T_ratio_seed0,full,LGBM,V_raw,A0,T_ratio,0.0001662,0,holdout,-1,val,42,19,1,0,0.37430854348606
full_LGBM_V_raw_A0_T_ratio_seed0,full,LGBM,V_raw,A0,T_ratio,0.0001662,0,holdout,-1,val,103,32,0,0,0.1245703745342991
full_LGBM_V_raw_A0_T_ratio_seed0,full,LGBM,V_raw,A0,T_ratio,0.0001662,0,holdout,-1,val,22,10,1,1,0.8887246886036491
full_LGBM_V_raw_A0_T_ratio_seed0,full,LGBM,V_raw,A0,T_ratio,0.0001662,0,holdout,-1,val,65,25,1,0,0.1231392436791661
full_LGBM_V_raw_A0_T_ratio_seed0,full,LGBM,V_raw,A0,T_ratio,0.0001662,0,holdout,-1,val,2,1,0,0,0.4349837139495516
full_LGBM_V_raw_A0_T_ratio_seed0,full,LGBM,V_raw,A0,T_ratio,0.0001662,0,holdout,-1,val,169,41,0,0,0.0819786890287553
full_LGBM_V_raw_A0_T_ratio_seed0,full,LGBM,V_raw,A0,T_ratio,0.0001662,0,holdout,-1,val,48,20,0,0,0.3935000155364458
full_LGBM_V_raw_A0_T_ratio_seed0,full,LGBM,V_raw,A0,T_ratio,0.0001662,0,holdout,-1,val,112,32,1,1,0.9125936395345442
full_LGBM_V_raw_A0_T_ratio_seed0,full,LGBM,V_raw,A0,T_ratio,0.0001662,0,holdout,-1,val,144,37,1,1,0.964176819966149
full_LGBM_V_raw_A0_T_ratio_seed0,full,LGBM,V_raw,A0,T_ratio,0.0001662,0,holdout,-1,val,134,36,1,1,0.636061162022829
full_LGBM_V_raw_A0_T_ratio_seed0,full,LGBM,V_raw,A0,T_ratio,0.0001662,0,holdout,-1,val,210,54,0,1,0.6526761729987475
full_LGBM_V_raw_A0_T_ratio_seed0,full,LGBM,V_raw,A0,T_ratio,0.0001662,0,holdout,-1,val,228,55,1,1,0.9872454973247424
full_LGBM_V_raw_A0_T_ratio_seed0,full,LGBM,V_raw,A0,T_ratio,0.0001662,0,holdout,-1,val,66,25,0,0,0.1231392436791661
full_LGBM_V_raw_A0_T_ratio_seed0,full,LGBM,V_raw,A0,T_ratio,0.0001662,0,holdout,-1,val,104,32,0,0,0.0187767301730021
full_LGBM_V_raw_A0_T_ratio_seed0,full,LGBM,V_raw,A0,T_ratio,0.0001662,0,holdout,-1,val,74,27,0,0,0.04087999626748
full_LGBM_V_raw_A0_T_ratio_seed0,full,LGBM,V_raw,A0,T_ratio,0.0001662,0,holdout,-1,val,88,30,1,1,0.7320382399555282
full_LGBM_V_raw_A0_T_ratio_seed0,full,LGBM,V_raw,A0,T_ratio,0.0001662,0,holdout,-1,val,25,11,1,1,0.91749418221728
full_LGBM_V_raw_A0_T_ratio_seed0,full,LGBM,V_raw,A0,T_ratio,0.0001662,0,holdout,-1,val,107,32,1,1,0.6324000904235573
full_LGBM_V_raw_A0_T_ratio_seed0,full,LGBM,V_raw,A0,T_ratio,0.0001662,0,holdout,-1,val,218,54,1,1,0.9662651683205188
full_LGBM_V_raw_A0_T_ratio_seed0,full,LGBM,V_raw,A0,T_ratio,0.0001662,0,holdout,-1,val,178,45,1,1,0.8815319139523934
full_LGBM_V_raw_A0_T_ratio_seed0,full,LGBM,V_raw,A0,T_ratio,0.0001662,0,holdout,-1,val,92,31,1,0,0.1004731948359488
full_LGBM_V_raw_A0_T_ratio_seed0,full,LGBM,V_raw,A0,T_ratio,0.0001662,0,holdout,-1,val,7,1,1,1,0.9020645491253244
full_LGBM_V_raw_A0_T_ratio_seed0,full,LGBM,V_raw,A0,T_ratio,0.0001662,0,holdout,-1,test,34,15,0,0,0.2687485982061072
full_LGBM_V_raw_A0_T_ratio_seed0,full,LGBM,V_raw,A0,T_ratio,0.0001662,0,holdout,-1,test,158,40,1,1,0.8294312954381587
full_LGBM_V_raw_A0_T_ratio_seed0,full,LGBM,V_raw,A0,T_ratio,0.0001662,0,holdout,-1,test,44,19,0,0,0.37430854348606
full_LGBM_V_raw_A0_T_ratio_seed0,full,LGBM,V_raw,A0,T_ratio,0.0001662,0,holdout,-1,test,111,32,0,1,0.9500194139192708
full_LGBM_V_raw_A0_T_ratio_seed0,full,LGBM,V_raw,A0,T_ratio,0.0001662,0,holdout,-1,test,85,30,1,1,0.6339524564008482
full_LGBM_V_raw_A0_T_ratio_seed0,full,LGBM,V_raw,A0,T_ratio,0.0001662,0,holdout,-1,test,58,22,1,1,0.8487159306668915
full_LGBM_V_raw_A0_T_ratio_seed0,full,LGBM,V_raw,A0,T_ratio,0.0001662,0,holdout,-1,test,81,28,1,1,0.6464319965794241
full_LGBM_V_raw_A0_T_ratio_seed0,full,LGBM,V_raw,A0,T_ratio,0.0001662,0,holdout,-1,test,201,50,0,0,0.4399256610488598
full_LGBM_V_raw_A0_T_ratio_seed0,full,LGBM,V_raw,A0,T_ratio,0.0001662,0,holdout,-1,test,182,46,1,1,0.6850785913669116
full_LGBM_V_raw_A0_T_ratio_seed0,full,LGBM,V_raw,A0,T_ratio,0.0001662,0,holdout,-1,test,3,1,1,1,0.796719072383819
full_LGBM_V_raw_A0_T_ratio_seed0,full,LGBM,V_raw,A0,T_ratio,0.0001662,0,holdout,-1,test,119,33,0,1,0.6406088756604594
full_LGBM_V_raw_A0_T_ratio_seed0,full,LGBM,V_raw,A0,T_ratio,0.0001662,0,holdout,-1,test,207,54,0,0,0.0487275111840169
full_LGBM_V_raw_A0_T_ratio_seed0,full,LGBM,V_raw,A0,T_ratio,0.0001662,0,holdout,-1,test,121,33,1,1,0.6569006447394444
full_LGBM_V_raw_A0_T_ratio_seed0,full,LGBM,V_raw,A0,T_ratio,0.0001662,0,holdout,-1,test,164,41,1,1,0.9753347908812078
full_LGBM_V_raw_A0_T_ratio_seed0,full,LGBM,V_raw,A0,T_ratio,0.0001662,0,holdout,-1,test,157,40,1,1,0.993074435484442
full_LGBM_V_raw_A0_T_ratio_seed0,full,LGBM,V_raw,A0,T_ratio,0.0001662,0,holdout,-1,test,195,49,1,0,0.3771467527120291
full_LGBM_V_raw_A0_T_ratio_seed0,full,LGBM,V_raw,A0,T_ratio,0.0001662,0,holdout,-1,test,101,32,0,0,0.4526025619884189
full_LGBM_V_raw_A0_T_ratio_seed0,full,LGBM,V_raw,A0,T_ratio,0.0001662,0,holdout,-1,test,187,47,0,1,0.8413051011360082
full_LGBM_V_raw_A0_T_ratio_seed0,full,LGBM,V_raw,A0,T_ratio,0.0001662,0,holdout,-1,test,211,54,1,1,0.7988839837298564
full_LGBM_V_raw_A0_T_ratio_seed0,full,LGBM,V_raw,A0,T_ratio,0.0001662,0,holdout,-1,test,212,54,1,1,0.9662651683205188
full_LGBM_V_raw_A0_T_ratio_seed0,full,LGBM,V_raw,A0,T_ratio,0.0001662,0,holdout,-1,test,183,47,0,1,0.6013921636867732
full_LGBM_V_raw_A0_T_ratio_seed0,full,LGBM,V_raw,A0,T_ratio,0.0001662,0,holdout,-1,test,219,54,0,0,0.0487275111840169
full_LGBM_V_raw_A0_T_ratio_seed0,full,LGBM,V_raw,A0,T_ratio,0.0001662,0,holdout,-1,test,136,36,1,1,0.7758835512859706
full_LGBM_V_raw_A0_T_ratio_seed0,full,LGBM,V_raw,A0,T_ratio,0.0001662,0,holdout,-1,test,36,16,1,1,0.9029739064377174
full_LGBM_V_raw_A0_T_ratio_seed0,full,LGBM,V_raw,A0,T_ratio,0.0001662,0,holdout,-1,test,64,24,1,1,0.7922700949917493
full_LGBM_V_raw_A0_T_ratio_seed0,full,LGBM,V_raw,A0,T_ratio,0.0001662,0,holdout,-1,test,115,32,1,0,0.1639937962419157
full_LGBM_V_raw_A0_T_ratio_seed0,full,LGBM,V_raw,A0,T_ratio,0.0001662,0,holdout,-1,test,217,54,1,1,0.7988839837298564
full_LGBM_V_raw_A0_T_ratio_seed0,full,LGBM,V_raw,A0,T_ratio,0.0001662,0,holdout,-1,test,82,29,1,1,0.9873463940055038
full_LGBM_V_raw_A0_T_ratio_seed0,full,LGBM,V_raw,A0,T_ratio,0.0001662,0,holdout,-1,test,80,28,1,1,0.6553995119881534
full_LGBM_V_raw_A0_T_ratio_seed0,full,LGBM,V_raw,A0,T_ratio,0.0001662,0,holdout,-1,test,68,25,0,0,0.1231392436791661
full_LGBM_V_raw_A0_T_ratio_seed0,full,LGBM,V_raw,A0,T_ratio,0.0001662,0,holdout,-1,test,152,39,0,0,0.3060396437894015
full_LGBM_V_raw_A0_T_ratio_seed0,full,LGBM,V_raw,A0,T_ratio,0.0001662,0,holdout,-1,test,57,22,1,1,0.743123206682892
full_LGBM_V_raw_A0_T_ratio_seed0,full,LGBM,V_raw,A0,T_ratio,0.0001662,0,holdout,-1,test,147,38,1,1,0.9774493787078224
full_CB_V_raw_A0_T_ratio_seed0,full,CB,V_raw,A0,T_ratio,0.0001662,0,holdout,-1,val,130,35,0,0,0.009023564533088
full_CB_V_raw_A0_T_ratio_seed0,full,CB,V_raw,A0,T_ratio,0.0001662,0,holdout,-1,val,127,34,1,1,0.998469976573186
full_CB_V_raw_A0_T_ratio_seed0,full,CB,V_raw,A0,T_ratio,0.0001662,0,holdout,-1,val,31,13,1,1,0.9971066321389076
full_CB_V_raw_A0_T_ratio_seed0,full,CB,V_raw,A0,T_ratio,0.0001662,0,holdout,-1,val,60,22,0,1,0.946573246792822
full_CB_V_raw_A0_T_ratio_seed0,full,CB,V_raw,A0,T_ratio,0.0001662,0,holdout,-1,val,67,25,0,0,0.0192818785516747
full_CB_V_raw_A0_T_ratio_seed0,full,CB,V_raw,A0,T_ratio,0.0001662,0,holdout,-1,val,221,54,0,1,0.9781383838633416
full_CB_V_raw_A0_T_ratio_seed0,full,CB,V_raw,A0,T_ratio,0.0001662,0,holdout,-1,val,167,41,1,1,0.9758861874490063
full_CB_V_raw_A0_T_ratio_seed0,full,CB,V_raw,A0,T_ratio,0.0001662,0,holdout,-1,val,142,37,1,1,0.5770942217950338
full_CB_V_raw_A0_T_ratio_seed0,full,CB,V_raw,A0,T_ratio,0.0001662,0,holdout,-1,val,126,34,1,1,0.9985611715775604
full_CB_V_raw_A0_T_ratio_seed0,full,CB,V_raw,A0,T_ratio,0.0001662,0,holdout,-1,val,40,18,1,1,0.509322829043548
full_CB_V_raw_A0_T_ratio_seed0,full,CB,V_raw,A0,T_ratio,0.0001662,0,holdout,-1,val,168,41,1,1,0.9606323035212428
full_CB_V_raw_A0_T_ratio_seed0,full,CB,V_raw,A0,T_ratio,0.0001662,0,holdout,-1,val,42,19,1,0,0.0892960315750831
full_CB_V_raw_A0_T_ratio_seed0,full,CB,V_raw,A0,T_ratio,0.0001662,0,holdout,-1,val,103,32,0,0,0.0072698791143558
full_CB_V_raw_A0_T_ratio_seed0,full,CB,V_raw,A0,T_ratio,0.0001662,0,holdout,-1,val,22,10,1,1,0.980007864388555
full_CB_V_raw_A0_T_ratio_seed0,full,CB,V_raw,A0,T_ratio,0.0001662,0,holdout,-1,val,65,25,1,0,0.0196678409460414
full_CB_V_raw_A0_T_ratio_seed0,full,CB,V_raw,A0,T_ratio,0.0001662,0,holdout,-1,val,2,1,0,0,0.1337800900213945
full_CB_V_raw_A0_T_ratio_seed0,full,CB,V_raw,A0,T_ratio,0.0001662,0,holdout,-1,val,169,41,0,0,0.0736130618177351
full_CB_V_raw_A0_T_ratio_seed0,full,CB,V_raw,A0,T_ratio,0.0001662,0,holdout,-1,val,48,20,0,0,0.2601063470576483
full_CB_V_raw_A0_T_ratio_seed0,full,CB,V_raw,A0,T_ratio,0.0001662,0,holdout,-1,val,112,32,1,1,0.7535196802249463
full_CB_V_raw_A0_T_ratio_seed0,full,CB,V_raw,A0,T_ratio,0.0001662,0,holdout,-1,val,144,37,1,1,0.9938590799461198
full_CB_V_raw_A0_T_ratio_seed0,full,CB,V_raw,A0,T_ratio,0.0001662,0,holdout,-1,val,134,36,1,1,0.7041732169547301
full_CB_V_raw_A0_T_ratio_seed0,full,CB,V_raw,A0,T_ratio,0.0001662,0,holdout,-1,val,210,54,0,1,0.5168755099161663
full_CB_V_raw_A0_T_ratio_seed0,full,CB,V_raw,A0,T_ratio,0.0001662,0,holdout,-1,val,228,55,1,1,0.9927414881854688
full_CB_V_raw_A0_T_ratio_seed0,full,CB,V_raw,A0,T_ratio,0.0001662,0,holdout,-1,val,66,25,0,0,0.0196678409460414
full_CB_V_raw_A0_T_ratio_seed0,full,CB,V_raw,A0,T_ratio,0.0001662,0,holdout,-1,val,104,32,0,0,0.0007804554909724
full_CB_V_raw_A0_T_ratio_seed0,full,CB,V_raw,A0,T_ratio,0.0001662,0,holdout,-1,val,74,27,0,0,0.0075270388845053
full_CB_V_raw_A0_T_ratio_seed0,full,CB,V_raw,A0,T_ratio,0.0001662,0,holdout,-1,val,88,30,1,1,0.9803767819764356
full_CB_V_raw_A0_T_ratio_seed0,full,CB,V_raw,A0,T_ratio,0.0001662,0,holdout,-1,val,25,11,1,1,0.8904166776361435
full_CB_V_raw_A0_T_ratio_seed0,full,CB,V_raw,A0,T_ratio,0.0001662,0,holdout,-1,val,107,32,1,1,0.7415013791404333
full_CB_V_raw_A0_T_ratio_seed0,full,CB,V_raw,A0,T_ratio,0.0001662,0,holdout,-1,val,218,54,1,1,0.9985163486787326
full_CB_V_raw_A0_T_ratio_seed0,full,CB,V_raw,A0,T_ratio,0.0001662,0,holdout,-1,val,178,45,1,1,0.8951264679531901
full_CB_V_raw_A0_T_ratio_seed0,full,CB,V_raw,A0,T_ratio,0.0001662,0,holdout,-1,val,92,31,1,0,0.0998917506144589
full_CB_V_raw_A0_T_ratio_seed0,full,CB,V_raw,A0,T_ratio,0.0001662,0,holdout,-1,val,7,1,1,1,0.984410371661786
full_CB_V_raw_A0_T_ratio_seed0,full,CB,V_raw,A0,T_ratio,0.0001662,0,holdout,-1,test,34,15,0,0,0.0317459697070102
full_CB_V_raw_A0_T_ratio_seed0,full,CB,V_raw,A0,T_ratio,0.0001662,0,holdout,-1,test,158,40,1,1,0.8306506005830141
full_CB_V_raw_A0_T_ratio_seed0,full,CB,V_raw,A0,T_ratio,0.0001662,0,holdout,-1,test,44,19,0,0,0.3757008514940643
full_CB_V_raw_A0_T_ratio_seed0,full,CB,V_raw,A0,T_ratio,0.0001662,0,holdout,-1,test,111,32,0,1,0.8092818455355544
full_CB_V_raw_A0_T_ratio_seed0,full,CB,V_raw,A0,T_ratio,0.0001662,0,holdout,-1,test,85,30,1,0,0.12511289997779
full_CB_V_raw_A0_T_ratio_seed0,full,CB,V_raw,A0,T_ratio,0.0001662,0,holdout,-1,test,58,22,1,1,0.9741732644874004
full_CB_V_raw_A0_T_ratio_seed0,full,CB,V_raw,A0,T_ratio,0.0001662,0,holdout,-1,test,81,28,1,1,0.8606388224933592
full_CB_V_raw_A0_T_ratio_seed0,full,CB,V_raw,A0,T_ratio,0.0001662,0,holdout,-1,test,201,50,0,0,0.2407669241658612
full_CB_V_raw_A0_T_ratio_seed0,full,CB,V_raw,A0,T_ratio,0.0001662,0,holdout,-1,test,182,46,1,1,0.9127543529917096
full_CB_V_raw_A0_T_ratio_seed0,full,CB,V_raw,A0,T_ratio,0.0001662,0,holdout,-1,test,3,1,1,1,0.9464401706490972
full_CB_V_raw_A0_T_ratio_seed0,full,CB,V_raw,A0,T_ratio,0.0001662,0,holdout,-1,test,119,33,0,0,0.1945355535748551
full_CB_V_raw_A0_T_ratio_seed0,full,CB,V_raw,A0,T_ratio,0.0001662,0,holdout,-1,test,207,54,0,0,0.0085789709383451
full_CB_V_raw_A0_T_ratio_seed0,full,CB,V_raw,A0,T_ratio,0.0001662,0,holdout,-1,test,121,33,1,1,0.7137139322365604
full_CB_V_raw_A0_T_ratio_seed0,full,CB,V_raw,A0,T_ratio,0.0001662,0,holdout,-1,test,164,41,1,1,0.9803332683003476
full_CB_V_raw_A0_T_ratio_seed0,full,CB,V_raw,A0,T_ratio,0.0001662,0,holdout,-1,test,157,40,1,1,0.9995634678081734
full_CB_V_raw_A0_T_ratio_seed0,full,CB,V_raw,A0,T_ratio,0.0001662,0,holdout,-1,test,195,49,1,0,0.3510026511601056
full_CB_V_raw_A0_T_ratio_seed0,full,CB,V_raw,A0,T_ratio,0.0001662,0,holdout,-1,test,101,32,0,0,0.2652598804905066
full_CB_V_raw_A0_T_ratio_seed0,full,CB,V_raw,A0,T_ratio,0.0001662,0,holdout,-1,test,187,47,0,1,0.966227648631154
full_CB_V_raw_A0_T_ratio_seed0,full,CB,V_raw,A0,T_ratio,0.0001662,0,holdout,-1,test,211,54,1,1,0.9463015755247846
full_CB_V_raw_A0_T_ratio_seed0,full,CB,V_raw,A0,T_ratio,0.0001662,0,holdout,-1,test,212,54,1,1,0.9985163486787326
full_CB_V_raw_A0_T_ratio_seed0,full,CB,V_raw,A0,T_ratio,0.0001662,0,holdout,-1,test,183,47,0,1,0.6157297700232435
full_CB_V_raw_A0_T_ratio_seed0,full,CB,V_raw,A0,T_ratio,0.0001662,0,holdout,-1,test,219,54,0,0,0.0085789709383451
full_CB_V_raw_A0_T_ratio_seed0,full,CB,V_raw,A0,T_ratio,0.0001662,0,holdout,-1,test,136,36,1,1,0.971797062333002
full_CB_V_raw_A0_T_ratio_seed0,full,CB,V_raw,A0,T_ratio,0.0001662,0,holdout,-1,test,36,16,1,1,0.808246087785586
full_CB_V_raw_A0_T_ratio_seed0,full,CB,V_raw,A0,T_ratio,0.0001662,0,holdout,-1,test,64,24,1,1,0.8735389722417229
full_CB_V_raw_A0_T_ratio_seed0,full,CB,V_raw,A0,T_ratio,0.0001662,0,holdout,-1,test,115,32,1,0,0.3620321086973243
full_CB_V_raw_A0_T_ratio_seed0,full,CB,V_raw,A0,T_ratio,0.0001662,0,holdout,-1,test,217,54,1,1,0.9463015755247846
full_CB_V_raw_A0_T_ratio_seed0,full,CB,V_raw,A0,T_ratio,0.0001662,0,holdout,-1,test,82,29,1,1,0.9774294376733542
full_CB_V_raw_A0_T_ratio_seed0,full,CB,V_raw,A0,T_ratio,0.0001662,0,holdout,-1,test,80,28,1,1,0.8043440794254227
full_CB_V_raw_A0_T_ratio_seed0,full,CB,V_raw,A0,T_ratio,0.0001662,0,holdout,-1,test,68,25,0,0,0.0196678409460414
full_CB_V_raw_A0_T_ratio_seed0,full,CB,V_raw,A0,T_ratio,0.0001662,0,holdout,-1,test,152,39,0,0,0.3093643885438445
full_CB_V_raw_A0_T_ratio_seed0,full,CB,V_raw,A0,T_ratio,0.0001662,0,holdout,-1,test,57,22,1,1,0.8372073023931521
full_CB_V_raw_A0_T_ratio_seed0,full,CB,V_raw,A0,T_ratio,0.0001662,0,holdout,-1,test,147,38,1,1,0.9935523856317942
full_DT_V_raw_A0_T_ratio_seed1,full,DT,V_raw,A0,T_ratio,0.0001662,1,holdout,-1,val,161,40,1,1,1.0
full_DT_V_raw_A0_T_ratio_seed1,full,DT,V_raw,A0,T_ratio,0.0001662,1,holdout,-1,val,51,21,1,1,1.0
full_DT_V_raw_A0_T_ratio_seed1,full,DT,V_raw,A0,T_ratio,0.0001662,1,holdout,-1,val,201,50,0,0,0.0
full_DT_V_raw_A0_T_ratio_seed1,full,DT,V_raw,A0,T_ratio,0.0001662,1,holdout,-1,val,114,32,0,0,0.0
full_DT_V_raw_A0_T_ratio_seed1,full,DT,V_raw,A0,T_ratio,0.0001662,1,holdout,-1,val,35,16,1,0,0.0
full_DT_V_raw_A0_T_ratio_seed1,full,DT,V_raw,A0,T_ratio,0.0001662,1,holdout,-1,val,167,41,1,1,1.0
full_DT_V_raw_A0_T_ratio_seed1,full,DT,V_raw,A0,T_ratio,0.0001662,1,holdout,-1,val,58,22,1,0,0.0
full_DT_V_raw_A0_T_ratio_seed1,full,DT,V_raw,A0,T_ratio,0.0001662,1,holdout,-1,val,111,32,0,1,1.0
full_DT_V_raw_A0_T_ratio_seed1,full,DT,V_raw,A0,T_ratio,0.0001662,1,holdout,-1,val,13,4,0,0,0.0
full_DT_V_raw_A0_T_ratio_seed1,full,DT,V_raw,A0,T_ratio,0.0001662,1,holdout,-1,val,221,54,0,1,1.0
full_DT_V_raw_A0_T_ratio_seed1,full,DT,V_raw,A0,T_ratio,0.0001662,1,holdout,-1,val,133,35,0,0,0.0
full_DT_V_raw_A0_T_ratio_seed1,full,DT,V_raw,A0,T_ratio,0.0001662,1,holdout,-1,val,137,36,1,0,0.0
full_DT_V_raw_A0_T_ratio_seed1,full,DT,V_raw,A0,T_ratio,0.0001662,1,holdout,-1,val,168,41,1,1,1.0
full_DT_V_raw_A0_T_ratio_seed1,full,DT,V_raw,A0,T_ratio,0.0001662,1,holdout,-1,val,72,26,1,1,1.0
full_DT_V_raw_A0_T_ratio_seed1,full,DT,V_raw,A0,T_ratio,0.0001662,1,holdout,-1,val,47,20,0,0,0.0
full_DT_V_raw_A0_T_ratio_seed1,full,DT,V_raw,A0,T_ratio,0.0001662,1,holdout,-1,val,117,32,1,1,1.0
full_DT_V_raw_A0_T_ratio_seed1,full,DT,V_raw,A0,T_ratio,0.0001662,1,holdout,-1,val,96,31,1,1,1.0
full_DT_V_raw_A0_T_ratio_seed1,full,DT,V_raw,A0,T_ratio,0.0001662,1,holdout,-1,val,59,22,1,0,0.0
full_DT_V_raw_A0_T_ratio_seed1,full,DT,V_raw,A0,T_ratio,0.0001662,1,holdout,-1,val,225,55,1,1,1.0
full_DT_V_raw_A0_T_ratio_seed1,full,DT,V_raw,A0,T_ratio,0.0001662,1,holdout,-1,val,29,11,1,1,1.0
full_DT_V_raw_A0_T_ratio_seed1,full,DT,V_raw,A0,T_ratio,0.0001662,1,holdout,-1,val,81,28,1,1,1.0
full_DT_V_raw_A0_T_ratio_seed1,full,DT,V_raw,A0,T_ratio,0.0001662,1,holdout,-1,val,19,7,1,0,0.0
full_DT_V_raw_A0_T_ratio_seed1,full,DT,V_raw,A0,T_ratio,0.0001662,1,holdout,-1,val,28,11,1,1,1.0
full_DT_V_raw_A0_T_ratio_seed1,full,DT,V_raw,A0,T_ratio,0.0001662,1,holdout,-1,val,171,43,0,0,0.0
full_DT_V_raw_A0_T_ratio_seed1,full,DT,V_raw,A0,T_ratio,0.0001662,1,holdout,-1,val,99,32,0,0,0.0
full_DT_V_raw_A0_T_ratio_seed1,full,DT,V_raw,A0,T_ratio,0.0001662,1,holdout,-1,val,52,21,1,1,1.0
full_DT_V_raw_A0_T_ratio_seed1,full,DT,V_raw,A0,T_ratio,0.0001662,1,holdout,-1,val,91,31,0,0,0.0
full_DT_V_raw_A0_T_ratio_seed1,full,DT,V_raw,A0,T_ratio,0.0001662,1,holdout,-1,val,195,49,1,0,0.0
full_DT_V_raw_A0_T_ratio_seed1,full,DT,V_raw,A0,T_ratio,0.0001662,1,holdout,-1,val,101,32,0,1,1.0
full_DT_V_raw_A0_T_ratio_seed1,full,DT,V_raw,A0,T_ratio,0.0001662,1,holdout,-1,val,141,36,0,0,0.0
full_DT_V_raw_A0_T_ratio_seed1,full,DT,V_raw,A0,T_ratio,0.0001662,1,holdout,-1,val,185,47,1,0,0.0
full_DT_V_raw_A0_T_ratio_seed1,full,DT,V_raw,A0,T_ratio,0.0001662,1,holdout,-1,val,228,55,1,1,1.0
full_DT_V_raw_A0_T_ratio_seed1,full,DT,V_raw,A0,T_ratio,0.0001662,1,holdout,-1,val,186,47,1,0,0.0
full_DT_V_raw_A0_T_ratio_seed1,full,DT,V_raw,A0,T_ratio,0.0001662,1,holdout,-1,test,5,1,1,1,1.0
full_DT_V_raw_A0_T_ratio_seed1,full,DT,V_raw,A0,T_ratio,0.0001662,1,holdout,-1,test,15,4,0,0,0.0
full_DT_V_raw_A0_T_ratio_seed1,full,DT,V_raw,A0,T_ratio,0.0001662,1,holdout,-1,test,116,32,1,1,1.0
full_DT_V_raw_A0_T_ratio_seed1,full,DT,V_raw,A0,T_ratio,0.0001662,1,holdout,-1,test,198,49,1,1,1.0
full_DT_V_raw_A0_T_ratio_seed1,full,DT,V_raw,A0,T_ratio,0.0001662,1,holdout,-1,test,122,33,1,0,0.0
full_DT_V_raw_A0_T_ratio_seed1,full,DT,V_raw,A0,T_ratio,0.0001662,1,holdout,-1,test,127,34,1,1,1.0
full_DT_V_raw_A0_T_ratio_seed1,full,DT,V_raw,A0,T_ratio,0.0001662,1,holdout,-1,test,155,40,1,1,1.0
full_DT_V_raw_A0_T_ratio_seed1,full,DT,V_raw,A0,T_ratio,0.0001662,1,holdout,-1,test,135,36,1,1,1.0
full_DT_V_raw_A0_T_ratio_seed1,full,DT,V_raw,A0,T_ratio,0.0001662,1,holdout,-1,test,149,38,1,1,1.0
full_DT_V_raw_A0_T_ratio_seed1,full,DT,V_raw,A0,T_ratio,0.0001662,1,holdout,-1,test,79,28,1,1,1.0
full_DT_V_raw_A0_T_ratio_seed1,full,DT,V_raw,A0,T_ratio,0.0001662,1,holdout,-1,test,54,21,1,1,1.0
full_DT_V_raw_A0_T_ratio_seed1,full,DT,V_raw,A0,T_ratio,0.0001662,1,holdout,-1,test,147,38,1,1,1.0
full_DT_V_raw_A0_T_ratio_seed1,full,DT,V_raw,A0,T_ratio,0.0001662,1,holdout,-1,test,9,3,0,0,0.0
full_DT_V_raw_A0_T_ratio_seed1,full,DT,V_raw,A0,T_ratio,0.0001662,1,holdout,-1,test,183,47,0,0,0.0
full_DT_V_raw_A0_T_ratio_seed1,full,DT,V_raw,A0,T_ratio,0.0001662,1,holdout,-1,test,6,1,1,1,1.0
full_DT_V_raw_A0_T_ratio_seed1,full,DT,V_raw,A0,T_ratio,0.0001662,1,holdout,-1,test,3,1,1,1,1.0
full_DT_V_raw_A0_T_ratio_seed1,full,DT,V_raw,A0,T_ratio,0.0001662,1,holdout,-1,test,212,54,1,1,1.0
full_DT_V_raw_A0_T_ratio_seed1,full,DT,V_raw,A0,T_ratio,0.0001662,1,holdout,-1,test,40,18,1,0,0.5
full_DT_V_raw_A0_T_ratio_seed1,full,DT,V_raw,A0,T_ratio,0.0001662,1,holdout,-1,test,49,20,0,0,0.0
full_DT_V_raw_A0_T_ratio_seed1,full,DT,V_raw,A0,T_ratio,0.0001662,1,holdout,-1,test,102,32,0,1,1.0
full_DT_V_raw_A0_T_ratio_seed1,full,DT,V_raw,A0,T_ratio,0.0001662,1,holdout,-1,test,210,54,0,0,0.5
full_DT_V_raw_A0_T_ratio_seed1,full,DT,V_raw,A0,T_ratio,0.0001662,1,holdout,-1,test,44,19,0,1,1.0
full_DT_V_raw_A0_T_ratio_seed1,full,DT,V_raw,A0,T_ratio,0.0001662,1,holdout,-1,test,130,35,0,0,0.0
full_DT_V_raw_A0_T_ratio_seed1,full,DT,V_raw,A0,T_ratio,0.0001662,1,holdout,-1,test,16,5,1,1,1.0
full_DT_V_raw_A0_T_ratio_seed1,full,DT,V_raw,A0,T_ratio,0.0001662,1,holdout,-1,test,134,36,1,0,0.0
full_DT_V_raw_A0_T_ratio_seed1,full,DT,V_raw,A0,T_ratio,0.0001662,1,holdout,-1,test,14,4,0,0,0.0
full_DT_V_raw_A0_T_ratio_seed1,full,DT,V_raw,A0,T_ratio,0.0001662,1,holdout,-1,test,67,25,0,0,0.0
full_DT_V_raw_A0_T_ratio_seed1,full,DT,V_raw,A0,T_ratio,0.0001662,1,holdout,-1,test,74,27,0,1,1.0
full_DT_V_raw_A0_T_ratio_seed1,full,DT,V_raw,A0,T_ratio,0.0001662,1,holdout,-1,test,182,46,1,1,1.0
full_DT_V_raw_A0_T_ratio_seed1,full,DT,V_raw,A0,T_ratio,0.0001662,1,holdout,-1,test,87,30,1,1,1.0
full_DT_V_raw_A0_T_ratio_seed1,full,DT,V_raw,A0,T_ratio,0.0001662,1,holdout,-1,test,20,8,1,1,1.0
full_DT_V_raw_A0_T_ratio_seed1,full,DT,V_raw,A0,T_ratio,0.0001662,1,holdout,-1,test,34,15,0,0,0.0
full_DT_V_raw_A0_T_ratio_seed1,full,DT,V_raw,A0,T_ratio,0.0001662,1,holdout,-1,test,36,16,1,1,1.0
full_RF_V_raw_A0_T_ratio_seed1,full,RF,V_raw,A0,T_ratio,0.0001662,1,holdout,-1,val,161,40,1,1,0.9966666666666668
full_RF_V_raw_A0_T_ratio_seed1,full,RF,V_raw,A0,T_ratio,0.0001662,1,holdout,-1,val,51,21,1,1,0.81
full_RF_V_raw_A0_T_ratio_seed1,full,RF,V_raw,A0,T_ratio,0.0001662,1,holdout,-1,val,201,50,0,1,0.626
full_RF_V_raw_A0_T_ratio_seed1,full,RF,V_raw,A0,T_ratio,0.0001662,1,holdout,-1,val,114,32,0,0,0.0366666666666666
full_RF_V_raw_A0_T_ratio_seed1,full,RF,V_raw,A0,T_ratio,0.0001662,1,holdout,-1,val,35,16,1,1,0.7116666666666667
full_RF_V_raw_A0_T_ratio_seed1,full,RF,V_raw,A0,T_ratio,0.0001662,1,holdout,-1,val,167,41,1,1,0.94
full_RF_V_raw_A0_T_ratio_seed1,full,RF,V_raw,A0,T_ratio,0.0001662,1,holdout,-1,val,58,22,1,0,0.4366666666666666
full_RF_V_raw_A0_T_ratio_seed1,full,RF,V_raw,A0,T_ratio,0.0001662,1,holdout,-1,val,111,32,0,1,0.92
full_RF_V_raw_A0_T_ratio_seed1,full,RF,V_raw,A0,T_ratio,0.0001662,1,holdout,-1,val,13,4,0,1,0.525
full_RF_V_raw_A0_T_ratio_seed1,full,RF,V_raw,A0,T_ratio,0.0001662,1,holdout,-1,val,221,54,0,1,0.91
full_RF_V_raw_A0_T_ratio_seed1,full,RF,V_raw,A0,T_ratio,0.0001662,1,holdout,-1,val,133,35,0,0,0.0533333333333333
full_RF_V_raw_A0_T_ratio_seed1,full,RF,V_raw,A0,T_ratio,0.0001662,1,holdout,-1,val,137,36,1,0,0.3898333333333333
full_RF_V_raw_A0_T_ratio_seed1,full,RF,V_raw,A0,T_ratio,0.0001662,1,holdout,-1,val,168,41,1,1,0.8966666666666666
full_RF_V_raw_A0_T_ratio_seed1,full,RF,V_raw,A0,T_ratio,0.0001662,1,holdout,-1,val,72,26,1,1,0.7091666666666667
full_RF_V_raw_A0_T_ratio_seed1,full,RF,V_raw,A0,T_ratio,0.0001662,1,holdout,-1,val,47,20,0,0,0.1733333333333333
full_RF_V_raw_A0_T_ratio_seed1,full,RF,V_raw,A0,T_ratio,0.0001662,1,holdout,-1,val,117,32,1,1,0.9833333333333332
full_RF_V_raw_A0_T_ratio_seed1,full,RF,V_raw,A0,T_ratio,0.0001662,1,holdout,-1,val,96,31,1,1,0.95
full_RF_V_raw_A0_T_ratio_seed1,full,RF,V_raw,A0,T_ratio,0.0001662,1,holdout,-1,val,59,22,1,0,0.26
full_RF_V_raw_A0_T_ratio_seed1,full,RF,V_raw,A0,T_ratio,0.0001662,1,holdout,-1,val,225,55,1,1,0.991111111111111
full_RF_V_raw_A0_T_ratio_seed1,full,RF,V_raw,A0,T_ratio,0.0001662,1,holdout,-1,val,29,11,1,1,0.9133333333333332
full_RF_V_raw_A0_T_ratio_seed1,full,RF,V_raw,A0,T_ratio,0.0001662,1,holdout,-1,val,81,28,1,1,0.9022222222222224
full_RF_V_raw_A0_T_ratio_seed1,full,RF,V_raw,A0,T_ratio,0.0001662,1,holdout,-1,val,19,7,1,1,0.53
full_RF_V_raw_A0_T_ratio_seed1,full,RF,V_raw,A0,T_ratio,0.0001662,1,holdout,-1,val,28,11,1,1,0.9133333333333332
full_RF_V_raw_A0_T_ratio_seed1,full,RF,V_raw,A0,T_ratio,0.0001662,1,holdout,-1,val,171,43,0,0,0.2533333333333333
full_RF_V_raw_A0_T_ratio_seed1,full,RF,V_raw,A0,T_ratio,0.0001662,1,holdout,-1,val,99,32,0,0,0.02
full_RF_V_raw_A0_T_ratio_seed1,full,RF,V_raw,A0,T_ratio,0.0001662,1,holdout,-1,val,52,21,1,1,0.92
full_RF_V_raw_A0_T_ratio_seed1,full,RF,V_raw,A0,T_ratio,0.0001662,1,holdout,-1,val,91,31,0,0,0.37
full_RF_V_raw_A0_T_ratio_seed1,full,RF,V_raw,A0,T_ratio,0.0001662,1,holdout,-1,val,195,49,1,1,0.6533333333333333
full_RF_V_raw_A0_T_ratio_seed1,full,RF,V_raw,A0,T_ratio,0.0001662,1,holdout,-1,val,101,32,0,1,0.9066666666666666
full_RF_V_raw_A0_T_ratio_seed1,full,RF,V_raw,A0,T_ratio,0.0001662,1,holdout,-1,val,141,36,0,0,0.0466666666666666
full_RF_V_raw_A0_T_ratio_seed1,full,RF,V_raw,A0,T_ratio,0.0001662,1,holdout,-1,val,185,47,1,1,0.5366666666666666
full_RF_V_raw_A0_T_ratio_seed1,full,RF,V_raw,A0,T_ratio,0.0001662,1,holdout,-1,val,228,55,1,1,0.9483333333333334
full_RF_V_raw_A0_T_ratio_seed1,full,RF,V_raw,A0,T_ratio,0.0001662,1,holdout,-1,val,186,47,1,0,0.1533333333333333
full_RF_V_raw_A0_T_ratio_seed1,full,RF,V_raw,A0,T_ratio,0.0001662,1,holdout,-1,test,5,1,1,1,0.9213888888888888
full_RF_V_raw_A0_T_ratio_seed1,full,RF,V_raw,A0,T_ratio,0.0001662,1,holdout,-1,test,15,4,0,1,0.66
full_RF_V_raw_A0_T_ratio_seed1,full,RF,V_raw,A0,T_ratio,0.0001662,1,holdout,-1,test,116,32,1,1,0.9766666666666668
full_RF_V_raw_A0_T_ratio_seed1,full,RF,V_raw,A0,T_ratio,0.0001662,1,holdout,-1,test,198,49,1,1,0.7866666666666666
full_RF_V_raw_A0_T_ratio_seed1,full,RF,V_raw,A0,T_ratio,0.0001662,1,holdout,-1,test,122,33,1,1,0.64
full_RF_V_raw_A0_T_ratio_seed1,full,RF,V_raw,A0,T_ratio,0.0001662,1,holdout,-1,test,127,34,1,1,0.9283333333333332
full_RF_V_raw_A0_T_ratio_seed1,full,RF,V_raw,A0,T_ratio,0.0001662,1,holdout,-1,test,155,40,1,1,1.0
full_RF_V_raw_A0_T_ratio_seed1,full,RF,V_raw,A0,T_ratio,0.0001662,1,holdout,-1,test,135,36,1,1,0.7475
full_RF_V_raw_A0_T_ratio_seed1,full,RF,V_raw,A0,T_ratio,0.0001662,1,holdout,-1,test,149,38,1,1,0.9944444444444446
full_RF_V_raw_A0_T_ratio_seed1,full,RF,V_raw,A0,T_ratio,0.0001662,1,holdout,-1,test,79,28,1,1,0.9161111111111112
full_RF_V_raw_A0_T_ratio_seed1,full,RF,V_raw,A0,T_ratio,0.0001662,1,holdout,-1,test,54,21,1,1,0.9033333333333332
full_RF_V_raw_A0_T_ratio_seed1,full,RF,V_raw,A0,T_ratio,0.0001662,1,holdout,-1,test,147,38,1,1,0.9944444444444446
full_RF_V_raw_A0_T_ratio_seed1,full,RF,V_raw,A0,T_ratio,0.0001662,1,holdout,-1,test,9,3,0,0,0.0977777777777777
full_RF_V_raw_A0_T_ratio_seed1,full,RF,V_raw,A0,T_ratio,0.0001662,1,holdout,-1,test,183,47,0,0,0.2044444444444444
full_RF_V_raw_A0_T_ratio_seed1,full,RF,V_raw,A0,T_ratio,0.0001662,1,holdout,-1,test,6,1,1,1,0.9355555555555556
full_RF_V_raw_A0_T_ratio_seed1,full,RF,V_raw,A0,T_ratio,0.0001662,1,holdout,-1,test,3,1,1,1,0.8227777777777778
full_RF_V_raw_A0_T_ratio_seed1,full,RF,V_raw,A0,T_ratio,0.0001662,1,holdout,-1,test,212,54,1,1,0.9966666666666668
full_RF_V_raw_A0_T_ratio_seed1,full,RF,V_raw,A0,T_ratio,0.0001662,1,holdout,-1,test,40,18,1,1,0.5300833333333336
full_RF_V_raw_A0_T_ratio_seed1,full,RF,V_raw,A0,T_ratio,0.0001662,1,holdout,-1,test,49,20,0,0,0.2533333333333333
full_RF_V_raw_A0_T_ratio_seed1,full,RF,V_raw,A0,T_ratio,0.0001662,1,holdout,-1,test,102,32,0,1,0.9233333333333332
full_RF_V_raw_A0_T_ratio_seed1,full,RF,V_raw,A0,T_ratio,0.0001662,1,holdout,-1,test,210,54,0,1,0.5403809523809524
full_RF_V_raw_A0_T_ratio_seed1,full,RF,V_raw,A0,T_ratio,0.0001662,1,holdout,-1,test,44,19,0,1,0.7233333333333334
full_RF_V_raw_A0_T_ratio_seed1,full,RF,V_raw,A0,T_ratio,0.0001662,1,holdout,-1,test,130,35,0,0,0.158
full_RF_V_raw_A0_T_ratio_seed1,full,RF,V_raw,A0,T_ratio,0.0001662,1,holdout,-1,test,16,5,1,1,0.8375555555555556
full_RF_V_raw_A0_T_ratio_seed1,full,RF,V_raw,A0,T_ratio,0.0001662,1,holdout,-1,test,134,36,1,1,0.634
full_RF_V_raw_A0_T_ratio_seed1,full,RF,V_raw,A0,T_ratio,0.0001662,1,holdout,-1,test,14,4,0,1,0.63
full_RF_V_raw_A0_T_ratio_seed1,full,RF,V_raw,A0,T_ratio,0.0001662,1,holdout,-1,test,67,25,0,0,0.3233333333333333
full_RF_V_raw_A0_T_ratio_seed1,full,RF,V_raw,A0,T_ratio,0.0001662,1,holdout,-1,test,74,27,0,0,0.18
full_RF_V_raw_A0_T_ratio_seed1,full,RF,V_raw,A0,T_ratio,0.0001662,1,holdout,-1,test,182,46,1,1,0.7827777777777778
full_RF_V_raw_A0_T_ratio_seed1,full,RF,V_raw,A0,T_ratio,0.0001662,1,holdout,-1,test,87,30,1,1,0.9566666666666668
full_RF_V_raw_A0_T_ratio_seed1,full,RF,V_raw,A0,T_ratio,0.0001662,1,holdout,-1,test,20,8,1,1,0.55
full_RF_V_raw_A0_T_ratio_seed1,full,RF,V_raw,A0,T_ratio,0.0001662,1,holdout,-1,test,34,15,0,0,0.1466666666666666
full_RF_V_raw_A0_T_ratio_seed1,full,RF,V_raw,A0,T_ratio,0.0001662,1,holdout,-1,test,36,16,1,1,0.5905555555555555
full_LGBM_V_raw_A0_T_ratio_seed1,full,LGBM,V_raw,A0,T_ratio,0.0001662,1,holdout,-1,val,161,40,1,1,0.9999791913873526
full_LGBM_V_raw_A0_T_ratio_seed1,full,LGBM,V_raw,A0,T_ratio,0.0001662,1,holdout,-1,val,51,21,1,1,0.9918385429913776
full_LGBM_V_raw_A0_T_ratio_seed1,full,LGBM,V_raw,A0,T_ratio,0.0001662,1,holdout,-1,val,201,50,0,0,0.0343450429724288
full_LGBM_V_raw_A0_T_ratio_seed1,full,LGBM,V_raw,A0,T_ratio,0.0001662,1,holdout,-1,val,114,32,0,0,0.0493899011964538
full_LGBM_V_raw_A0_T_ratio_seed1,full,LGBM,V_raw,A0,T_ratio,0.0001662,1,holdout,-1,val,35,16,1,1,0.9449236581273396
full_LGBM_V_raw_A0_T_ratio_seed1,full,LGBM,V_raw,A0,T_ratio,0.0001662,1,holdout,-1,val,167,41,1,1,0.9222566147270082
full_LGBM_V_raw_A0_T_ratio_seed1,full,LGBM,V_raw,A0,T_ratio,0.0001662,1,holdout,-1,val,58,22,1,0,0.1057159896484247
full_LGBM_V_raw_A0_T_ratio_seed1,full,LGBM,V_raw,A0,T_ratio,0.0001662,1,holdout,-1,val,111,32,0,1,0.9965981710144616
full_LGBM_V_raw_A0_T_ratio_seed1,full,LGBM,V_raw,A0,T_ratio,0.0001662,1,holdout,-1,val,13,4,0,0,0.0407708099919177
full_LGBM_V_raw_A0_T_ratio_seed1,full,LGBM,V_raw,A0,T_ratio,0.0001662,1,holdout,-1,val,221,54,0,1,0.9980219298428492
full_LGBM_V_raw_A0_T_ratio_seed1,full,LGBM,V_raw,A0,T_ratio,0.0001662,1,holdout,-1,val,133,35,0,0,0.0018247506059757
full_LGBM_V_raw_A0_T_ratio_seed1,full,LGBM,V_raw,A0,T_ratio,0.0001662,1,holdout,-1,val,137,36,1,1,0.6541921479445741
full_LGBM_V_raw_A0_T_ratio_seed1,full,LGBM,V_raw,A0,T_ratio,0.0001662,1,holdout,-1,val,168,41,1,1,0.795689646225304
full_LGBM_V_raw_A0_T_ratio_seed1,full,LGBM,V_raw,A0,T_ratio,0.0001662,1,holdout,-1,val,72,26,1,1,0.5179985595050676
full_LGBM_V_raw_A0_T_ratio_seed1,full,LGBM,V_raw,A0,T_ratio,0.0001662,1,holdout,-1,val,47,20,0,0,0.0010253602933441
full_LGBM_V_raw_A0_T_ratio_seed1,full,LGBM,V_raw,A0,T_ratio,0.0001662,1,holdout,-1,val,117,32,1,1,0.9999840888932056
full_LGBM_V_raw_A0_T_ratio_seed1,full,LGBM,V_raw,A0,T_ratio,0.0001662,1,holdout,-1,val,96,31,1,1,0.9986463410423096
full_LGBM_V_raw_A0_T_ratio_seed1,full,LGBM,V_raw,A0,T_ratio,0.0001662,1,holdout,-1,val,59,22,1,0,0.0517943432255942
full_LGBM_V_raw_A0_T_ratio_seed1,full,LGBM,V_raw,A0,T_ratio,0.0001662,1,holdout,-1,val,225,55,1,1,0.9987645477216944
full_LGBM_V_raw_A0_T_ratio_seed1,full,LGBM,V_raw,A0,T_ratio,0.0001662,1,holdout,-1,val,29,11,1,1,0.9729928471475802
full_LGBM_V_raw_A0_T_ratio_seed1,full,LGBM,V_raw,A0,T_ratio,0.0001662,1,holdout,-1,val,81,28,1,1,0.9823146149301406
full_LGBM_V_raw_A0_T_ratio_seed1,full,LGBM,V_raw,A0,T_ratio,0.0001662,1,holdout,-1,val,19,7,1,1,0.7679608118871516
full_LGBM_V_raw_A0_T_ratio_seed1,full,LGBM,V_raw,A0,T_ratio,0.0001662,1,holdout,-1,val,28,11,1,1,0.9886284906089596
full_LGBM_V_raw_A0_T_ratio_seed1,full,LGBM,V_raw,A0,T_ratio,0.0001662,1,holdout,-1,val,171,43,0,0,0.0147499300018356
full_LGBM_V_raw_A0_T_ratio_seed1,full,LGBM,V_raw,A0,T_ratio,0.0001662,1,holdout,-1,val,99,32,0,0,1.3261696102704308e-05
full_LGBM_V_raw_A0_T_ratio_seed1,full,LGBM,V_raw,A0,T_ratio,0.0001662,1,holdout,-1,val,52,21,1,1,0.9998765458536332
full_LGBM_V_raw_A0_T_ratio_seed1,full,LGBM,V_raw,A0,T_ratio,0.0001662,1,holdout,-1,val,91,31,0,0,0.3947869909931084
full_LGBM_V_raw_A0_T_ratio_seed1,full,LGBM,V_raw,A0,T_ratio,0.0001662,1,holdout,-1,val,195,49,1,1,0.7544346493491391
full_LGBM_V_raw_A0_T_ratio_seed1,full,LGBM,V_raw,A0,T_ratio,0.0001662,1,holdout,-1,val,101,32,0,1,0.8686460515788234
full_LGBM_V_raw_A0_T_ratio_seed1,full,LGBM,V_raw,A0,T_ratio,0.0001662,1,holdout,-1,val,141,36,0,0,0.0032549993669155
full_LGBM_V_raw_A0_T_ratio_seed1,full,LGBM,V_raw,A0,T_ratio,0.0001662,1,holdout,-1,val,185,47,1,1,0.900994183607444
full_LGBM_V_raw_A0_T_ratio_seed1,full,LGBM,V_raw,A0,T_ratio,0.0001662,1,holdout,-1,val,228,55,1,1,0.9997023279840992
full_LGBM_V_raw_A0_T_ratio_seed1,full,LGBM,V_raw,A0,T_ratio,0.0001662,1,holdout,-1,val,186,47,1,0,0.0126998766446158
full_LGBM_V_raw_A0_T_ratio_seed1,full,LGBM,V_raw,A0,T_ratio,0.0001662,1,holdout,-1,test,5,1,1,1,0.9997729993464172
full_LGBM_V_raw_A0_T_ratio_seed1,full,LGBM,V_raw,A0,T_ratio,0.0001662,1,holdout,-1,test,15,4,0,1,0.9912892628045524
full_LGBM_V_raw_A0_T_ratio_seed1,full,LGBM,V_raw,A0,T_ratio,0.0001662,1,holdout,-1,test,116,32,1,1,0.9999850039922262
full_LGBM_V_raw_A0_T_ratio_seed1,full,LGBM,V_raw,A0,T_ratio,0.0001662,1,holdout,-1,test,198,49,1,1,0.9794922635919088
full_LGBM_V_raw_A0_T_ratio_seed1,full,LGBM,V_raw,A0,T_ratio,0.0001662,1,holdout,-1,test,122,33,1,1,0.787604456974942
full_LGBM_V_raw_A0_T_ratio_seed1,full,LGBM,V_raw,A0,T_ratio,0.0001662,1,holdout,-1,test,127,34,1,1,0.999412169406155
full_LGBM_V_raw_A0_T_ratio_seed1,full,LGBM,V_raw,A0,T_ratio,0.0001662,1,holdout,-1,test,155,40,1,1,0.9999967037592308
full_LGBM_V_raw_A0_T_ratio_seed1,full,LGBM,V_raw,A0,T_ratio,0.0001662,1,holdout,-1,test,135,36,1,1,0.9851500129287718
full_LGBM_V_raw_A0_T_ratio_seed1,full,LGBM,V_raw,A0,T_ratio,0.0001662,1,holdout,-1,test,149,38,1,1,0.9990935888693996
full_LGBM_V_raw_A0_T_ratio_seed1,full,LGBM,V_raw,A0,T_ratio,0.0001662,1,holdout,-1,test,79,28,1,1,0.9952970056151624
full_LGBM_V_raw_A0_T_ratio_seed1,full,LGBM,V_raw,A0,T_ratio,0.0001662,1,holdout,-1,test,54,21,1,1,0.9998765458536332
full_LGBM_V_raw_A0_T_ratio_seed1,full,LGBM,V_raw,A0,T_ratio,0.0001662,1,holdout,-1,test,147,38,1,1,0.9990935888693996
full_LGBM_V_raw_A0_T_ratio_seed1,full,LGBM,V_raw,A0,T_ratio,0.0001662,1,holdout,-1,test,9,3,0,0,0.0002002906676838
full_LGBM_V_raw_A0_T_ratio_seed1,full,LGBM,V_raw,A0,T_ratio,0.0001662,1,holdout,-1,test,183,47,0,0,0.0144553807496543
full_LGBM_V_raw_A0_T_ratio_seed1,full,LGBM,V_raw,A0,T_ratio,0.0001662,1,holdout,-1,test,6,1,1,1,0.999837643282742
full_LGBM_V_raw_A0_T_ratio_seed1,full,LGBM,V_raw,A0,T_ratio,0.0001662,1,holdout,-1,test,3,1,1,1,0.978495039565142
full_LGBM_V_raw_A0_T_ratio_seed1,full,LGBM,V_raw,A0,T_ratio,0.0001662,1,holdout,-1,test,212,54,1,1,0.9999963756246256
full_LGBM_V_raw_A0_T_ratio_seed1,full,LGBM,V_raw,A0,T_ratio,0.0001662,1,holdout,-1,test,40,18,1,0,0.4965655351478472
full_LGBM_V_raw_A0_T_ratio_seed1,full,LGBM,V_raw,A0,T_ratio,0.0001662,1,holdout,-1,test,49,20,0,0,0.0049975030512919
full_LGBM_V_raw_A0_T_ratio_seed1,full,LGBM,V_raw,A0,T_ratio,0.0001662,1,holdout,-1,test,102,32,0,1,0.8617385972646291
full_LGBM_V_raw_A0_T_ratio_seed1,full,LGBM,V_raw,A0,T_ratio,0.0001662,1,holdout,-1,test,210,54,0,0,0.4969012304667809
full_LGBM_V_raw_A0_T_ratio_seed1,full,LGBM,V_raw,A0,T_ratio,0.0001662,1,holdout,-1,test,44,19,0,1,0.988169003558531
full_LGBM_V_raw_A0_T_ratio_seed1,full,LGBM,V_raw,A0,T_ratio,0.0001662,1,holdout,-1,test,130,35,0,0,0.0014074931794487
full_LGBM_V_raw_A0_T_ratio_seed1,full,LGBM,V_raw,A0,T_ratio,0.0001662,1,holdout,-1,test,16,5,1,1,0.9967359893588064
full_LGBM_V_raw_A0_T_ratio_seed1,full,LGBM,V_raw,A0,T_ratio,0.0001662,1,holdout,-1,test,134,36,1,1,0.7004945565410954
full_LGBM_V_raw_A0_T_ratio_seed1,full,LGBM,V_raw,A0,T_ratio,0.0001662,1,holdout,-1,test,14,4,0,1,0.8802184443758039
full_LGBM_V_raw_A0_T_ratio_seed1,full,LGBM,V_raw,A0,T_ratio,0.0001662,1,holdout,-1,test,67,25,0,1,0.8803866339826739
full_LGBM_V_raw_A0_T_ratio_seed1,full,LGBM,V_raw,A0,T_ratio,0.0001662,1,holdout,-1,test,74,27,0,0,0.0057720048614376
full_LGBM_V_raw_A0_T_ratio_seed1,full,LGBM,V_raw,A0,T_ratio,0.0001662,1,holdout,-1,test,182,46,1,1,0.9977152264857428
full_LGBM_V_raw_A0_T_ratio_seed1,full,LGBM,V_raw,A0,T_ratio,0.0001662,1,holdout,-1,test,87,30,1,1,0.9983268277286026
full_LGBM_V_raw_A0_T_ratio_seed1,full,LGBM,V_raw,A0,T_ratio,0.0001662,1,holdout,-1,test,20,8,1,1,0.9930518573133164
full_LGBM_V_raw_A0_T_ratio_seed1,full,LGBM,V_raw,A0,T_ratio,0.0001662,1,holdout,-1,test,34,15,0,0,0.0133648594145355
full_LGBM_V_raw_A0_T_ratio_seed1,full,LGBM,V_raw,A0,T_ratio,0.0001662,1,holdout,-1,test,36,16,1,1,0.907083951504562
full_CB_V_raw_A0_T_ratio_seed1,full,CB,V_raw,A0,T_ratio,0.0001662,1,holdout,-1,val,161,40,1,1,0.9997172943830368
full_CB_V_raw_A0_T_ratio_seed1,full,CB,V_raw,A0,T_ratio,0.0001662,1,holdout,-1,val,51,21,1,1,0.982457705078132
full_CB_V_raw_A0_T_ratio_seed1,full,CB,V_raw,A0,T_ratio,0.0001662,1,holdout,-1,val,201,50,0,0,0.4951978288126837
full_CB_V_raw_A0_T_ratio_seed1,full,CB,V_raw,A0,T_ratio,0.0001662,1,holdout,-1,val,114,32,0,0,0.0084330883403201
full_CB_V_raw_A0_T_ratio_seed1,full,CB,V_raw,A0,T_ratio,0.0001662,1,holdout,-1,val,35,16,1,1,0.9060451859012648
full_CB_V_raw_A0_T_ratio_seed1,full,CB,V_raw,A0,T_ratio,0.0001662,1,holdout,-1,val,167,41,1,1,0.9878592429107032
full_CB_V_raw_A0_T_ratio_seed1,full,CB,V_raw,A0,T_ratio,0.0001662,1,holdout,-1,val,58,22,1,0,0.2374256549492828
full_CB_V_raw_A0_T_ratio_seed1,full,CB,V_raw,A0,T_ratio,0.0001662,1,holdout,-1,val,111,32,0,1,0.9875891302627796
full_CB_V_raw_A0_T_ratio_seed1,full,CB,V_raw,A0,T_ratio,0.0001662,1,holdout,-1,val,13,4,0,1,0.6734995908559168
full_CB_V_raw_A0_T_ratio_seed1,full,CB,V_raw,A0,T_ratio,0.0001662,1,holdout,-1,val,221,54,0,1,0.99160067981903
full_CB_V_raw_A0_T_ratio_seed1,full,CB,V_raw,A0,T_ratio,0.0001662,1,holdout,-1,val,133,35,0,0,0.0067218632018506
full_CB_V_raw_A0_T_ratio_seed1,full,CB,V_raw,A0,T_ratio,0.0001662,1,holdout,-1,val,137,36,1,1,0.8986750729561696
full_CB_V_raw_A0_T_ratio_seed1,full,CB,V_raw,A0,T_ratio,0.0001662,1,holdout,-1,val,168,41,1,1,0.9516845482474484
full_CB_V_raw_A0_T_ratio_seed1,full,CB,V_raw,A0,T_ratio,0.0001662,1,holdout,-1,val,72,26,1,1,0.9788458683891298
full_CB_V_raw_A0_T_ratio_seed1,full,CB,V_raw,A0,T_ratio,0.0001662,1,holdout,-1,val,47,20,0,0,0.0228519037125453
full_CB_V_raw_A0_T_ratio_seed1,full,CB,V_raw,A0,T_ratio,0.0001662,1,holdout,-1,val,117,32,1,1,0.9998068911828866
full_CB_V_raw_A0_T_ratio_seed1,full,CB,V_raw,A0,T_ratio,0.0001662,1,holdout,-1,val,96,31,1,1,0.9961392537717576
full_CB_V_raw_A0_T_ratio_seed1,full,CB,V_raw,A0,T_ratio,0.0001662,1,holdout,-1,val,59,22,1,0,0.0799516036351459
full_CB_V_raw_A0_T_ratio_seed1,full,CB,V_raw,A0,T_ratio,0.0001662,1,holdout,-1,val,225,55,1,1,0.9989816590182272
full_CB_V_raw_A0_T_ratio_seed1,full,CB,V_raw,A0,T_ratio,0.0001662,1,holdout,-1,val,29,11,1,1,0.9752205015727552
full_CB_V_raw_A0_T_ratio_seed1,full,CB,V_raw,A0,T_ratio,0.0001662,1,holdout,-1,val,81,28,1,1,0.9853953653618612
full_CB_V_raw_A0_T_ratio_seed1,full,CB,V_raw,A0,T_ratio,0.0001662,1,holdout,-1,val,19,7,1,1,0.7096366025416301
full_CB_V_raw_A0_T_ratio_seed1,full,CB,V_raw,A0,T_ratio,0.0001662,1,holdout,-1,val,28,11,1,1,0.9756906859882064
full_CB_V_raw_A0_T_ratio_seed1,full,CB,V_raw,A0,T_ratio,0.0001662,1,holdout,-1,val,171,43,0,0,0.0288286676267866
full_CB_V_raw_A0_T_ratio_seed1,full,CB,V_raw,A0,T_ratio,0.0001662,1,holdout,-1,val,99,32,0,0,0.0016984446766825
full_CB_V_raw_A0_T_ratio_seed1,full,CB,V_raw,A0,T_ratio,0.0001662,1,holdout,-1,val,52,21,1,1,0.9989835404617788
full_CB_V_raw_A0_T_ratio_seed1,full,CB,V_raw,A0,T_ratio,0.0001662,1,holdout,-1,val,91,31,0,0,0.4879560246797493
full_CB_V_raw_A0_T_ratio_seed1,full,CB,V_raw,A0,T_ratio,0.0001662,1,holdout,-1,val,195,49,1,1,0.6504319382780921
full_CB_V_raw_A0_T_ratio_seed1,full,CB,V_raw,A0,T_ratio,0.0001662,1,holdout,-1,val,101,32,0,1,0.956925014844496
full_CB_V_raw_A0_T_ratio_seed1,full,CB,V_raw,A0,T_ratio,0.0001662,1,holdout,-1,val,141,36,0,0,0.0007958313858663
full_CB_V_raw_A0_T_ratio_seed1,full,CB,V_raw,A0,T_ratio,0.0001662,1,holdout,-1,val,185,47,1,1,0.5468355124071606
full_CB_V_raw_A0_T_ratio_seed1,full,CB,V_raw,A0,T_ratio,0.0001662,1,holdout,-1,val,228,55,1,1,0.997841929538061
full_CB_V_raw_A0_T_ratio_seed1,full,CB,V_raw,A0,T_ratio,0.0001662,1,holdout,-1,val,186,47,1,0,0.0121464678382712
full_CB_V_raw_A0_T_ratio_seed1,full,CB,V_raw,A0,T_ratio,0.0001662,1,holdout,-1,test,5,1,1,1,0.9961223562132664
full_CB_V_raw_A0_T_ratio_seed1,full,CB,V_raw,A0,T_ratio,0.0001662,1,holdout,-1,test,15,4,0,1,0.9645210930017416
full_CB_V_raw_A0_T_ratio_seed1,full,CB,V_raw,A0,T_ratio,0.0001662,1,holdout,-1,test,116,32,1,1,0.9997371182899224
full_CB_V_raw_A0_T_ratio_seed1,full,CB,V_raw,A0,T_ratio,0.0001662,1,holdout,-1,test,198,49,1,1,0.99338520010613
full_CB_V_raw_A0_T_ratio_seed1,full,CB,V_raw,A0,T_ratio,0.0001662,1,holdout,-1,test,122,33,1,1,0.9549149851513684
full_CB_V_raw_A0_T_ratio_seed1,full,CB,V_raw,A0,T_ratio,0.0001662,1,holdout,-1,test,127,34,1,1,0.997853601151044
full_CB_V_raw_A0_T_ratio_seed1,full,CB,V_raw,A0,T_ratio,0.0001662,1,holdout,-1,test,155,40,1,1,0.9996709540930616
full_CB_V_raw_A0_T_ratio_seed1,full,CB,V_raw,A0,T_ratio,0.0001662,1,holdout,-1,test,135,36,1,1,0.989096185687656
full_CB_V_raw_A0_T_ratio_seed1,full,CB,V_raw,A0,T_ratio,0.0001662,1,holdout,-1,test,149,38,1,1,0.9975577125288988
full_CB_V_raw_A0_T_ratio_seed1,full,CB,V_raw,A0,T_ratio,0.0001662,1,holdout,-1,test,79,28,1,1,0.9852979893563864
full_CB_V_raw_A0_T_ratio_seed1,full,CB,V_raw,A0,T_ratio,0.0001662,1,holdout,-1,test,54,21,1,1,0.9989835404617788
full_CB_V_raw_A0_T_ratio_seed1,full,CB,V_raw,A0,T_ratio,0.0001662,1,holdout,-1,test,147,38,1,1,0.9975577125288988
full_CB_V_raw_A0_T_ratio_seed1,full,CB,V_raw,A0,T_ratio,0.0001662,1,holdout,-1,test,9,3,0,0,0.0086526285139803
full_CB_V_raw_A0_T_ratio_seed1,full,CB,V_raw,A0,T_ratio,0.0001662,1,holdout,-1,test,183,47,0,0,0.0250234832200646
full_CB_V_raw_A0_T_ratio_seed1,full,CB,V_raw,A0,T_ratio,0.0001662,1,holdout,-1,test,6,1,1,1,0.9964114882008748
full_CB_V_raw_A0_T_ratio_seed1,full,CB,V_raw,A0,T_ratio,0.0001662,1,holdout,-1,test,3,1,1,1,0.9897887008225126
full_CB_V_raw_A0_T_ratio_seed1,full,CB,V_raw,A0,T_ratio,0.0001662,1,holdout,-1,test,212,54,1,1,0.9976115423155442
full_CB_V_raw_A0_T_ratio_seed1,full,CB,V_raw,A0,T_ratio,0.0001662,1,holdout,-1,test,40,18,1,1,0.5041788563395617
full_CB_V_raw_A0_T_ratio_seed1,full,CB,V_raw,A0,T_ratio,0.0001662,1,holdout,-1,test,49,20,0,0,0.0112287530315004
full_CB_V_raw_A0_T_ratio_seed1,full,CB,V_raw,A0,T_ratio,0.0001662,1,holdout,-1,test,102,32,0,1,0.972401105182762
full_CB_V_raw_A0_T_ratio_seed1,full,CB,V_raw,A0,T_ratio,0.0001662,1,holdout,-1,test,210,54,0,1,0.505417514699817
full_CB_V_raw_A0_T_ratio_seed1,full,CB,V_raw,A0,T_ratio,0.0001662,1,holdout,-1,test,44,19,0,1,0.9891633674193836
full_CB_V_raw_A0_T_ratio_seed1,full,CB,V_raw,A0,T_ratio,0.0001662,1,holdout,-1,test,130,35,0,0,0.0134925656260882
full_CB_V_raw_A0_T_ratio_seed1,full,CB,V_raw,A0,T_ratio,0.0001662,1,holdout,-1,test,16,5,1,1,0.9788440875188468
full_CB_V_raw_A0_T_ratio_seed1,full,CB,V_raw,A0,T_ratio,0.0001662,1,holdout,-1,test,134,36,1,1,0.942853060603532
full_CB_V_raw_A0_T_ratio_seed1,full,CB,V_raw,A0,T_ratio,0.0001662,1,holdout,-1,test,14,4,0,1,0.9401108662988704
full_CB_V_raw_A0_T_ratio_seed1,full,CB,V_raw,A0,T_ratio,0.0001662,1,holdout,-1,test,67,25,0,0,0.0901591516456882
full_CB_V_raw_A0_T_ratio_seed1,full,CB,V_raw,A0,T_ratio,0.0001662,1,holdout,-1,test,74,27,0,0,0.0064815898414243
full_CB_V_raw_A0_T_ratio_seed1,full,CB,V_raw,A0,T_ratio,0.0001662,1,holdout,-1,test,182,46,1,1,0.99392439358066
full_CB_V_raw_A0_T_ratio_seed1,full,CB,V_raw,A0,T_ratio,0.0001662,1,holdout,-1,test,87,30,1,1,0.9940479041822498
full_CB_V_raw_A0_T_ratio_seed1,full,CB,V_raw,A0,T_ratio,0.0001662,1,holdout,-1,test,20,8,1,1,0.9794974412651906
full_CB_V_raw_A0_T_ratio_seed1,full,CB,V_raw,A0,T_ratio,0.0001662,1,holdout,-1,test,34,15,0,0,0.0520998536430212
full_CB_V_raw_A0_T_ratio_seed1,full,CB,V_raw,A0,T_ratio,0.0001662,1,holdout,-1,test,36,16,1,0,0.4593857253368968
full_DT_V_raw_A0_T_ratio_seed2,full,DT,V_raw,A0,T_ratio,0.0001662,2,holdout,-1,val,151,38,1,1,1.0
full_DT_V_raw_A0_T_ratio_seed2,full,DT,V_raw,A0,T_ratio,0.0001662,2,holdout,-1,val,123,34,0,0,0.0
full_DT_V_raw_A0_T_ratio_seed2,full,DT,V_raw,A0,T_ratio,0.0001662,2,holdout,-1,val,212,54,1,1,1.0
full_DT_V_raw_A0_T_ratio_seed2,full,DT,V_raw,A0,T_ratio,0.0001662,2,holdout,-1,val,144,37,1,1,1.0
full_DT_V_raw_A0_T_ratio_seed2,full,DT,V_raw,A0,T_ratio,0.0001662,2,holdout,-1,val,54,21,1,1,1.0
full_DT_V_raw_A0_T_ratio_seed2,full,DT,V_raw,A0,T_ratio,0.0001662,2,holdout,-1,val,6,1,1,1,1.0
full_DT_V_raw_A0_T_ratio_seed2,full,DT,V_raw,A0,T_ratio,0.0001662,2,holdout,-1,val,57,22,1,1,1.0
full_DT_V_raw_A0_T_ratio_seed2,full,DT,V_raw,A0,T_ratio,0.0001662,2,holdout,-1,val,18,6,1,1,1.0
full_DT_V_raw_A0_T_ratio_seed2,full,DT,V_raw,A0,T_ratio,0.0001662,2,holdout,-1,val,109,32,0,0,0.0
full_DT_V_raw_A0_T_ratio_seed2,full,DT,V_raw,A0,T_ratio,0.0001662,2,holdout,-1,val,114,32,0,0,0.0
full_DT_V_raw_A0_T_ratio_seed2,full,DT,V_raw,A0,T_ratio,0.0001662,2,holdout,-1,val,31,13,1,1,1.0
full_DT_V_raw_A0_T_ratio_seed2,full,DT,V_raw,A0,T_ratio,0.0001662,2,holdout,-1,val,204,51,1,1,1.0
full_DT_V_raw_A0_T_ratio_seed2,full,DT,V_raw,A0,T_ratio,0.0001662,2,holdout,-1,val,83,30,0,1,0.6666666666666666
full_DT_V_raw_A0_T_ratio_seed2,full,DT,V_raw,A0,T_ratio,0.0001662,2,holdout,-1,val,106,32,1,1,0.8
full_DT_V_raw_A0_T_ratio_seed2,full,DT,V_raw,A0,T_ratio,0.0001662,2,holdout,-1,val,104,32,0,0,0.0
full_DT_V_raw_A0_T_ratio_seed2,full,DT,V_raw,A0,T_ratio,0.0001662,2,holdout,-1,val,47,20,0,1,1.0
full_DT_V_raw_A0_T_ratio_seed2,full,DT,V_raw,A0,T_ratio,0.0001662,2,holdout,-1,val,19,7,1,1,1.0
full_DT_V_raw_A0_T_ratio_seed2,full,DT,V_raw,A0,T_ratio,0.0001662,2,holdout,-1,val,179,45,1,1,1.0
full_DT_V_raw_A0_T_ratio_seed2,full,DT,V_raw,A0,T_ratio,0.0001662,2,holdout,-1,val,46,20,0,1,1.0
full_DT_V_raw_A0_T_ratio_seed2,full,DT,V_raw,A0,T_ratio,0.0001662,2,holdout,-1,val,82,29,1,1,0.6666666666666666
full_DT_V_raw_A0_T_ratio_seed2,full,DT,V_raw,A0,T_ratio,0.0001662,2,holdout,-1,val,159,40,1,1,1.0
full_DT_V_raw_A0_T_ratio_seed2,full,DT,V_raw,A0,T_ratio,0.0001662,2,holdout,-1,val,205,51,1,1,1.0
full_DT_V_raw_A0_T_ratio_seed2,full,DT,V_raw,A0,T_ratio,0.0001662,2,holdout,-1,val,199,50,1,1,0.6666666666666666
full_DT_V_raw_A0_T_ratio_seed2,full,DT,V_raw,A0,T_ratio,0.0001662,2,holdout,-1,val,126,34,1,1,1.0
full_DT_V_raw_A0_T_ratio_seed2,full,DT,V_raw,A0,T_ratio,0.0001662,2,holdout,-1,val,27,11,1,1,1.0
full_DT_V_raw_A0_T_ratio_seed2,full,DT,V_raw,A0,T_ratio,0.0001662,2,holdout,-1,val,133,35,0,0,0.3333333333333333
full_DT_V_raw_A0_T_ratio_seed2,full,DT,V_raw,A0,T_ratio,0.0001662,2,holdout,-1,val,34,15,0,0,0.0
full_DT_V_raw_A0_T_ratio_seed2,full,DT,V_raw,A0,T_ratio,0.0001662,2,holdout,-1,val,222,54,0,1,1.0
full_DT_V_raw_A0_T_ratio_seed2,full,DT,V_raw,A0,T_ratio,0.0001662,2,holdout,-1,val,44,19,0,0,0.0
full_DT_V_raw_A0_T_ratio_seed2,full,DT,V_raw,A0,T_ratio,0.0001662,2,holdout,-1,val,214,54,0,0,0.0
full_DT_V_raw_A0_T_ratio_seed2,full,DT,V_raw,A0,T_ratio,0.0001662,2,holdout,-1,val,81,28,1,1,0.6666666666666666
full_DT_V_raw_A0_T_ratio_seed2,full,DT,V_raw,A0,T_ratio,0.0001662,2,holdout,-1,val,148,38,1,1,1.0
full_DT_V_raw_A0_T_ratio_seed2,full,DT,V_raw,A0,T_ratio,0.0001662,2,holdout,-1,val,61,24,1,1,1.0
full_DT_V_raw_A0_T_ratio_seed2,full,DT,V_raw,A0,T_ratio,0.0001662,2,holdout,-1,test,96,31,1,1,1.0
full_DT_V_raw_A0_T_ratio_seed2,full,DT,V_raw,A0,T_ratio,0.0001662,2,holdout,-1,test,63,24,1,1,1.0
full_DT_V_raw_A0_T_ratio_seed2,full,DT,V_raw,A0,T_ratio,0.0001662,2,holdout,-1,test,89,31,0,0,0.0
full_DT_V_raw_A0_T_ratio_seed2,full,DT,V_raw,A0,T_ratio,0.0001662,2,holdout,-1,test,110,32,0,0,0.0
full_DT_V_raw_A0_T_ratio_seed2,full,DT,V_raw,A0,T_ratio,0.0001662,2,holdout,-1,test,28,11,1,1,1.0
full_DT_V_raw_A0_T_ratio_seed2,full,DT,V_raw,A0,T_ratio,0.0001662,2,holdout,-1,test,107,32,1,1,0.8
full_DT_V_raw_A0_T_ratio_seed2,full,DT,V_raw,A0,T_ratio,0.0001662,2,holdout,-1,test,155,40,1,1,1.0
full_DT_V_raw_A0_T_ratio_seed2,full,DT,V_raw,A0,T_ratio,0.0001662,2,holdout,-1,test,93,31,1,1,1.0
full_DT_V_raw_A0_T_ratio_seed2,full,DT,V_raw,A0,T_ratio,0.0001662,2,holdout,-1,test,122,33,1,0,0.3333333333333333
full_DT_V_raw_A0_T_ratio_seed2,full,DT,V_raw,A0,T_ratio,0.0001662,2,holdout,-1,test,119,33,0,0,0.0
full_DT_V_raw_A0_T_ratio_seed2,full,DT,V_raw,A0,T_ratio,0.0001662,2,holdout,-1,test,41,18,1,1,0.6666666666666666
full_DT_V_raw_A0_T_ratio_seed2,full,DT,V_raw,A0,T_ratio,0.0001662,2,holdout,-1,test,23,11,0,0,0.0
full_DT_V_raw_A0_T_ratio_seed2,full,DT,V_raw,A0,T_ratio,0.0001662,2,holdout,-1,test,29,11,1,1,1.0
full_DT_V_raw_A0_T_ratio_seed2,full,DT,V_raw,A0,T_ratio,0.0001662,2,holdout,-1,test,48,20,0,1,1.0
full_DT_V_raw_A0_T_ratio_seed2,full,DT,V_raw,A0,T_ratio,0.0001662,2,holdout,-1,test,174,43,0,0,0.0
full_DT_V_raw_A0_T_ratio_seed2,full,DT,V_raw,A0,T_ratio,0.0001662,2,holdout,-1,test,71,26,1,1,1.0
full_DT_V_raw_A0_T_ratio_seed2,full,DT,V_raw,A0,T_ratio,0.0001662,2,holdout,-1,test,99,32,0,0,0.0
full_DT_V_raw_A0_T_ratio_seed2,full,DT,V_raw,A0,T_ratio,0.0001662,2,holdout,-1,test,215,54,1,1,0.6666666666666666
full_DT_V_raw_A0_T_ratio_seed2,full,DT,V_raw,A0,T_ratio,0.0001662,2,holdout,-1,test,200,50,1,1,0.6666666666666666
full_DT_V_raw_A0_T_ratio_seed2,full,DT,V_raw,A0,T_ratio,0.0001662,2,holdout,-1,test,42,19,1,0,0.0
full_DT_V_raw_A0_T_ratio_seed2,full,DT,V_raw,A0,T_ratio,0.0001662,2,holdout,-1,test,67,25,0,0,0.3333333333333333
full_DT_V_raw_A0_T_ratio_seed2,full,DT,V_raw,A0,T_ratio,0.0001662,2,holdout,-1,test,97,31,1,1,1.0
full_DT_V_raw_A0_T_ratio_seed2,full,DT,V_raw,A0,T_ratio,0.0001662,2,holdout,-1,test,69,25,0,0,0.0
full_DT_V_raw_A0_T_ratio_seed2,full,DT,V_raw,A0,T_ratio,0.0001662,2,holdout,-1,test,58,22,1,1,0.6666666666666666
full_DT_V_raw_A0_T_ratio_seed2,full,DT,V_raw,A0,T_ratio,0.0001662,2,holdout,-1,test,129,35,0,0,0.0
full_DT_V_raw_A0_T_ratio_seed2,full,DT,V_raw,A0,T_ratio,0.0001662,2,holdout,-1,test,3,1,1,1,1.0
full_DT_V_raw_A0_T_ratio_seed2,full,DT,V_raw,A0,T_ratio,0.0001662,2,holdout,-1,test,195,49,1,0,0.0
full_DT_V_raw_A0_T_ratio_seed2,full,DT,V_raw,A0,T_ratio,0.0001662,2,holdout,-1,test,62,24,1,1,1.0
full_DT_V_raw_A0_T_ratio_seed2,full,DT,V_raw,A0,T_ratio,0.0001662,2,holdout,-1,test,105,32,0,1,0.8
full_DT_V_raw_A0_T_ratio_seed2,full,DT,V_raw,A0,T_ratio,0.0001662,2,holdout,-1,test,210,54,0,1,1.0
full_DT_V_raw_A0_T_ratio_seed2,full,DT,V_raw,A0,T_ratio,0.0001662,2,holdout,-1,test,112,32,1,0,0.0
full_DT_V_raw_A0_T_ratio_seed2,full,DT,V_raw,A0,T_ratio,0.0001662,2,holdout,-1,test,203,51,1,1,1.0
full_DT_V_raw_A0_T_ratio_seed2,full,DT,V_raw,A0,T_ratio,0.0001662,2,holdout,-1,test,164,41,1,1,1.0
full_RF_V_raw_A0_T_ratio_seed2,full,RF,V_raw,A0,T_ratio,0.0001662,2,holdout,-1,val,151,38,1,1,0.9341641414141412
full_RF_V_raw_A0_T_ratio_seed2,full,RF,V_raw,A0,T_ratio,0.0001662,2,holdout,-1,val,123,34,0,0,0.204714405964406
full_RF_V_raw_A0_T_ratio_seed2,full,RF,V_raw,A0,T_ratio,0.0001662,2,holdout,-1,val,212,54,1,1,0.9356493569783044
full_RF_V_raw_A0_T_ratio_seed2,full,RF,V_raw,A0,T_ratio,0.0001662,2,holdout,-1,val,144,37,1,1,0.8790844155844157
full_RF_V_raw_A0_T_ratio_seed2,full,RF,V_raw,A0,T_ratio,0.0001662,2,holdout,-1,val,54,21,1,1,0.8927646705146706
full_RF_V_raw_A0_T_ratio_seed2,full,RF,V_raw,A0,T_ratio,0.0001662,2,holdout,-1,val,6,1,1,1,0.8694907407407407
full_RF_V_raw_A0_T_ratio_seed2,full,RF,V_raw,A0,T_ratio,0.0001662,2,holdout,-1,val,57,22,1,1,0.8761564517353991
full_RF_V_raw_A0_T_ratio_seed2,full,RF,V_raw,A0,T_ratio,0.0001662,2,holdout,-1,val,18,6,1,1,0.8675105820105818
full_RF_V_raw_A0_T_ratio_seed2,full,RF,V_raw,A0,T_ratio,0.0001662,2,holdout,-1,val,109,32,0,0,0.0906636511636511
full_RF_V_raw_A0_T_ratio_seed2,full,RF,V_raw,A0,T_ratio,0.0001662,2,holdout,-1,val,114,32,0,0,0.1143601491101491
full_RF_V_raw_A0_T_ratio_seed2,full,RF,V_raw,A0,T_ratio,0.0001662,2,holdout,-1,val,31,13,1,1,0.8135086643376118
full_RF_V_raw_A0_T_ratio_seed2,full,RF,V_raw,A0,T_ratio,0.0001662,2,holdout,-1,val,204,51,1,1,0.7717778980278981
full_RF_V_raw_A0_T_ratio_seed2,full,RF,V_raw,A0,T_ratio,0.0001662,2,holdout,-1,val,83,30,0,1,0.7456159211159213
full_RF_V_raw_A0_T_ratio_seed2,full,RF,V_raw,A0,T_ratio,0.0001662,2,holdout,-1,val,106,32,1,0,0.4646491193991194
full_RF_V_raw_A0_T_ratio_seed2,full,RF,V_raw,A0,T_ratio,0.0001662,2,holdout,-1,val,104,32,0,0,0.0867237854737854
full_RF_V_raw_A0_T_ratio_seed2,full,RF,V_raw,A0,T_ratio,0.0001662,2,holdout,-1,val,47,20,0,1,0.5583688071188068
full_RF_V_raw_A0_T_ratio_seed2,full,RF,V_raw,A0,T_ratio,0.0001662,2,holdout,-1,val,19,7,1,1,0.5132984607984611
full_RF_V_raw_A0_T_ratio_seed2,full,RF,V_raw,A0,T_ratio,0.0001662,2,holdout,-1,val,179,45,1,1,0.9236944444444444
full_RF_V_raw_A0_T_ratio_seed2,full,RF,V_raw,A0,T_ratio,0.0001662,2,holdout,-1,val,46,20,0,0,0.4466309523809523
full_RF_V_raw_A0_T_ratio_seed2,full,RF,V_raw,A0,T_ratio,0.0001662,2,holdout,-1,val,82,29,1,1,0.6916094276094275
full_RF_V_raw_A0_T_ratio_seed2,full,RF,V_raw,A0,T_ratio,0.0001662,2,holdout,-1,val,159,40,1,1,0.9894444444444443
full_RF_V_raw_A0_T_ratio_seed2,full,RF,V_raw,A0,T_ratio,0.0001662,2,holdout,-1,val,205,51,1,1,0.7285646945646944
full_RF_V_raw_A0_T_ratio_seed2,full,RF,V_raw,A0,T_ratio,0.0001662,2,holdout,-1,val,199,50,1,0,0.4060393310393311
full_RF_V_raw_A0_T_ratio_seed2,full,RF,V_raw,A0,T_ratio,0.0001662,2,holdout,-1,val,126,34,1,1,0.971916305916306
full_RF_V_raw_A0_T_ratio_seed2,full,RF,V_raw,A0,T_ratio,0.0001662,2,holdout,-1,val,27,11,1,1,0.7461402116402115
full_RF_V_raw_A0_T_ratio_seed2,full,RF,V_raw,A0,T_ratio,0.0001662,2,holdout,-1,val,133,35,0,0,0.2186443001443001
full_RF_V_raw_A0_T_ratio_seed2,full,RF,V_raw,A0,T_ratio,0.0001662,2,holdout,-1,val,34,15,0,0,0.1767184944684945
full_RF_V_raw_A0_T_ratio_seed2,full,RF,V_raw,A0,T_ratio,0.0001662,2,holdout,-1,val,222,54,0,1,0.871551346801347
full_RF_V_raw_A0_T_ratio_seed2,full,RF,V_raw,A0,T_ratio,0.0001662,2,holdout,-1,val,44,19,0,0,0.4049647667147669
full_RF_V_raw_A0_T_ratio_seed2,full,RF,V_raw,A0,T_ratio,0.0001662,2,holdout,-1,val,214,54,0,0,0.2056026936026936
full_RF_V_raw_A0_T_ratio_seed2,full,RF,V_raw,A0,T_ratio,0.0001662,2,holdout,-1,val,81,28,1,1,0.9090182780182782
full_RF_V_raw_A0_T_ratio_seed2,full,RF,V_raw,A0,T_ratio,0.0001662,2,holdout,-1,val,148,38,1,1,0.9567752525252524
full_RF_V_raw_A0_T_ratio_seed2,full,RF,V_raw,A0,T_ratio,0.0001662,2,holdout,-1,val,61,24,1,1,0.7784258056758057
full_RF_V_raw_A0_T_ratio_seed2,full,RF,V_raw,A0,T_ratio,0.0001662,2,holdout,-1,test,96,31,1,1,0.8101041429330905
full_RF_V_raw_A0_T_ratio_seed2,full,RF,V_raw,A0,T_ratio,0.0001662,2,holdout,-1,test,63,24,1,1,0.7843755411255411
full_RF_V_raw_A0_T_ratio_seed2,full,RF,V_raw,A0,T_ratio,0.0001662,2,holdout,-1,test,89,31,0,0,0.1123893698893698
full_RF_V_raw_A0_T_ratio_seed2,full,RF,V_raw,A0,T_ratio,0.0001662,2,holdout,-1,test,110,32,0,0,0.4139877437377437
full_RF_V_raw_A0_T_ratio_seed2,full,RF,V_raw,A0,T_ratio,0.0001662,2,holdout,-1,test,28,11,1,1,0.7242010582010584
full_RF_V_raw_A0_T_ratio_seed2,full,RF,V_raw,A0,T_ratio,0.0001662,2,holdout,-1,test,107,32,1,0,0.4610790135790137
full_RF_V_raw_A0_T_ratio_seed2,full,RF,V_raw,A0,T_ratio,0.0001662,2,holdout,-1,test,155,40,1,1,0.9961111111111112
full_RF_V_raw_A0_T_ratio_seed2,full,RF,V_raw,A0,T_ratio,0.0001662,2,holdout,-1,test,93,31,1,1,0.9454021227310704
full_RF_V_raw_A0_T_ratio_seed2,full,RF,V_raw,A0,T_ratio,0.0001662,2,holdout,-1,test,122,33,1,1,0.7168867243867245
full_RF_V_raw_A0_T_ratio_seed2,full,RF,V_raw,A0,T_ratio,0.0001662,2,holdout,-1,test,119,33,0,0,0.2342582972582973
full_RF_V_raw_A0_T_ratio_seed2,full,RF,V_raw,A0,T_ratio,0.0001662,2,holdout,-1,test,41,18,1,1,0.6831095478595479
full_RF_V_raw_A0_T_ratio_seed2,full,RF,V_raw,A0,T_ratio,0.0001662,2,holdout,-1,test,23,11,0,0,0.3000674603174604
full_RF_V_raw_A0_T_ratio_seed2,full,RF,V_raw,A0,T_ratio,0.0001662,2,holdout,-1,test,29,11,1,1,0.7211455026455027
full_RF_V_raw_A0_T_ratio_seed2,full,RF,V_raw,A0,T_ratio,0.0001662,2,holdout,-1,test,48,20,0,1,0.7618317700817699
full_RF_V_raw_A0_T_ratio_seed2,full,RF,V_raw,A0,T_ratio,0.0001662,2,holdout,-1,test,174,43,0,1,0.506335137085137
full_RF_V_raw_A0_T_ratio_seed2,full,RF,V_raw,A0,T_ratio,0.0001662,2,holdout,-1,test,71,26,1,1,0.7660417360417359
full_RF_V_raw_A0_T_ratio_seed2,full,RF,V_raw,A0,T_ratio,0.0001662,2,holdout,-1,test,99,32,0,0,0.0736477781477781
full_RF_V_raw_A0_T_ratio_seed2,full,RF,V_raw,A0,T_ratio,0.0001662,2,holdout,-1,test,215,54,1,0,0.3955968013468013
full_RF_V_raw_A0_T_ratio_seed2,full,RF,V_raw,A0,T_ratio,0.0001662,2,holdout,-1,test,200,50,1,0,0.4434223184223184
full_RF_V_raw_A0_T_ratio_seed2,full,RF,V_raw,A0,T_ratio,0.0001662,2,holdout,-1,test,42,19,1,0,0.4079449254449256
full_RF_V_raw_A0_T_ratio_seed2,full,RF,V_raw,A0,T_ratio,0.0001662,2,holdout,-1,test,67,25,0,0,0.3254083694083696
full_RF_V_raw_A0_T_ratio_seed2,full,RF,V_raw,A0,T_ratio,0.0001662,2,holdout,-1,test,97,31,1,1,0.807048587377535
full_RF_V_raw_A0_T_ratio_seed2,full,RF,V_raw,A0,T_ratio,0.0001662,2,holdout,-1,test,69,25,0,0,0.1559213564213565
full_RF_V_raw_A0_T_ratio_seed2,full,RF,V_raw,A0,T_ratio,0.0001662,2,holdout,-1,test,58,22,1,1,0.6346204969494442
full_RF_V_raw_A0_T_ratio_seed2,full,RF,V_raw,A0,T_ratio,0.0001662,2,holdout,-1,test,129,35,0,0,0.0730876623376623
full_RF_V_raw_A0_T_ratio_seed2,full,RF,V_raw,A0,T_ratio,0.0001662,2,holdout,-1,test,3,1,1,1,0.804467412217412
full_RF_V_raw_A0_T_ratio_seed2,full,RF,V_raw,A0,T_ratio,0.0001662,2,holdout,-1,test,195,49,1,1,0.6386165223665223
full_RF_V_raw_A0_T_ratio_seed2,full,RF,V_raw,A0,T_ratio,0.0001662,2,holdout,-1,test,62,24,1,1,0.7956136363636365
full_RF_V_raw_A0_T_ratio_seed2,full,RF,V_raw,A0,T_ratio,0.0001662,2,holdout,-1,test,105,32,0,0,0.4799546749546751
full_RF_V_raw_A0_T_ratio_seed2,full,RF,V_raw,A0,T_ratio,0.0001662,2,holdout,-1,test,210,54,0,1,0.871551346801347
full_RF_V_raw_A0_T_ratio_seed2,full,RF,V_raw,A0,T_ratio,0.0001662,2,holdout,-1,test,112,32,1,0,0.3928197543197542
full_RF_V_raw_A0_T_ratio_seed2,full,RF,V_raw,A0,T_ratio,0.0001662,2,holdout,-1,test,203,51,1,1,0.7606800144300144
full_RF_V_raw_A0_T_ratio_seed2,full,RF,V_raw,A0,T_ratio,0.0001662,2,holdout,-1,test,164,41,1,1,0.795268287268287
full_LGBM_V_raw_A0_T_ratio_seed2,full,LGBM,V_raw,A0,T_ratio,0.0001662,2,holdout,-1,val,151,38,1,1,0.985976228441314
full_LGBM_V_raw_A0_T_ratio_seed2,full,LGBM,V_raw,A0,T_ratio,0.0001662,2,holdout,-1,val,123,34,0,0,0.0776396120745907
full_LGBM_V_raw_A0_T_ratio_seed2,full,LGBM,V_raw,A0,T_ratio,0.0001662,2,holdout,-1,val,212,54,1,1,0.9933037727214526
full_LGBM_V_raw_A0_T_ratio_seed2,full,LGBM,V_raw,A0,T_ratio,0.0001662,2,holdout,-1,val,144,37,1,1,0.989056931589967
full_LGBM_V_raw_A0_T_ratio_seed2,full,LGBM,V_raw,A0,T_ratio,0.0001662,2,holdout,-1,val,54,21,1,1,0.980076666185184
full_LGBM_V_raw_A0_T_ratio_seed2,full,LGBM,V_raw,A0,T_ratio,0.0001662,2,holdout,-1,val,6,1,1,1,0.9741343753962944
full_LGBM_V_raw_A0_T_ratio_seed2,full,LGBM,V_raw,A0,T_ratio,0.0001662,2,holdout,-1,val,57,22,1,1,0.9813523777059482
full_LGBM_V_raw_A0_T_ratio_seed2,full,LGBM,V_raw,A0,T_ratio,0.0001662,2,holdout,-1,val,18,6,1,1,0.9910954846853542
full_LGBM_V_raw_A0_T_ratio_seed2,full,LGBM,V_raw,A0,T_ratio,0.0001662,2,holdout,-1,val,109,32,0,0,0.031123281857776
full_LGBM_V_raw_A0_T_ratio_seed2,full,LGBM,V_raw,A0,T_ratio,0.0001662,2,holdout,-1,val,114,32,0,0,0.1176971307513261
full_LGBM_V_raw_A0_T_ratio_seed2,full,LGBM,V_raw,A0,T_ratio,0.0001662,2,holdout,-1,val,31,13,1,1,0.9793084628328204
full_LGBM_V_raw_A0_T_ratio_seed2,full,LGBM,V_raw,A0,T_ratio,0.0001662,2,holdout,-1,val,204,51,1,1,0.7393384701917547
full_LGBM_V_raw_A0_T_ratio_seed2,full,LGBM,V_raw,A0,T_ratio,0.0001662,2,holdout,-1,val,83,30,0,1,0.8335277470603061
full_LGBM_V_raw_A0_T_ratio_seed2,full,LGBM,V_raw,A0,T_ratio,0.0001662,2,holdout,-1,val,106,32,1,0,0.4252219647032249
full_LGBM_V_raw_A0_T_ratio_seed2,full,LGBM,V_raw,A0,T_ratio,0.0001662,2,holdout,-1,val,104,32,0,0,0.0562449431722702
full_LGBM_V_raw_A0_T_ratio_seed2,full,LGBM,V_raw,A0,T_ratio,0.0001662,2,holdout,-1,val,47,20,0,0,0.3208830579286718
full_LGBM_V_raw_A0_T_ratio_seed2,full,LGBM,V_raw,A0,T_ratio,0.0001662,2,holdout,-1,val,19,7,1,0,0.1864109648042288
full_LGBM_V_raw_A0_T_ratio_seed2,full,LGBM,V_raw,A0,T_ratio,0.0001662,2,holdout,-1,val,179,45,1,1,0.9964327620322808
full_LGBM_V_raw_A0_T_ratio_seed2,full,LGBM,V_raw,A0,T_ratio,0.0001662,2,holdout,-1,val,46,20,0,0,0.0489322374133017
full_LGBM_V_raw_A0_T_ratio_seed2,full,LGBM,V_raw,A0,T_ratio,0.0001662,2,holdout,-1,val,82,29,1,1,0.8997139816019135
full_LGBM_V_raw_A0_T_ratio_seed2,full,LGBM,V_raw,A0,T_ratio,0.0001662,2,holdout,-1,val,159,40,1,1,0.9848175575140364
full_LGBM_V_raw_A0_T_ratio_seed2,full,LGBM,V_raw,A0,T_ratio,0.0001662,2,holdout,-1,val,205,51,1,1,0.8856509695071684
full_LGBM_V_raw_A0_T_ratio_seed2,full,LGBM,V_raw,A0,T_ratio,0.0001662,2,holdout,-1,val,199,50,1,0,0.214408533549474
full_LGBM_V_raw_A0_T_ratio_seed2,full,LGBM,V_raw,A0,T_ratio,0.0001662,2,holdout,-1,val,126,34,1,1,0.9876864288892004
full_LGBM_V_raw_A0_T_ratio_seed2,full,LGBM,V_raw,A0,T_ratio,0.0001662,2,holdout,-1,val,27,11,1,1,0.8758567421913173
full_LGBM_V_raw_A0_T_ratio_seed2,full,LGBM,V_raw,A0,T_ratio,0.0001662,2,holdout,-1,val,133,35,0,0,0.0390852810051622
full_LGBM_V_raw_A0_T_ratio_seed2,full,LGBM,V_raw,A0,T_ratio,0.0001662,2,holdout,-1,val,34,15,0,0,0.1092919509562759
full_LGBM_V_raw_A0_T_ratio_seed2,full,LGBM,V_raw,A0,T_ratio,0.0001662,2,holdout,-1,val,222,54,0,1,0.9436948403920892
full_LGBM_V_raw_A0_T_ratio_seed2,full,LGBM,V_raw,A0,T_ratio,0.0001662,2,holdout,-1,val,44,19,0,0,0.1803300295882111
full_LGBM_V_raw_A0_T_ratio_seed2,full,LGBM,V_raw,A0,T_ratio,0.0001662,2,holdout,-1,val,214,54,0,0,0.0686008533153097
full_LGBM_V_raw_A0_T_ratio_seed2,full,LGBM,V_raw,A0,T_ratio,0.0001662,2,holdout,-1,val,81,28,1,1,0.9522655549369596
full_LGBM_V_raw_A0_T_ratio_seed2,full,LGBM,V_raw,A0,T_ratio,0.0001662,2,holdout,-1,val,148,38,1,1,0.98773620332078
full_LGBM_V_raw_A0_T_ratio_seed2,full,LGBM,V_raw,A0,T_ratio,0.0001662,2,holdout,-1,val,61,24,1,1,0.9751684418528954
full_LGBM_V_raw_A0_T_ratio_seed2,full,LGBM,V_raw,A0,T_ratio,0.0001662,2,holdout,-1,test,96,31,1,1,0.8150045833326176
full_LGBM_V_raw_A0_T_ratio_seed2,full,LGBM,V_raw,A0,T_ratio,0.0001662,2,holdout,-1,test,63,24,1,1,0.9777292725865478
full_LGBM_V_raw_A0_T_ratio_seed2,full,LGBM,V_raw,A0,T_ratio,0.0001662,2,holdout,-1,test,89,31,0,0,0.0496279473310039
full_LGBM_V_raw_A0_T_ratio_seed2,full,LGBM,V_raw,A0,T_ratio,0.0001662,2,holdout,-1,test,110,32,0,0,0.3528635074639882
full_LGBM_V_raw_A0_T_ratio_seed2,full,LGBM,V_raw,A0,T_ratio,0.0001662,2,holdout,-1,test,28,11,1,1,0.7203946562658505
full_LGBM_V_raw_A0_T_ratio_seed2,full,LGBM,V_raw,A0,T_ratio,0.0001662,2,holdout,-1,test,107,32,1,0,0.4040219501698192
full_LGBM_V_raw_A0_T_ratio_seed2,full,LGBM,V_raw,A0,T_ratio,0.0001662,2,holdout,-1,test,155,40,1,1,0.98925143150749
full_LGBM_V_raw_A0_T_ratio_seed2,full,LGBM,V_raw,A0,T_ratio,0.0001662,2,holdout,-1,test,93,31,1,1,0.9935445137660912
full_LGBM_V_raw_A0_T_ratio_seed2,full,LGBM,V_raw,A0,T_ratio,0.0001662,2,holdout,-1,test,122,33,1,1,0.7283674396388418
full_LGBM_V_raw_A0_T_ratio_seed2,full,LGBM,V_raw,A0,T_ratio,0.0001662,2,holdout,-1,test,119,33,0,0,0.1017145598836726
full_LGBM_V_raw_A0_T_ratio_seed2,full,LGBM,V_raw,A0,T_ratio,0.0001662,2,holdout,-1,test,41,18,1,1,0.5293667184804367
full_LGBM_V_raw_A0_T_ratio_seed2,full,LGBM,V_raw,A0,T_ratio,0.0001662,2,holdout,-1,test,23,11,0,0,0.0420485421770169
full_LGBM_V_raw_A0_T_ratio_seed2,full,LGBM,V_raw,A0,T_ratio,0.0001662,2,holdout,-1,test,29,11,1,1,0.7203946562658505
full_LGBM_V_raw_A0_T_ratio_seed2,full,LGBM,V_raw,A0,T_ratio,0.0001662,2,holdout,-1,test,48,20,0,1,0.8171898449334137
full_LGBM_V_raw_A0_T_ratio_seed2,full,LGBM,V_raw,A0,T_ratio,0.0001662,2,holdout,-1,test,174,43,0,0,0.1965475126615167
full_LGBM_V_raw_A0_T_ratio_seed2,full,LGBM,V_raw,A0,T_ratio,0.0001662,2,holdout,-1,test,71,26,1,1,0.9620595491737376
full_LGBM_V_raw_A0_T_ratio_seed2,full,LGBM,V_raw,A0,T_ratio,0.0001662,2,holdout,-1,test,99,32,0,0,0.0140291133884917
full_LGBM_V_raw_A0_T_ratio_seed2,full,LGBM,V_raw,A0,T_ratio,0.0001662,2,holdout,-1,test,215,54,1,0,0.4667332883422967
full_LGBM_V_raw_A0_T_ratio_seed2,full,LGBM,V_raw,A0,T_ratio,0.0001662,2,holdout,-1,test,200,50,1,0,0.0680603800940386
full_LGBM_V_raw_A0_T_ratio_seed2,full,LGBM,V_raw,A0,T_ratio,0.0001662,2,holdout,-1,test,42,19,1,0,0.1803300295882111
full_LGBM_V_raw_A0_T_ratio_seed2,full,LGBM,V_raw,A0,T_ratio,0.0001662,2,holdout,-1,test,67,25,0,0,0.4434281181782618
full_LGBM_V_raw_A0_T_ratio_seed2,full,LGBM,V_raw,A0,T_ratio,0.0001662,2,holdout,-1,test,97,31,1,1,0.8150045833326176
full_LGBM_V_raw_A0_T_ratio_seed2,full,LGBM,V_raw,A0,T_ratio,0.0001662,2,holdout,-1,test,69,25,0,0,0.029581902152477
full_LGBM_V_raw_A0_T_ratio_seed2,full,LGBM,V_raw,A0,T_ratio,0.0001662,2,holdout,-1,test,58,22,1,1,0.8457432571002097
full_LGBM_V_raw_A0_T_ratio_seed2,full,LGBM,V_raw,A0,T_ratio,0.0001662,2,holdout,-1,test,129,35,0,0,0.0108089624628216
full_LGBM_V_raw_A0_T_ratio_seed2,full,LGBM,V_raw,A0,T_ratio,0.0001662,2,holdout,-1,test,3,1,1,1,0.8820091728990378
full_LGBM_V_raw_A0_T_ratio_seed2,full,LGBM,V_raw,A0,T_ratio,0.0001662,2,holdout,-1,test,195,49,1,1,0.6400784364805686
full_LGBM_V_raw_A0_T_ratio_seed2,full,LGBM,V_raw,A0,T_ratio,0.0001662,2,holdout,-1,test,62,24,1,1,0.9770208219397049
full_LGBM_V_raw_A0_T_ratio_seed2,full,LGBM,V_raw,A0,T_ratio,0.0001662,2,holdout,-1,test,105,32,0,0,0.4829653742044436
full_LGBM_V_raw_A0_T_ratio_seed2,full,LGBM,V_raw,A0,T_ratio,0.0001662,2,holdout,-1,test,210,54,0,1,0.9436948403920892
full_LGBM_V_raw_A0_T_ratio_seed2,full,LGBM,V_raw,A0,T_ratio,0.0001662,2,holdout,-1,test,112,32,1,0,0.1720393564488379
full_LGBM_V_raw_A0_T_ratio_seed2,full,LGBM,V_raw,A0,T_ratio,0.0001662,2,holdout,-1,test,203,51,1,1,0.9297766360529832
full_LGBM_V_raw_A0_T_ratio_seed2,full,LGBM,V_raw,A0,T_ratio,0.0001662,2,holdout,-1,test,164,41,1,1,0.9510482520153626
full_CB_V_raw_A0_T_ratio_seed2,full,CB,V_raw,A0,T_ratio,0.0001662,2,holdout,-1,val,151,38,1,1,0.9828627676806272
full_CB_V_raw_A0_T_ratio_seed2,full,CB,V_raw,A0,T_ratio,0.0001662,2,holdout,-1,val,123,34,0,0,0.0558270925720571
full_CB_V_raw_A0_T_ratio_seed2,full,CB,V_raw,A0,T_ratio,0.0001662,2,holdout,-1,val,212,54,1,1,0.9855163787513788
full_CB_V_raw_A0_T_ratio_seed2,full,CB,V_raw,A0,T_ratio,0.0001662,2,holdout,-1,val,144,37,1,1,0.9929723715295924
full_CB_V_raw_A0_T_ratio_seed2,full,CB,V_raw,A0,T_ratio,0.0001662,2,holdout,-1,val,54,21,1,1,0.9916153310176876
full_CB_V_raw_A0_T_ratio_seed2,full,CB,V_raw,A0,T_ratio,0.0001662,2,holdout,-1,val,6,1,1,1,0.9745471715306104
full_CB_V_raw_A0_T_ratio_seed2,full,CB,V_raw,A0,T_ratio,0.0001662,2,holdout,-1,val,57,22,1,1,0.8233365388386358
full_CB_V_raw_A0_T_ratio_seed2,full,CB,V_raw,A0,T_ratio,0.0001662,2,holdout,-1,val,18,6,1,1,0.9726345017146968
full_CB_V_raw_A0_T_ratio_seed2,full,CB,V_raw,A0,T_ratio,0.0001662,2,holdout,-1,val,109,32,0,0,0.0154981690418007
full_CB_V_raw_A0_T_ratio_seed2,full,CB,V_raw,A0,T_ratio,0.0001662,2,holdout,-1,val,114,32,0,0,0.0575713797544495
full_CB_V_raw_A0_T_ratio_seed2,full,CB,V_raw,A0,T_ratio,0.0001662,2,holdout,-1,val,31,13,1,1,0.9734444474891852
full_CB_V_raw_A0_T_ratio_seed2,full,CB,V_raw,A0,T_ratio,0.0001662,2,holdout,-1,val,204,51,1,1,0.9455448140634216
full_CB_V_raw_A0_T_ratio_seed2,full,CB,V_raw,A0,T_ratio,0.0001662,2,holdout,-1,val,83,30,0,1,0.7655186831730462
full_CB_V_raw_A0_T_ratio_seed2,full,CB,V_raw,A0,T_ratio,0.0001662,2,holdout,-1,val,106,32,1,0,0.2710722342165452
full_CB_V_raw_A0_T_ratio_seed2,full,CB,V_raw,A0,T_ratio,0.0001662,2,holdout,-1,val,104,32,0,0,0.0143555318836336
full_CB_V_raw_A0_T_ratio_seed2,full,CB,V_raw,A0,T_ratio,0.0001662,2,holdout,-1,val,47,20,0,0,0.2849788423246358
full_CB_V_raw_A0_T_ratio_seed2,full,CB,V_raw,A0,T_ratio,0.0001662,2,holdout,-1,val,19,7,1,1,0.6220863139683654
full_CB_V_raw_A0_T_ratio_seed2,full,CB,V_raw,A0,T_ratio,0.0001662,2,holdout,-1,val,179,45,1,1,0.9903104138262036
full_CB_V_raw_A0_T_ratio_seed2,full,CB,V_raw,A0,T_ratio,0.0001662,2,holdout,-1,val,46,20,0,0,0.327944243384072
full_CB_V_raw_A0_T_ratio_seed2,full,CB,V_raw,A0,T_ratio,0.0001662,2,holdout,-1,val,82,29,1,1,0.7909132161492568
full_CB_V_raw_A0_T_ratio_seed2,full,CB,V_raw,A0,T_ratio,0.0001662,2,holdout,-1,val,159,40,1,1,0.9887114848391516
full_CB_V_raw_A0_T_ratio_seed2,full,CB,V_raw,A0,T_ratio,0.0001662,2,holdout,-1,val,205,51,1,1,0.8704686018199507
full_CB_V_raw_A0_T_ratio_seed2,full,CB,V_raw,A0,T_ratio,0.0001662,2,holdout,-1,val,199,50,1,0,0.1837895394573924
full_CB_V_raw_A0_T_ratio_seed2,full,CB,V_raw,A0,T_ratio,0.0001662,2,holdout,-1,val,126,34,1,1,0.9946583477665956
full_CB_V_raw_A0_T_ratio_seed2,full,CB,V_raw,A0,T_ratio,0.0001662,2,holdout,-1,val,27,11,1,1,0.7853018857837343
full_CB_V_raw_A0_T_ratio_seed2,full,CB,V_raw,A0,T_ratio,0.0001662,2,holdout,-1,val,133,35,0,0,0.052465290449511
full_CB_V_raw_A0_T_ratio_seed2,full,CB,V_raw,A0,T_ratio,0.0001662,2,holdout,-1,val,34,15,0,0,0.1056144158236407
full_CB_V_raw_A0_T_ratio_seed2,full,CB,V_raw,A0,T_ratio,0.0001662,2,holdout,-1,val,222,54,0,1,0.9668053965603586
full_CB_V_raw_A0_T_ratio_seed2,full,CB,V_raw,A0,T_ratio,0.0001662,2,holdout,-1,val,44,19,0,0,0.2434141972384279
full_CB_V_raw_A0_T_ratio_seed2,full,CB,V_raw,A0,T_ratio,0.0001662,2,holdout,-1,val,214,54,0,0,0.132504403665841
full_CB_V_raw_A0_T_ratio_seed2,full,CB,V_raw,A0,T_ratio,0.0001662,2,holdout,-1,val,81,28,1,1,0.91787286091408
full_CB_V_raw_A0_T_ratio_seed2,full,CB,V_raw,A0,T_ratio,0.0001662,2,holdout,-1,val,148,38,1,1,0.98349673268609
full_CB_V_raw_A0_T_ratio_seed2,full,CB,V_raw,A0,T_ratio,0.0001662,2,holdout,-1,val,61,24,1,1,0.949692736417442
full_CB_V_raw_A0_T_ratio_seed2,full,CB,V_raw,A0,T_ratio,0.0001662,2,holdout,-1,test,96,31,1,1,0.6356344180489929
full_CB_V_raw_A0_T_ratio_seed2,full,CB,V_raw,A0,T_ratio,0.0001662,2,holdout,-1,test,63,24,1,1,0.9486567891184938
full_CB_V_raw_A0_T_ratio_seed2,full,CB,V_raw,A0,T_ratio,0.0001662,2,holdout,-1,test,89,31,0,0,0.0310646120368226
full_CB_V_raw_A0_T_ratio_seed2,full,CB,V_raw,A0,T_ratio,0.0001662,2,holdout,-1,test,110,32,0,0,0.1487224389377265
full_CB_V_raw_A0_T_ratio_seed2,full,CB,V_raw,A0,T_ratio,0.0001662,2,holdout,-1,test,28,11,1,0,0.2920899019871517
full_CB_V_raw_A0_T_ratio_seed2,full,CB,V_raw,A0,T_ratio,0.0001662,2,holdout,-1,test,107,32,1,0,0.3184962915373421
full_CB_V_raw_A0_T_ratio_seed2,full,CB,V_raw,A0,T_ratio,0.0001662,2,holdout,-1,test,155,40,1,1,0.9909622427791576
full_CB_V_raw_A0_T_ratio_seed2,full,CB,V_raw,A0,T_ratio,0.0001662,2,holdout,-1,test,93,31,1,1,0.985018577079508
full_CB_V_raw_A0_T_ratio_seed2,full,CB,V_raw,A0,T_ratio,0.0001662,2,holdout,-1,test,122,33,1,1,0.7825028933227078
full_CB_V_raw_A0_T_ratio_seed2,full,CB,V_raw,A0,T_ratio,0.0001662,2,holdout,-1,test,119,33,0,0,0.0738431548198958
full_CB_V_raw_A0_T_ratio_seed2,full,CB,V_raw,A0,T_ratio,0.0001662,2,holdout,-1,test,41,18,1,1,0.5322429871153063
full_CB_V_raw_A0_T_ratio_seed2,full,CB,V_raw,A0,T_ratio,0.0001662,2,holdout,-1,test,23,11,0,0,0.2326929627827191
full_CB_V_raw_A0_T_ratio_seed2,full,CB,V_raw,A0,T_ratio,0.0001662,2,holdout,-1,test,29,11,1,0,0.2954294482521621
full_CB_V_raw_A0_T_ratio_seed2,full,CB,V_raw,A0,T_ratio,0.0001662,2,holdout,-1,test,48,20,0,1,0.6468479057796137
full_CB_V_raw_A0_T_ratio_seed2,full,CB,V_raw,A0,T_ratio,0.0001662,2,holdout,-1,test,174,43,0,0,0.0923684947318342
full_CB_V_raw_A0_T_ratio_seed2,full,CB,V_raw,A0,T_ratio,0.0001662,2,holdout,-1,test,71,26,1,1,0.9788157062743186
full_CB_V_raw_A0_T_ratio_seed2,full,CB,V_raw,A0,T_ratio,0.0001662,2,holdout,-1,test,99,32,0,0,0.006262637556967
full_CB_V_raw_A0_T_ratio_seed2,full,CB,V_raw,A0,T_ratio,0.0001662,2,holdout,-1,test,215,54,1,0,0.4661317678998564
full_CB_V_raw_A0_T_ratio_seed2,full,CB,V_raw,A0,T_ratio,0.0001662,2,holdout,-1,test,200,50,1,0,0.0968638247452621
full_CB_V_raw_A0_T_ratio_seed2,full,CB,V_raw,A0,T_ratio,0.0001662,2,holdout,-1,test,42,19,1,0,0.2080606894427972
full_CB_V_raw_A0_T_ratio_seed2,full,CB,V_raw,A0,T_ratio,0.0001662,2,holdout,-1,test,67,25,0,0,0.2099596473428293
full_CB_V_raw_A0_T_ratio_seed2,full,CB,V_raw,A0,T_ratio,0.0001662,2,holdout,-1,test,97,31,1,1,0.6310669728634886
full_CB_V_raw_A0_T_ratio_seed2,full,CB,V_raw,A0,T_ratio,0.0001662,2,holdout,-1,test,69,25,0,0,0.0398903396421446
full_CB_V_raw_A0_T_ratio_seed2,full,CB,V_raw,A0,T_ratio,0.0001662,2,holdout,-1,test,58,22,1,1,0.8352937586479394
full_CB_V_raw_A0_T_ratio_seed2,full,CB,V_raw,A0,T_ratio,0.0001662,2,holdout,-1,test,129,35,0,0,0.0165830150116543
full_CB_V_raw_A0_T_ratio_seed2,full,CB,V_raw,A0,T_ratio,0.0001662,2,holdout,-1,test,3,1,1,1,0.9438235632893952
full_CB_V_raw_A0_T_ratio_seed2,full,CB,V_raw,A0,T_ratio,0.0001662,2,holdout,-1,test,195,49,1,1,0.5660554994600214
full_CB_V_raw_A0_T_ratio_seed2,full,CB,V_raw,A0,T_ratio,0.0001662,2,holdout,-1,test,62,24,1,1,0.9512119108960242
full_CB_V_raw_A0_T_ratio_seed2,full,CB,V_raw,A0,T_ratio,0.0001662,2,holdout,-1,test,105,32,0,0,0.2241878759373781
full_CB_V_raw_A0_T_ratio_seed2,full,CB,V_raw,A0,T_ratio,0.0001662,2,holdout,-1,test,210,54,0,1,0.9668053965603586
full_CB_V_raw_A0_T_ratio_seed2,full,CB,V_raw,A0,T_ratio,0.0001662,2,holdout,-1,test,112,32,1,0,0.1739872249659465
full_CB_V_raw_A0_T_ratio_seed2,full,CB,V_raw,A0,T_ratio,0.0001662,2,holdout,-1,test,203,51,1,1,0.9504706040602852
full_CB_V_raw_A0_T_ratio_seed2,full,CB,V_raw,A0,T_ratio,0.0001662,2,holdout,-1,test,164,41,1,1,0.9152419380195868
full_DT_V_raw_A0_T_ratio_seed3,full,DT,V_raw,A0,T_ratio,0.0001662,3,holdout,-1,val,77,28,0,1,1.0
full_DT_V_raw_A0_T_ratio_seed3,full,DT,V_raw,A0,T_ratio,0.0001662,3,holdout,-1,val,97,31,1,1,0.9545454545454546
full_DT_V_raw_A0_T_ratio_seed3,full,DT,V_raw,A0,T_ratio,0.0001662,3,holdout,-1,val,150,38,1,1,0.9545454545454546
full_DT_V_raw_A0_T_ratio_seed3,full,DT,V_raw,A0,T_ratio,0.0001662,3,holdout,-1,val,197,49,1,1,0.9545454545454546
full_DT_V_raw_A0_T_ratio_seed3,full,DT,V_raw,A0,T_ratio,0.0001662,3,holdout,-1,val,161,40,1,1,1.0
full_DT_V_raw_A0_T_ratio_seed3,full,DT,V_raw,A0,T_ratio,0.0001662,3,holdout,-1,val,167,41,1,1,0.75
full_DT_V_raw_A0_T_ratio_seed3,full,DT,V_raw,A0,T_ratio,0.0001662,3,holdout,-1,val,216,54,1,1,0.9545454545454546
full_DT_V_raw_A0_T_ratio_seed3,full,DT,V_raw,A0,T_ratio,0.0001662,3,holdout,-1,val,218,54,1,1,1.0
full_DT_V_raw_A0_T_ratio_seed3,full,DT,V_raw,A0,T_ratio,0.0001662,3,holdout,-1,val,82,29,1,1,1.0
full_DT_V_raw_A0_T_ratio_seed3,full,DT,V_raw,A0,T_ratio,0.0001662,3,holdout,-1,val,88,30,1,1,0.75
full_DT_V_raw_A0_T_ratio_seed3,full,DT,V_raw,A0,T_ratio,0.0001662,3,holdout,-1,val,122,33,1,1,0.6666666666666666
full_DT_V_raw_A0_T_ratio_seed3,full,DT,V_raw,A0,T_ratio,0.0001662,3,holdout,-1,val,47,20,0,0,0.5
full_DT_V_raw_A0_T_ratio_seed3,full,DT,V_raw,A0,T_ratio,0.0001662,3,holdout,-1,val,184,47,1,1,0.75
full_DT_V_raw_A0_T_ratio_seed3,full,DT,V_raw,A0,T_ratio,0.0001662,3,holdout,-1,val,185,47,1,1,0.75
full_DT_V_raw_A0_T_ratio_seed3,full,DT,V_raw,A0,T_ratio,0.0001662,3,holdout,-1,val,37,16,1,1,0.6
full_DT_V_raw_A0_T_ratio_seed3,full,DT,V_raw,A0,T_ratio,0.0001662,3,holdout,-1,val,131,35,0,0,0.2
full_DT_V_raw_A0_T_ratio_seed3,full,DT,V_raw,A0,T_ratio,0.0001662,3,holdout,-1,val,27,11,1,1,0.9545454545454546
full_DT_V_raw_A0_T_ratio_seed3,full,DT,V_raw,A0,T_ratio,0.0001662,3,holdout,-1,val,133,35,0,1,0.6666666666666666
full_DT_V_raw_A0_T_ratio_seed3,full,DT,V_raw,A0,T_ratio,0.0001662,3,holdout,-1,val,13,4,0,0,0.5
full_DT_V_raw_A0_T_ratio_seed3,full,DT,V_raw,A0,T_ratio,0.0001662,3,holdout,-1,val,89,31,0,0,0.0
full_DT_V_raw_A0_T_ratio_seed3,full,DT,V_raw,A0,T_ratio,0.0001662,3,holdout,-1,val,4,1,1,1,1.0
full_DT_V_raw_A0_T_ratio_seed3,full,DT,V_raw,A0,T_ratio,0.0001662,3,holdout,-1,val,34,15,0,0,0.0
full_DT_V_raw_A0_T_ratio_seed3,full,DT,V_raw,A0,T_ratio,0.0001662,3,holdout,-1,val,58,22,1,0,0.0714285714285714
full_DT_V_raw_A0_T_ratio_seed3,full,DT,V_raw,A0,T_ratio,0.0001662,3,holdout,-1,val,76,27,0,0,0.1428571428571428
full_DT_V_raw_A0_T_ratio_seed3,full,DT,V_raw,A0,T_ratio,0.0001662,3,holdout,-1,val,207,54,0,0,0.0714285714285714
full_DT_V_raw_A0_T_ratio_seed3,full,DT,V_raw,A0,T_ratio,0.0001662,3,holdout,-1,val,128,34,1,1,1.0
full_DT_V_raw_A0_T_ratio_seed3,full,DT,V_raw,A0,T_ratio,0.0001662,3,holdout,-1,val,11,4,1,0,0.5
full_DT_V_raw_A0_T_ratio_seed3,full,DT,V_raw,A0,T_ratio,0.0001662,3,holdout,-1,val,126,34,1,1,1.0
full_DT_V_raw_A0_T_ratio_seed3,full,DT,V_raw,A0,T_ratio,0.0001662,3,holdout,-1,val,5,1,1,1,1.0
full_DT_V_raw_A0_T_ratio_seed3,full,DT,V_raw,A0,T_ratio,0.0001662,3,holdout,-1,val,9,3,0,0,0.0
full_DT_V_raw_A0_T_ratio_seed3,full,DT,V_raw,A0,T_ratio,0.0001662,3,holdout,-1,val,221,54,0,1,1.0
full_DT_V_raw_A0_T_ratio_seed3,full,DT,V_raw,A0,T_ratio,0.0001662,3,holdout,-1,val,14,4,0,0,0.5
full_DT_V_raw_A0_T_ratio_seed3,full,DT,V_raw,A0,T_ratio,0.0001662,3,holdout,-1,val,145,37,1,0,0.5
full_DT_V_raw_A0_T_ratio_seed3,full,DT,V_raw,A0,T_ratio,0.0001662,3,holdout,-1,test,55,21,1,1,1.0
full_DT_V_raw_A0_T_ratio_seed3,full,DT,V_raw,A0,T_ratio,0.0001662,3,holdout,-1,test,31,13,1,1,1.0
full_DT_V_raw_A0_T_ratio_seed3,full,DT,V_raw,A0,T_ratio,0.0001662,3,holdout,-1,test,93,31,1,1,0.9545454545454546
full_DT_V_raw_A0_T_ratio_seed3,full,DT,V_raw,A0,T_ratio,0.0001662,3,holdout,-1,test,142,37,1,0,0.5
full_DT_V_raw_A0_T_ratio_seed3,full,DT,V_raw,A0,T_ratio,0.0001662,3,holdout,-1,test,213,54,0,0,0.0714285714285714
full_DT_V_raw_A0_T_ratio_seed3,full,DT,V_raw,A0,T_ratio,0.0001662,3,holdout,-1,test,72,26,1,1,1.0
full_DT_V_raw_A0_T_ratio_seed3,full,DT,V_raw,A0,T_ratio,0.0001662,3,holdout,-1,test,66,25,0,1,0.75
full_DT_V_raw_A0_T_ratio_seed3,full,DT,V_raw,A0,T_ratio,0.0001662,3,holdout,-1,test,33,15,1,0,0.5
full_DT_V_raw_A0_T_ratio_seed3,full,DT,V_raw,A0,T_ratio,0.0001662,3,holdout,-1,test,21,9,1,0,0.0
full_DT_V_raw_A0_T_ratio_seed3,full,DT,V_raw,A0,T_ratio,0.0001662,3,holdout,-1,test,140,36,0,0,0.0714285714285714
full_DT_V_raw_A0_T_ratio_seed3,full,DT,V_raw,A0,T_ratio,0.0001662,3,holdout,-1,test,120,33,1,1,0.75
full_DT_V_raw_A0_T_ratio_seed3,full,DT,V_raw,A0,T_ratio,0.0001662,3,holdout,-1,test,94,31,1,1,0.9545454545454546
full_DT_V_raw_A0_T_ratio_seed3,full,DT,V_raw,A0,T_ratio,0.0001662,3,holdout,-1,test,68,25,0,1,0.75
full_DT_V_raw_A0_T_ratio_seed3,full,DT,V_raw,A0,T_ratio,0.0001662,3,holdout,-1,test,199,50,1,1,1.0
full_DT_V_raw_A0_T_ratio_seed3,full,DT,V_raw,A0,T_ratio,0.0001662,3,holdout,-1,test,181,45,1,1,1.0
full_DT_V_raw_A0_T_ratio_seed3,full,DT,V_raw,A0,T_ratio,0.0001662,3,holdout,-1,test,108,32,0,0,0.5
full_DT_V_raw_A0_T_ratio_seed3,full,DT,V_raw,A0,T_ratio,0.0001662,3,holdout,-1,test,2,1,0,0,0.0
full_DT_V_raw_A0_T_ratio_seed3,full,DT,V_raw,A0,T_ratio,0.0001662,3,holdout,-1,test,12,4,0,0,0.0
full_DT_V_raw_A0_T_ratio_seed3,full,DT,V_raw,A0,T_ratio,0.0001662,3,holdout,-1,test,62,24,1,1,1.0
full_DT_V_raw_A0_T_ratio_seed3,full,DT,V_raw,A0,T_ratio,0.0001662,3,holdout,-1,test,168,41,1,1,0.75
full_DT_V_raw_A0_T_ratio_seed3,full,DT,V_raw,A0,T_ratio,0.0001662,3,holdout,-1,test,51,21,1,1,1.0
full_DT_V_raw_A0_T_ratio_seed3,full,DT,V_raw,A0,T_ratio,0.0001662,3,holdout,-1,test,154,40,1,1,1.0
full_DT_V_raw_A0_T_ratio_seed3,full,DT,V_raw,A0,T_ratio,0.0001662,3,holdout,-1,test,73,27,0,0,0.2
full_DT_V_raw_A0_T_ratio_seed3,full,DT,V_raw,A0,T_ratio,0.0001662,3,holdout,-1,test,182,46,1,0,0.5
full_DT_V_raw_A0_T_ratio_seed3,full,DT,V_raw,A0,T_ratio,0.0001662,3,holdout,-1,test,20,8,1,0,0.0714285714285714
full_DT_V_raw_A0_T_ratio_seed3,full,DT,V_raw,A0,T_ratio,0.0001662,3,holdout,-1,test,103,32,0,0,0.5
full_DT_V_raw_A0_T_ratio_seed3,full,DT,V_raw,A0,T_ratio,0.0001662,3,holdout,-1,test,28,11,1,1,0.9545454545454546
full_DT_V_raw_A0_T_ratio_seed3,full,DT,V_raw,A0,T_ratio,0.0001662,3,holdout,-1,test,67,25,0,1,0.75
full_DT_V_raw_A0_T_ratio_seed3,full,DT,V_raw,A0,T_ratio,0.0001662,3,holdout,-1,test,39,18,0,1,1.0
full_DT_V_raw_A0_T_ratio_seed3,full,DT,V_raw,A0,T_ratio,0.0001662,3,holdout,-1,test,19,7,1,1,0.75
full_DT_V_raw_A0_T_ratio_seed3,full,DT,V_raw,A0,T_ratio,0.0001662,3,holdout,-1,test,210,54,0,1,0.9545454545454546
full_DT_V_raw_A0_T_ratio_seed3,full,DT,V_raw,A0,T_ratio,0.0001662,3,holdout,-1,test,134,36,1,1,0.9545454545454546
full_DT_V_raw_A0_T_ratio_seed3,full,DT,V_raw,A0,T_ratio,0.0001662,3,holdout,-1,test,146,38,1,1,0.9545454545454546
full_RF_V_raw_A0_T_ratio_seed3,full,RF,V_raw,A0,T_ratio,0.0001662,3,holdout,-1,val,77,28,0,1,0.9633333333333334
full_RF_V_raw_A0_T_ratio_seed3,full,RF,V_raw,A0,T_ratio,0.0001662,3,holdout,-1,val,97,31,1,1,0.8733333333333333
full_RF_V_raw_A0_T_ratio_seed3,full,RF,V_raw,A0,T_ratio,0.0001662,3,holdout,-1,val,150,38,1,1,0.9866666666666668
full_RF_V_raw_A0_T_ratio_seed3,full,RF,V_raw,A0,T_ratio,0.0001662,3,holdout,-1,val,197,49,1,1,0.9066666666666666
full_RF_V_raw_A0_T_ratio_seed3,full,RF,V_raw,A0,T_ratio,0.0001662,3,holdout,-1,val,161,40,1,1,1.0
full_RF_V_raw_A0_T_ratio_seed3,full,RF,V_raw,A0,T_ratio,0.0001662,3,holdout,-1,val,167,41,1,1,0.93
full_RF_V_raw_A0_T_ratio_seed3,full,RF,V_raw,A0,T_ratio,0.0001662,3,holdout,-1,val,216,54,1,0,0.34
full_RF_V_raw_A0_T_ratio_seed3,full,RF,V_raw,A0,T_ratio,0.0001662,3,holdout,-1,val,218,54,1,1,0.9966666666666668
full_RF_V_raw_A0_T_ratio_seed3,full,RF,V_raw,A0,T_ratio,0.0001662,3,holdout,-1,val,82,29,1,1,0.71
full_RF_V_raw_A0_T_ratio_seed3,full,RF,V_raw,A0,T_ratio,0.0001662,3,holdout,-1,val,88,30,1,1,0.9433333333333334
full_RF_V_raw_A0_T_ratio_seed3,full,RF,V_raw,A0,T_ratio,0.0001662,3,holdout,-1,val,122,33,1,1,0.6533333333333333
full_RF_V_raw_A0_T_ratio_seed3,full,RF,V_raw,A0,T_ratio,0.0001662,3,holdout,-1,val,47,20,0,0,0.14
full_RF_V_raw_A0_T_ratio_seed3,full,RF,V_raw,A0,T_ratio,0.0001662,3,holdout,-1,val,184,47,1,1,0.6266666666666667
full_RF_V_raw_A0_T_ratio_seed3,full,RF,V_raw,A0,T_ratio,0.0001662,3,holdout,-1,val,185,47,1,1,0.5166666666666667
full_RF_V_raw_A0_T_ratio_seed3,full,RF,V_raw,A0,T_ratio,0.0001662,3,holdout,-1,val,37,16,1,1,0.8766666666666667
full_RF_V_raw_A0_T_ratio_seed3,full,RF,V_raw,A0,T_ratio,0.0001662,3,holdout,-1,val,131,35,0,0,0.07
full_RF_V_raw_A0_T_ratio_seed3,full,RF,V_raw,A0,T_ratio,0.0001662,3,holdout,-1,val,27,11,1,1,0.8833333333333333
full_RF_V_raw_A0_T_ratio_seed3,full,RF,V_raw,A0,T_ratio,0.0001662,3,holdout,-1,val,133,35,0,0,0.1233333333333333
full_RF_V_raw_A0_T_ratio_seed3,full,RF,V_raw,A0,T_ratio,0.0001662,3,holdout,-1,val,13,4,0,0,0.23
full_RF_V_raw_A0_T_ratio_seed3,full,RF,V_raw,A0,T_ratio,0.0001662,3,holdout,-1,val,89,31,0,0,0.03
full_RF_V_raw_A0_T_ratio_seed3,full,RF,V_raw,A0,T_ratio,0.0001662,3,holdout,-1,val,4,1,1,1,0.97
full_RF_V_raw_A0_T_ratio_seed3,full,RF,V_raw,A0,T_ratio,0.0001662,3,holdout,-1,val,34,15,0,0,0.0866666666666666
full_RF_V_raw_A0_T_ratio_seed3,full,RF,V_raw,A0,T_ratio,0.0001662,3,holdout,-1,val,58,22,1,1,0.7433333333333333
full_RF_V_raw_A0_T_ratio_seed3,full,RF,V_raw,A0,T_ratio,0.0001662,3,holdout,-1,val,76,27,0,0,0.1166666666666666
full_RF_V_raw_A0_T_ratio_seed3,full,RF,V_raw,A0,T_ratio,0.0001662,3,holdout,-1,val,207,54,0,0,0.02
full_RF_V_raw_A0_T_ratio_seed3,full,RF,V_raw,A0,T_ratio,0.0001662,3,holdout,-1,val,128,34,1,1,0.91
full_RF_V_raw_A0_T_ratio_seed3,full,RF,V_raw,A0,T_ratio,0.0001662,3,holdout,-1,val,11,4,1,0,0.1833333333333333
full_RF_V_raw_A0_T_ratio_seed3,full,RF,V_raw,A0,T_ratio,0.0001662,3,holdout,-1,val,126,34,1,1,0.9933333333333332
full_RF_V_raw_A0_T_ratio_seed3,full,RF,V_raw,A0,T_ratio,0.0001662,3,holdout,-1,val,5,1,1,1,0.98
full_RF_V_raw_A0_T_ratio_seed3,full,RF,V_raw,A0,T_ratio,0.0001662,3,holdout,-1,val,9,3,0,0,0.0466666666666666
full_RF_V_raw_A0_T_ratio_seed3,full,RF,V_raw,A0,T_ratio,0.0001662,3,holdout,-1,val,221,54,0,1,0.8866666666666667
full_RF_V_raw_A0_T_ratio_seed3,full,RF,V_raw,A0,T_ratio,0.0001662,3,holdout,-1,val,14,4,0,0,0.2466666666666666
full_RF_V_raw_A0_T_ratio_seed3,full,RF,V_raw,A0,T_ratio,0.0001662,3,holdout,-1,val,145,37,1,1,0.78
full_RF_V_raw_A0_T_ratio_seed3,full,RF,V_raw,A0,T_ratio,0.0001662,3,holdout,-1,test,55,21,1,1,0.7533333333333333
full_RF_V_raw_A0_T_ratio_seed3,full,RF,V_raw,A0,T_ratio,0.0001662,3,holdout,-1,test,31,13,1,1,0.9166666666666666
full_RF_V_raw_A0_T_ratio_seed3,full,RF,V_raw,A0,T_ratio,0.0001662,3,holdout,-1,test,93,31,1,1,0.9533333333333334
full_RF_V_raw_A0_T_ratio_seed3,full,RF,V_raw,A0,T_ratio,0.0001662,3,holdout,-1,test,142,37,1,0,0.4366666666666666
full_RF_V_raw_A0_T_ratio_seed3,full,RF,V_raw,A0,T_ratio,0.0001662,3,holdout,-1,test,213,54,0,0,0.02
full_RF_V_raw_A0_T_ratio_seed3,full,RF,V_raw,A0,T_ratio,0.0001662,3,holdout,-1,test,72,26,1,1,0.73
full_RF_V_raw_A0_T_ratio_seed3,full,RF,V_raw,A0,T_ratio,0.0001662,3,holdout,-1,test,66,25,0,1,0.76
full_RF_V_raw_A0_T_ratio_seed3,full,RF,V_raw,A0,T_ratio,0.0001662,3,holdout,-1,test,33,15,1,1,0.6466666666666666
full_RF_V_raw_A0_T_ratio_seed3,full,RF,V_raw,A0,T_ratio,0.0001662,3,holdout,-1,test,21,9,1,1,0.5033333333333333
full_RF_V_raw_A0_T_ratio_seed3,full,RF,V_raw,A0,T_ratio,0.0001662,3,holdout,-1,test,140,36,0,0,0.0533333333333333
full_RF_V_raw_A0_T_ratio_seed3,full,RF,V_raw,A0,T_ratio,0.0001662,3,holdout,-1,test,120,33,1,1,0.7833333333333333
full_RF_V_raw_A0_T_ratio_seed3,full,RF,V_raw,A0,T_ratio,0.0001662,3,holdout,-1,test,94,31,1,1,0.97
full_RF_V_raw_A0_T_ratio_seed3,full,RF,V_raw,A0,T_ratio,0.0001662,3,holdout,-1,test,68,25,0,1,0.7366666666666667
full_RF_V_raw_A0_T_ratio_seed3,full,RF,V_raw,A0,T_ratio,0.0001662,3,holdout,-1,test,199,50,1,1,0.6366666666666667
full_RF_V_raw_A0_T_ratio_seed3,full,RF,V_raw,A0,T_ratio,0.0001662,3,holdout,-1,test,181,45,1,1,0.9366666666666666
full_RF_V_raw_A0_T_ratio_seed3,full,RF,V_raw,A0,T_ratio,0.0001662,3,holdout,-1,test,108,32,0,1,0.66
full_RF_V_raw_A0_T_ratio_seed3,full,RF,V_raw,A0,T_ratio,0.0001662,3,holdout,-1,test,2,1,0,0,0.09
full_RF_V_raw_A0_T_ratio_seed3,full,RF,V_raw,A0,T_ratio,0.0001662,3,holdout,-1,test,12,4,0,0,0.0733333333333333
full_RF_V_raw_A0_T_ratio_seed3,full,RF,V_raw,A0,T_ratio,0.0001662,3,holdout,-1,test,62,24,1,1,0.9666666666666668
full_RF_V_raw_A0_T_ratio_seed3,full,RF,V_raw,A0,T_ratio,0.0001662,3,holdout,-1,test,168,41,1,1,0.88
full_RF_V_raw_A0_T_ratio_seed3,full,RF,V_raw,A0,T_ratio,0.0001662,3,holdout,-1,test,51,21,1,1,0.8
full_RF_V_raw_A0_T_ratio_seed3,full,RF,V_raw,A0,T_ratio,0.0001662,3,holdout,-1,test,154,40,1,1,1.0
full_RF_V_raw_A0_T_ratio_seed3,full,RF,V_raw,A0,T_ratio,0.0001662,3,holdout,-1,test,73,27,0,0,0.1833333333333333
full_RF_V_raw_A0_T_ratio_seed3,full,RF,V_raw,A0,T_ratio,0.0001662,3,holdout,-1,test,182,46,1,1,0.72
full_RF_V_raw_A0_T_ratio_seed3,full,RF,V_raw,A0,T_ratio,0.0001662,3,holdout,-1,test,20,8,1,1,0.6
full_RF_V_raw_A0_T_ratio_seed3,full,RF,V_raw,A0,T_ratio,0.0001662,3,holdout,-1,test,103,32,0,0,0.2533333333333333
full_RF_V_raw_A0_T_ratio_seed3,full,RF,V_raw,A0,T_ratio,0.0001662,3,holdout,-1,test,28,11,1,1,0.8966666666666666
full_RF_V_raw_A0_T_ratio_seed3,full,RF,V_raw,A0,T_ratio,0.0001662,3,holdout,-1,test,67,25,0,1,0.7033333333333334
full_RF_V_raw_A0_T_ratio_seed3,full,RF,V_raw,A0,T_ratio,0.0001662,3,holdout,-1,test,39,18,0,1,0.9766666666666668
full_RF_V_raw_A0_T_ratio_seed3,full,RF,V_raw,A0,T_ratio,0.0001662,3,holdout,-1,test,19,7,1,1,0.6066666666666667
full_RF_V_raw_A0_T_ratio_seed3,full,RF,V_raw,A0,T_ratio,0.0001662,3,holdout,-1,test,210,54,0,0,0.34
full_RF_V_raw_A0_T_ratio_seed3,full,RF,V_raw,A0,T_ratio,0.0001662,3,holdout,-1,test,134,36,1,1,0.6366666666666667
full_RF_V_raw_A0_T_ratio_seed3,full,RF,V_raw,A0,T_ratio,0.0001662,3,holdout,-1,test,146,38,1,1,0.9733333333333334
full_LGBM_V_raw_A0_T_ratio_seed3,full,LGBM,V_raw,A0,T_ratio,0.0001662,3,holdout,-1,val,77,28,0,1,0.9860723811725556
full_LGBM_V_raw_A0_T_ratio_seed3,full,LGBM,V_raw,A0,T_ratio,0.0001662,3,holdout,-1,val,97,31,1,1,0.9155745125318472
full_LGBM_V_raw_A0_T_ratio_seed3,full,LGBM,V_raw,A0,T_ratio,0.0001662,3,holdout,-1,val,150,38,1,1,0.9286998836699776
full_LGBM_V_raw_A0_T_ratio_seed3,full,LGBM,V_raw,A0,T_ratio,0.0001662,3,holdout,-1,val,197,49,1,1,0.988269282071135
full_LGBM_V_raw_A0_T_ratio_seed3,full,LGBM,V_raw,A0,T_ratio,0.0001662,3,holdout,-1,val,161,40,1,1,0.9909006960575704
full_LGBM_V_raw_A0_T_ratio_seed3,full,LGBM,V_raw,A0,T_ratio,0.0001662,3,holdout,-1,val,167,41,1,1,0.9042436709701158
full_LGBM_V_raw_A0_T_ratio_seed3,full,LGBM,V_raw,A0,T_ratio,0.0001662,3,holdout,-1,val,216,54,1,0,0.3631582142291369
full_LGBM_V_raw_A0_T_ratio_seed3,full,LGBM,V_raw,A0,T_ratio,0.0001662,3,holdout,-1,val,218,54,1,1,0.989324521040426
full_LGBM_V_raw_A0_T_ratio_seed3,full,LGBM,V_raw,A0,T_ratio,0.0001662,3,holdout,-1,val,82,29,1,1,0.989209526411764
full_LGBM_V_raw_A0_T_ratio_seed3,full,LGBM,V_raw,A0,T_ratio,0.0001662,3,holdout,-1,val,88,30,1,1,0.9350316334428744
full_LGBM_V_raw_A0_T_ratio_seed3,full,LGBM,V_raw,A0,T_ratio,0.0001662,3,holdout,-1,val,122,33,1,1,0.8231536005318628
full_LGBM_V_raw_A0_T_ratio_seed3,full,LGBM,V_raw,A0,T_ratio,0.0001662,3,holdout,-1,val,47,20,0,0,0.0653599601913011
full_LGBM_V_raw_A0_T_ratio_seed3,full,LGBM,V_raw,A0,T_ratio,0.0001662,3,holdout,-1,val,184,47,1,1,0.7117930771553385
full_LGBM_V_raw_A0_T_ratio_seed3,full,LGBM,V_raw,A0,T_ratio,0.0001662,3,holdout,-1,val,185,47,1,1,0.654282309479681
full_LGBM_V_raw_A0_T_ratio_seed3,full,LGBM,V_raw,A0,T_ratio,0.0001662,3,holdout,-1,val,37,16,1,1,0.9898351589061894
full_LGBM_V_raw_A0_T_ratio_seed3,full,LGBM,V_raw,A0,T_ratio,0.0001662,3,holdout,-1,val,131,35,0,0,0.031359900073073
full_LGBM_V_raw_A0_T_ratio_seed3,full,LGBM,V_raw,A0,T_ratio,0.0001662,3,holdout,-1,val,27,11,1,1,0.8859979563382153
full_LGBM_V_raw_A0_T_ratio_seed3,full,LGBM,V_raw,A0,T_ratio,0.0001662,3,holdout,-1,val,133,35,0,0,0.0938194637942141
full_LGBM_V_raw_A0_T_ratio_seed3,full,LGBM,V_raw,A0,T_ratio,0.0001662,3,holdout,-1,val,13,4,0,0,0.0275034340765191
full_LGBM_V_raw_A0_T_ratio_seed3,full,LGBM,V_raw,A0,T_ratio,0.0001662,3,holdout,-1,val,89,31,0,0,0.0353222990389167
full_LGBM_V_raw_A0_T_ratio_seed3,full,LGBM,V_raw,A0,T_ratio,0.0001662,3,holdout,-1,val,4,1,1,1,0.9968572807711136
full_LGBM_V_raw_A0_T_ratio_seed3,full,LGBM,V_raw,A0,T_ratio,0.0001662,3,holdout,-1,val,34,15,0,0,0.0100035663144151
full_LGBM_V_raw_A0_T_ratio_seed3,full,LGBM,V_raw,A0,T_ratio,0.0001662,3,holdout,-1,val,58,22,1,1,0.7851025513964528
full_LGBM_V_raw_A0_T_ratio_seed3,full,LGBM,V_raw,A0,T_ratio,0.0001662,3,holdout,-1,val,76,27,0,0,0.0769920587791756
full_LGBM_V_raw_A0_T_ratio_seed3,full,LGBM,V_raw,A0,T_ratio,0.0001662,3,holdout,-1,val,207,54,0,0,0.0267368977834897
full_LGBM_V_raw_A0_T_ratio_seed3,full,LGBM,V_raw,A0,T_ratio,0.0001662,3,holdout,-1,val,128,34,1,1,0.9819514028237344
full_LGBM_V_raw_A0_T_ratio_seed3,full,LGBM,V_raw,A0,T_ratio,0.0001662,3,holdout,-1,val,11,4,1,0,0.0152045353946086
full_LGBM_V_raw_A0_T_ratio_seed3,full,LGBM,V_raw,A0,T_ratio,0.0001662,3,holdout,-1,val,126,34,1,1,0.9935221504226968
full_LGBM_V_raw_A0_T_ratio_seed3,full,LGBM,V_raw,A0,T_ratio,0.0001662,3,holdout,-1,val,5,1,1,1,0.9974561523092276
full_LGBM_V_raw_A0_T_ratio_seed3,full,LGBM,V_raw,A0,T_ratio,0.0001662,3,holdout,-1,val,9,3,0,0,0.0362231818476101
full_LGBM_V_raw_A0_T_ratio_seed3,full,LGBM,V_raw,A0,T_ratio,0.0001662,3,holdout,-1,val,221,54,0,1,0.9232612433607844
full_LGBM_V_raw_A0_T_ratio_seed3,full,LGBM,V_raw,A0,T_ratio,0.0001662,3,holdout,-1,val,14,4,0,0,0.0511113859214219
full_LGBM_V_raw_A0_T_ratio_seed3,full,LGBM,V_raw,A0,T_ratio,0.0001662,3,holdout,-1,val,145,37,1,1,0.9582503677735577
full_LGBM_V_raw_A0_T_ratio_seed3,full,LGBM,V_raw,A0,T_ratio,0.0001662,3,holdout,-1,test,55,21,1,0,0.4924899582255379
full_LGBM_V_raw_A0_T_ratio_seed3,full,LGBM,V_raw,A0,T_ratio,0.0001662,3,holdout,-1,test,31,13,1,1,0.9982511497774452
full_LGBM_V_raw_A0_T_ratio_seed3,full,LGBM,V_raw,A0,T_ratio,0.0001662,3,holdout,-1,test,93,31,1,1,0.9903136714041428
full_LGBM_V_raw_A0_T_ratio_seed3,full,LGBM,V_raw,A0,T_ratio,0.0001662,3,holdout,-1,test,142,37,1,0,0.3066777012977921
full_LGBM_V_raw_A0_T_ratio_seed3,full,LGBM,V_raw,A0,T_ratio,0.0001662,3,holdout,-1,test,213,54,0,0,0.0267368977834897
full_LGBM_V_raw_A0_T_ratio_seed3,full,LGBM,V_raw,A0,T_ratio,0.0001662,3,holdout,-1,test,72,26,1,1,0.5130729761370671
full_LGBM_V_raw_A0_T_ratio_seed3,full,LGBM,V_raw,A0,T_ratio,0.0001662,3,holdout,-1,test,66,25,0,1,0.7823831151398505
full_LGBM_V_raw_A0_T_ratio_seed3,full,LGBM,V_raw,A0,T_ratio,0.0001662,3,holdout,-1,test,33,15,1,1,0.5215981241848542
full_LGBM_V_raw_A0_T_ratio_seed3,full,LGBM,V_raw,A0,T_ratio,0.0001662,3,holdout,-1,test,21,9,1,0,0.3941836148485523
full_LGBM_V_raw_A0_T_ratio_seed3,full,LGBM,V_raw,A0,T_ratio,0.0001662,3,holdout,-1,test,140,36,0,0,0.1081708225194059
full_LGBM_V_raw_A0_T_ratio_seed3,full,LGBM,V_raw,A0,T_ratio,0.0001662,3,holdout,-1,test,120,33,1,1,0.6994361699997675
full_LGBM_V_raw_A0_T_ratio_seed3,full,LGBM,V_raw,A0,T_ratio,0.0001662,3,holdout,-1,test,94,31,1,1,0.9893961257582844
full_LGBM_V_raw_A0_T_ratio_seed3,full,LGBM,V_raw,A0,T_ratio,0.0001662,3,holdout,-1,test,68,25,0,1,0.7823831151398505
full_LGBM_V_raw_A0_T_ratio_seed3,full,LGBM,V_raw,A0,T_ratio,0.0001662,3,holdout,-1,test,199,50,1,1,0.9470292858179415
full_LGBM_V_raw_A0_T_ratio_seed3,full,LGBM,V_raw,A0,T_ratio,0.0001662,3,holdout,-1,test,181,45,1,1,0.9878166114001103
full_LGBM_V_raw_A0_T_ratio_seed3,full,LGBM,V_raw,A0,T_ratio,0.0001662,3,holdout,-1,test,108,32,0,0,0.3204496391551458
full_LGBM_V_raw_A0_T_ratio_seed3,full,LGBM,V_raw,A0,T_ratio,0.0001662,3,holdout,-1,test,2,1,0,0,0.0465801584046775
full_LGBM_V_raw_A0_T_ratio_seed3,full,LGBM,V_raw,A0,T_ratio,0.0001662,3,holdout,-1,test,12,4,0,0,0.0068986351236111
full_LGBM_V_raw_A0_T_ratio_seed3,full,LGBM,V_raw,A0,T_ratio,0.0001662,3,holdout,-1,test,62,24,1,1,0.9949395672041734
full_LGBM_V_raw_A0_T_ratio_seed3,full,LGBM,V_raw,A0,T_ratio,0.0001662,3,holdout,-1,test,168,41,1,1,0.6295368630116437
full_LGBM_V_raw_A0_T_ratio_seed3,full,LGBM,V_raw,A0,T_ratio,0.0001662,3,holdout,-1,test,51,21,1,1,0.5282593446585967
full_LGBM_V_raw_A0_T_ratio_seed3,full,LGBM,V_raw,A0,T_ratio,0.0001662,3,holdout,-1,test,154,40,1,1,0.9906910581801444
full_LGBM_V_raw_A0_T_ratio_seed3,full,LGBM,V_raw,A0,T_ratio,0.0001662,3,holdout,-1,test,73,27,0,0,0.0725017884615435
full_LGBM_V_raw_A0_T_ratio_seed3,full,LGBM,V_raw,A0,T_ratio,0.0001662,3,holdout,-1,test,182,46,1,1,0.8579865705499417
full_LGBM_V_raw_A0_T_ratio_seed3,full,LGBM,V_raw,A0,T_ratio,0.0001662,3,holdout,-1,test,20,8,1,1,0.9749152100393236
full_LGBM_V_raw_A0_T_ratio_seed3,full,LGBM,V_raw,A0,T_ratio,0.0001662,3,holdout,-1,test,103,32,0,0,0.0934406636443535
full_LGBM_V_raw_A0_T_ratio_seed3,full,LGBM,V_raw,A0,T_ratio,0.0001662,3,holdout,-1,test,28,11,1,1,0.8854471967292762
full_LGBM_V_raw_A0_T_ratio_seed3,full,LGBM,V_raw,A0,T_ratio,0.0001662,3,holdout,-1,test,67,25,0,1,0.7895726529824546
full_LGBM_V_raw_A0_T_ratio_seed3,full,LGBM,V_raw,A0,T_ratio,0.0001662,3,holdout,-1,test,39,18,0,1,0.9874209191602168
full_LGBM_V_raw_A0_T_ratio_seed3,full,LGBM,V_raw,A0,T_ratio,0.0001662,3,holdout,-1,test,19,7,1,1,0.8387897676643783
full_LGBM_V_raw_A0_T_ratio_seed3,full,LGBM,V_raw,A0,T_ratio,0.0001662,3,holdout,-1,test,210,54,0,0,0.3631582142291369
full_LGBM_V_raw_A0_T_ratio_seed3,full,LGBM,V_raw,A0,T_ratio,0.0001662,3,holdout,-1,test,134,36,1,0,0.3322089434227274
full_LGBM_V_raw_A0_T_ratio_seed3,full,LGBM,V_raw,A0,T_ratio,0.0001662,3,holdout,-1,test,146,38,1,1,0.9802848012522626
full_CB_V_raw_A0_T_ratio_seed3,full,CB,V_raw,A0,T_ratio,0.0001662,3,holdout,-1,val,77,28,0,1,0.9633640921230328
full_CB_V_raw_A0_T_ratio_seed3,full,CB,V_raw,A0,T_ratio,0.0001662,3,holdout,-1,val,97,31,1,1,0.9458879581005508
full_CB_V_raw_A0_T_ratio_seed3,full,CB,V_raw,A0,T_ratio,0.0001662,3,holdout,-1,val,150,38,1,1,0.976255623192675
full_CB_V_raw_A0_T_ratio_seed3,full,CB,V_raw,A0,T_ratio,0.0001662,3,holdout,-1,val,197,49,1,1,0.9913974685682208
full_CB_V_raw_A0_T_ratio_seed3,full,CB,V_raw,A0,T_ratio,0.0001662,3,holdout,-1,val,161,40,1,1,0.996388211692901
full_CB_V_raw_A0_T_ratio_seed3,full,CB,V_raw,A0,T_ratio,0.0001662,3,holdout,-1,val,167,41,1,1,0.9423173182450312
full_CB_V_raw_A0_T_ratio_seed3,full,CB,V_raw,A0,T_ratio,0.0001662,3,holdout,-1,val,216,54,1,0,0.2000917848613709
full_CB_V_raw_A0_T_ratio_seed3,full,CB,V_raw,A0,T_ratio,0.0001662,3,holdout,-1,val,218,54,1,1,0.9640627692414058
full_CB_V_raw_A0_T_ratio_seed3,full,CB,V_raw,A0,T_ratio,0.0001662,3,holdout,-1,val,82,29,1,1,0.9495223604277252
full_CB_V_raw_A0_T_ratio_seed3,full,CB,V_raw,A0,T_ratio,0.0001662,3,holdout,-1,val,88,30,1,1,0.9492038098307408
full_CB_V_raw_A0_T_ratio_seed3,full,CB,V_raw,A0,T_ratio,0.0001662,3,holdout,-1,val,122,33,1,1,0.8615478919717068
full_CB_V_raw_A0_T_ratio_seed3,full,CB,V_raw,A0,T_ratio,0.0001662,3,holdout,-1,val,47,20,0,0,0.1239557824570958
full_CB_V_raw_A0_T_ratio_seed3,full,CB,V_raw,A0,T_ratio,0.0001662,3,holdout,-1,val,184,47,1,1,0.6090051679947194
full_CB_V_raw_A0_T_ratio_seed3,full,CB,V_raw,A0,T_ratio,0.0001662,3,holdout,-1,val,185,47,1,0,0.3554894114245251
full_CB_V_raw_A0_T_ratio_seed3,full,CB,V_raw,A0,T_ratio,0.0001662,3,holdout,-1,val,37,16,1,1,0.9895635517811756
full_CB_V_raw_A0_T_ratio_seed3,full,CB,V_raw,A0,T_ratio,0.0001662,3,holdout,-1,val,131,35,0,0,0.0509568110143274
full_CB_V_raw_A0_T_ratio_seed3,full,CB,V_raw,A0,T_ratio,0.0001662,3,holdout,-1,val,27,11,1,1,0.8822334249424064
full_CB_V_raw_A0_T_ratio_seed3,full,CB,V_raw,A0,T_ratio,0.0001662,3,holdout,-1,val,133,35,0,0,0.0999403869486826
full_CB_V_raw_A0_T_ratio_seed3,full,CB,V_raw,A0,T_ratio,0.0001662,3,holdout,-1,val,13,4,0,0,0.0654979977942905
full_CB_V_raw_A0_T_ratio_seed3,full,CB,V_raw,A0,T_ratio,0.0001662,3,holdout,-1,val,89,31,0,0,0.0228436869841115
full_CB_V_raw_A0_T_ratio_seed3,full,CB,V_raw,A0,T_ratio,0.0001662,3,holdout,-1,val,4,1,1,1,0.9781755263244782
full_CB_V_raw_A0_T_ratio_seed3,full,CB,V_raw,A0,T_ratio,0.0001662,3,holdout,-1,val,34,15,0,0,0.0114602043834124
full_CB_V_raw_A0_T_ratio_seed3,full,CB,V_raw,A0,T_ratio,0.0001662,3,holdout,-1,val,58,22,1,1,0.8673642968621827
full_CB_V_raw_A0_T_ratio_seed3,full,CB,V_raw,A0,T_ratio,0.0001662,3,holdout,-1,val,76,27,0,0,0.0722582744976614
full_CB_V_raw_A0_T_ratio_seed3,full,CB,V_raw,A0,T_ratio,0.0001662,3,holdout,-1,val,207,54,0,0,0.018507751122913
full_CB_V_raw_A0_T_ratio_seed3,full,CB,V_raw,A0,T_ratio,0.0001662,3,holdout,-1,val,128,34,1,1,0.958160301738278
full_CB_V_raw_A0_T_ratio_seed3,full,CB,V_raw,A0,T_ratio,0.0001662,3,holdout,-1,val,11,4,1,0,0.048923181362715
full_CB_V_raw_A0_T_ratio_seed3,full,CB,V_raw,A0,T_ratio,0.0001662,3,holdout,-1,val,126,34,1,1,0.9848276215428404
full_CB_V_raw_A0_T_ratio_seed3,full,CB,V_raw,A0,T_ratio,0.0001662,3,holdout,-1,val,5,1,1,1,0.980800555378046
full_CB_V_raw_A0_T_ratio_seed3,full,CB,V_raw,A0,T_ratio,0.0001662,3,holdout,-1,val,9,3,0,0,0.0171412412516576
full_CB_V_raw_A0_T_ratio_seed3,full,CB,V_raw,A0,T_ratio,0.0001662,3,holdout,-1,val,221,54,0,1,0.8893328561948706
full_CB_V_raw_A0_T_ratio_seed3,full,CB,V_raw,A0,T_ratio,0.0001662,3,holdout,-1,val,14,4,0,0,0.0875265976254797
full_CB_V_raw_A0_T_ratio_seed3,full,CB,V_raw,A0,T_ratio,0.0001662,3,holdout,-1,val,145,37,1,1,0.6673912402632353
full_CB_V_raw_A0_T_ratio_seed3,full,CB,V_raw,A0,T_ratio,0.0001662,3,holdout,-1,test,55,21,1,1,0.6757350873097892
full_CB_V_raw_A0_T_ratio_seed3,full,CB,V_raw,A0,T_ratio,0.0001662,3,holdout,-1,test,31,13,1,1,0.9925096591826712
full_CB_V_raw_A0_T_ratio_seed3,full,CB,V_raw,A0,T_ratio,0.0001662,3,holdout,-1,test,93,31,1,1,0.972425389598452
full_CB_V_raw_A0_T_ratio_seed3,full,CB,V_raw,A0,T_ratio,0.0001662,3,holdout,-1,test,142,37,1,1,0.567777309297131
full_CB_V_raw_A0_T_ratio_seed3,full,CB,V_raw,A0,T_ratio,0.0001662,3,holdout,-1,test,213,54,0,0,0.018507751122913
full_CB_V_raw_A0_T_ratio_seed3,full,CB,V_raw,A0,T_ratio,0.0001662,3,holdout,-1,test,72,26,1,1,0.8051913610156519
full_CB_V_raw_A0_T_ratio_seed3,full,CB,V_raw,A0,T_ratio,0.0001662,3,holdout,-1,test,66,25,0,1,0.9274982326503616
full_CB_V_raw_A0_T_ratio_seed3,full,CB,V_raw,A0,T_ratio,0.0001662,3,holdout,-1,test,33,15,1,0,0.497444287609763
full_CB_V_raw_A0_T_ratio_seed3,full,CB,V_raw,A0,T_ratio,0.0001662,3,holdout,-1,test,21,9,1,0,0.3510192045407794
full_CB_V_raw_A0_T_ratio_seed3,full,CB,V_raw,A0,T_ratio,0.0001662,3,holdout,-1,test,140,36,0,0,0.0071244260519574
full_CB_V_raw_A0_T_ratio_seed3,full,CB,V_raw,A0,T_ratio,0.0001662,3,holdout,-1,test,120,33,1,1,0.7211032332741503
full_CB_V_raw_A0_T_ratio_seed3,full,CB,V_raw,A0,T_ratio,0.0001662,3,holdout,-1,test,94,31,1,1,0.9747467621179188
full_CB_V_raw_A0_T_ratio_seed3,full,CB,V_raw,A0,T_ratio,0.0001662,3,holdout,-1,test,68,25,0,1,0.7194739540709629
full_CB_V_raw_A0_T_ratio_seed3,full,CB,V_raw,A0,T_ratio,0.0001662,3,holdout,-1,test,199,50,1,1,0.8208109060253298
full_CB_V_raw_A0_T_ratio_seed3,full,CB,V_raw,A0,T_ratio,0.0001662,3,holdout,-1,test,181,45,1,1,0.9802409976654908
full_CB_V_raw_A0_T_ratio_seed3,full,CB,V_raw,A0,T_ratio,0.0001662,3,holdout,-1,test,108,32,0,0,0.3373049850240993
full_CB_V_raw_A0_T_ratio_seed3,full,CB,V_raw,A0,T_ratio,0.0001662,3,holdout,-1,test,2,1,0,0,0.0878373303405991
full_CB_V_raw_A0_T_ratio_seed3,full,CB,V_raw,A0,T_ratio,0.0001662,3,holdout,-1,test,12,4,0,0,0.0075063494929835
full_CB_V_raw_A0_T_ratio_seed3,full,CB,V_raw,A0,T_ratio,0.0001662,3,holdout,-1,test,62,24,1,1,0.9966096396426511
full_CB_V_raw_A0_T_ratio_seed3,full,CB,V_raw,A0,T_ratio,0.0001662,3,holdout,-1,test,168,41,1,1,0.9232070207609476
full_CB_V_raw_A0_T_ratio_seed3,full,CB,V_raw,A0,T_ratio,0.0001662,3,holdout,-1,test,51,21,1,1,0.7367183280017008
full_CB_V_raw_A0_T_ratio_seed3,full,CB,V_raw,A0,T_ratio,0.0001662,3,holdout,-1,test,154,40,1,1,0.9961871073892524
full_CB_V_raw_A0_T_ratio_seed3,full,CB,V_raw,A0,T_ratio,0.0001662,3,holdout,-1,test,73,27,0,0,0.0549859744461074
full_CB_V_raw_A0_T_ratio_seed3,full,CB,V_raw,A0,T_ratio,0.0001662,3,holdout,-1,test,182,46,1,1,0.6729219383866046
full_CB_V_raw_A0_T_ratio_seed3,full,CB,V_raw,A0,T_ratio,0.0001662,3,holdout,-1,test,20,8,1,1,0.9160787265555282
full_CB_V_raw_A0_T_ratio_seed3,full,CB,V_raw,A0,T_ratio,0.0001662,3,holdout,-1,test,103,32,0,0,0.1211474116022508
full_CB_V_raw_A0_T_ratio_seed3,full,CB,V_raw,A0,T_ratio,0.0001662,3,holdout,-1,test,28,11,1,1,0.9079970026250498
full_CB_V_raw_A0_T_ratio_seed3,full,CB,V_raw,A0,T_ratio,0.0001662,3,holdout,-1,test,67,25,0,1,0.6607279262382075
full_CB_V_raw_A0_T_ratio_seed3,full,CB,V_raw,A0,T_ratio,0.0001662,3,holdout,-1,test,39,18,0,1,0.9768351800065896
full_CB_V_raw_A0_T_ratio_seed3,full,CB,V_raw,A0,T_ratio,0.0001662,3,holdout,-1,test,19,7,1,1,0.7144355009789977
full_CB_V_raw_A0_T_ratio_seed3,full,CB,V_raw,A0,T_ratio,0.0001662,3,holdout,-1,test,210,54,0,0,0.2000917848613709
full_CB_V_raw_A0_T_ratio_seed3,full,CB,V_raw,A0,T_ratio,0.0001662,3,holdout,-1,test,134,36,1,1,0.5589612408247672
full_CB_V_raw_A0_T_ratio_seed3,full,CB,V_raw,A0,T_ratio,0.0001662,3,holdout,-1,test,146,38,1,1,0.9017385743632098
full_DT_V_raw_A0_T_ratio_seed4,full,DT,V_raw,A0,T_ratio,0.0001662,4,holdout,-1,val,127,34,1,1,1.0
full_DT_V_raw_A0_T_ratio_seed4,full,DT,V_raw,A0,T_ratio,0.0001662,4,holdout,-1,val,198,49,1,1,1.0
full_DT_V_raw_A0_T_ratio_seed4,full,DT,V_raw,A0,T_ratio,0.0001662,4,holdout,-1,val,23,11,0,0,0.0
full_DT_V_raw_A0_T_ratio_seed4,full,DT,V_raw,A0,T_ratio,0.0001662,4,holdout,-1,val,98,31,1,1,1.0
full_DT_V_raw_A0_T_ratio_seed4,full,DT,V_raw,A0,T_ratio,0.0001662,4,holdout,-1,val,151,38,1,1,1.0
full_DT_V_raw_A0_T_ratio_seed4,full,DT,V_raw,A0,T_ratio,0.0001662,4,holdout,-1,val,158,40,1,1,1.0
full_DT_V_raw_A0_T_ratio_seed4,full,DT,V_raw,A0,T_ratio,0.0001662,4,holdout,-1,val,4,1,1,1,1.0
full_DT_V_raw_A0_T_ratio_seed4,full,DT,V_raw,A0,T_ratio,0.0001662,4,holdout,-1,val,3,1,1,1,1.0
full_DT_V_raw_A0_T_ratio_seed4,full,DT,V_raw,A0,T_ratio,0.0001662,4,holdout,-1,val,30,12,1,1,1.0
full_DT_V_raw_A0_T_ratio_seed4,full,DT,V_raw,A0,T_ratio,0.0001662,4,holdout,-1,val,72,26,1,1,1.0
full_DT_V_raw_A0_T_ratio_seed4,full,DT,V_raw,A0,T_ratio,0.0001662,4,holdout,-1,val,11,4,1,0,0.0
full_DT_V_raw_A0_T_ratio_seed4,full,DT,V_raw,A0,T_ratio,0.0001662,4,holdout,-1,val,52,21,1,1,1.0
full_DT_V_raw_A0_T_ratio_seed4,full,DT,V_raw,A0,T_ratio,0.0001662,4,holdout,-1,val,75,27,0,0,0.0
full_DT_V_raw_A0_T_ratio_seed4,full,DT,V_raw,A0,T_ratio,0.0001662,4,holdout,-1,val,109,32,0,0,0.0
full_DT_V_raw_A0_T_ratio_seed4,full,DT,V_raw,A0,T_ratio,0.0001662,4,holdout,-1,val,24,11,0,0,0.0
full_DT_V_raw_A0_T_ratio_seed4,full,DT,V_raw,A0,T_ratio,0.0001662,4,holdout,-1,val,154,40,1,1,1.0
full_DT_V_raw_A0_T_ratio_seed4,full,DT,V_raw,A0,T_ratio,0.0001662,4,holdout,-1,val,166,41,1,1,1.0
full_DT_V_raw_A0_T_ratio_seed4,full,DT,V_raw,A0,T_ratio,0.0001662,4,holdout,-1,val,96,31,1,1,1.0
full_DT_V_raw_A0_T_ratio_seed4,full,DT,V_raw,A0,T_ratio,0.0001662,4,holdout,-1,val,178,45,1,1,1.0
full_DT_V_raw_A0_T_ratio_seed4,full,DT,V_raw,A0,T_ratio,0.0001662,4,holdout,-1,val,135,36,1,1,1.0
full_DT_V_raw_A0_T_ratio_seed4,full,DT,V_raw,A0,T_ratio,0.0001662,4,holdout,-1,val,42,19,1,0,0.0
full_DT_V_raw_A0_T_ratio_seed4,full,DT,V_raw,A0,T_ratio,0.0001662,4,holdout,-1,val,21,9,1,0,0.0
full_DT_V_raw_A0_T_ratio_seed4,full,DT,V_raw,A0,T_ratio,0.0001662,4,holdout,-1,val,218,54,1,1,1.0
full_DT_V_raw_A0_T_ratio_seed4,full,DT,V_raw,A0,T_ratio,0.0001662,4,holdout,-1,val,187,47,0,1,1.0
full_DT_V_raw_A0_T_ratio_seed4,full,DT,V_raw,A0,T_ratio,0.0001662,4,holdout,-1,val,111,32,0,1,1.0
full_DT_V_raw_A0_T_ratio_seed4,full,DT,V_raw,A0,T_ratio,0.0001662,4,holdout,-1,val,105,32,0,1,1.0
full_DT_V_raw_A0_T_ratio_seed4,full,DT,V_raw,A0,T_ratio,0.0001662,4,holdout,-1,val,219,54,0,0,0.0
full_DT_V_raw_A0_T_ratio_seed4,full,DT,V_raw,A0,T_ratio,0.0001662,4,holdout,-1,val,102,32,0,1,1.0
full_DT_V_raw_A0_T_ratio_seed4,full,DT,V_raw,A0,T_ratio,0.0001662,4,holdout,-1,val,116,32,1,1,1.0
full_DT_V_raw_A0_T_ratio_seed4,full,DT,V_raw,A0,T_ratio,0.0001662,4,holdout,-1,val,59,22,1,1,1.0
full_DT_V_raw_A0_T_ratio_seed4,full,DT,V_raw,A0,T_ratio,0.0001662,4,holdout,-1,val,171,43,0,0,0.0
full_DT_V_raw_A0_T_ratio_seed4,full,DT,V_raw,A0,T_ratio,0.0001662,4,holdout,-1,val,76,27,0,0,0.0
full_DT_V_raw_A0_T_ratio_seed4,full,DT,V_raw,A0,T_ratio,0.0001662,4,holdout,-1,val,77,28,0,1,1.0
full_DT_V_raw_A0_T_ratio_seed4,full,DT,V_raw,A0,T_ratio,0.0001662,4,holdout,-1,test,210,54,0,0,0.5
full_DT_V_raw_A0_T_ratio_seed4,full,DT,V_raw,A0,T_ratio,0.0001662,4,holdout,-1,test,159,40,1,1,1.0
full_DT_V_raw_A0_T_ratio_seed4,full,DT,V_raw,A0,T_ratio,0.0001662,4,holdout,-1,test,221,54,0,1,1.0
full_DT_V_raw_A0_T_ratio_seed4,full,DT,V_raw,A0,T_ratio,0.0001662,4,holdout,-1,test,122,33,1,1,1.0
full_DT_V_raw_A0_T_ratio_seed4,full,DT,V_raw,A0,T_ratio,0.0001662,4,holdout,-1,test,19,7,1,1,1.0
full_DT_V_raw_A0_T_ratio_seed4,full,DT,V_raw,A0,T_ratio,0.0001662,4,holdout,-1,test,139,36,0,0,0.0
full_DT_V_raw_A0_T_ratio_seed4,full,DT,V_raw,A0,T_ratio,0.0001662,4,holdout,-1,test,207,54,0,0,0.0
full_DT_V_raw_A0_T_ratio_seed4,full,DT,V_raw,A0,T_ratio,0.0001662,4,holdout,-1,test,63,24,1,1,1.0
full_DT_V_raw_A0_T_ratio_seed4,full,DT,V_raw,A0,T_ratio,0.0001662,4,holdout,-1,test,130,35,0,0,0.0
full_DT_V_raw_A0_T_ratio_seed4,full,DT,V_raw,A0,T_ratio,0.0001662,4,holdout,-1,test,152,39,0,0,0.0
full_DT_V_raw_A0_T_ratio_seed4,full,DT,V_raw,A0,T_ratio,0.0001662,4,holdout,-1,test,217,54,1,1,1.0
full_DT_V_raw_A0_T_ratio_seed4,full,DT,V_raw,A0,T_ratio,0.0001662,4,holdout,-1,test,206,53,0,0,0.0
full_DT_V_raw_A0_T_ratio_seed4,full,DT,V_raw,A0,T_ratio,0.0001662,4,holdout,-1,test,114,32,0,0,0.0
full_DT_V_raw_A0_T_ratio_seed4,full,DT,V_raw,A0,T_ratio,0.0001662,4,holdout,-1,test,175,44,1,1,1.0
full_DT_V_raw_A0_T_ratio_seed4,full,DT,V_raw,A0,T_ratio,0.0001662,4,holdout,-1,test,18,6,1,1,1.0
full_DT_V_raw_A0_T_ratio_seed4,full,DT,V_raw,A0,T_ratio,0.0001662,4,holdout,-1,test,88,30,1,1,1.0
full_DT_V_raw_A0_T_ratio_seed4,full,DT,V_raw,A0,T_ratio,0.0001662,4,holdout,-1,test,101,32,0,1,1.0
full_DT_V_raw_A0_T_ratio_seed4,full,DT,V_raw,A0,T_ratio,0.0001662,4,holdout,-1,test,9,3,0,0,0.0
full_DT_V_raw_A0_T_ratio_seed4,full,DT,V_raw,A0,T_ratio,0.0001662,4,holdout,-1,test,118,32,1,0,0.0
full_DT_V_raw_A0_T_ratio_seed4,full,DT,V_raw,A0,T_ratio,0.0001662,4,holdout,-1,test,204,51,1,1,1.0
full_DT_V_raw_A0_T_ratio_seed4,full,DT,V_raw,A0,T_ratio,0.0001662,4,holdout,-1,test,205,51,1,1,1.0
full_DT_V_raw_A0_T_ratio_seed4,full,DT,V_raw,A0,T_ratio,0.0001662,4,holdout,-1,test,176,44,1,1,1.0
full_DT_V_raw_A0_T_ratio_seed4,full,DT,V_raw,A0,T_ratio,0.0001662,4,holdout,-1,test,35,16,1,1,1.0
full_DT_V_raw_A0_T_ratio_seed4,full,DT,V_raw,A0,T_ratio,0.0001662,4,holdout,-1,test,92,31,1,0,0.0
full_DT_V_raw_A0_T_ratio_seed4,full,DT,V_raw,A0,T_ratio,0.0001662,4,holdout,-1,test,141,36,0,0,0.0
full_DT_V_raw_A0_T_ratio_seed4,full,DT,V_raw,A0,T_ratio,0.0001662,4,holdout,-1,test,177,44,1,1,1.0
full_DT_V_raw_A0_T_ratio_seed4,full,DT,V_raw,A0,T_ratio,0.0001662,4,holdout,-1,test,34,15,0,0,0.0
full_DT_V_raw_A0_T_ratio_seed4,full,DT,V_raw,A0,T_ratio,0.0001662,4,holdout,-1,test,184,47,1,1,1.0
full_DT_V_raw_A0_T_ratio_seed4,full,DT,V_raw,A0,T_ratio,0.0001662,4,holdout,-1,test,128,34,1,1,1.0
full_DT_V_raw_A0_T_ratio_seed4,full,DT,V_raw,A0,T_ratio,0.0001662,4,holdout,-1,test,136,36,1,1,1.0
full_DT_V_raw_A0_T_ratio_seed4,full,DT,V_raw,A0,T_ratio,0.0001662,4,holdout,-1,test,53,21,1,1,1.0
full_DT_V_raw_A0_T_ratio_seed4,full,DT,V_raw,A0,T_ratio,0.0001662,4,holdout,-1,test,225,55,1,1,1.0
full_DT_V_raw_A0_T_ratio_seed4,full,DT,V_raw,A0,T_ratio,0.0001662,4,holdout,-1,test,7,1,1,1,1.0
full_RF_V_raw_A0_T_ratio_seed4,full,RF,V_raw,A0,T_ratio,0.0001662,4,holdout,-1,val,127,34,1,1,0.9266666666666666
full_RF_V_raw_A0_T_ratio_seed4,full,RF,V_raw,A0,T_ratio,0.0001662,4,holdout,-1,val,198,49,1,1,0.8222222222222223
full_RF_V_raw_A0_T_ratio_seed4,full,RF,V_raw,A0,T_ratio,0.0001662,4,holdout,-1,val,23,11,0,0,0.47
full_RF_V_raw_A0_T_ratio_seed4,full,RF,V_raw,A0,T_ratio,0.0001662,4,holdout,-1,val,98,31,1,1,0.9004920634920636
full_RF_V_raw_A0_T_ratio_seed4,full,RF,V_raw,A0,T_ratio,0.0001662,4,holdout,-1,val,151,38,1,1,0.9784444444444444
full_RF_V_raw_A0_T_ratio_seed4,full,RF,V_raw,A0,T_ratio,0.0001662,4,holdout,-1,val,158,40,1,1,0.8833333333333333
full_RF_V_raw_A0_T_ratio_seed4,full,RF,V_raw,A0,T_ratio,0.0001662,4,holdout,-1,val,4,1,1,1,0.9282222222222224
full_RF_V_raw_A0_T_ratio_seed4,full,RF,V_raw,A0,T_ratio,0.0001662,4,holdout,-1,val,3,1,1,1,0.8465555555555556
full_RF_V_raw_A0_T_ratio_seed4,full,RF,V_raw,A0,T_ratio,0.0001662,4,holdout,-1,val,30,12,1,1,0.703111111111111
full_RF_V_raw_A0_T_ratio_seed4,full,RF,V_raw,A0,T_ratio,0.0001662,4,holdout,-1,val,72,26,1,1,0.6890555555555554
full_RF_V_raw_A0_T_ratio_seed4,full,RF,V_raw,A0,T_ratio,0.0001662,4,holdout,-1,val,11,4,1,0,0.1725
full_RF_V_raw_A0_T_ratio_seed4,full,RF,V_raw,A0,T_ratio,0.0001662,4,holdout,-1,val,52,21,1,1,0.9733333333333334
full_RF_V_raw_A0_T_ratio_seed4,full,RF,V_raw,A0,T_ratio,0.0001662,4,holdout,-1,val,75,27,0,0,0.1233333333333333
full_RF_V_raw_A0_T_ratio_seed4,full,RF,V_raw,A0,T_ratio,0.0001662,4,holdout,-1,val,109,32,0,0,0.01
full_RF_V_raw_A0_T_ratio_seed4,full,RF,V_raw,A0,T_ratio,0.0001662,4,holdout,-1,val,24,11,0,1,0.61
full_RF_V_raw_A0_T_ratio_seed4,full,RF,V_raw,A0,T_ratio,0.0001662,4,holdout,-1,val,154,40,1,1,0.9966666666666668
full_RF_V_raw_A0_T_ratio_seed4,full,RF,V_raw,A0,T_ratio,0.0001662,4,holdout,-1,val,166,41,1,1,0.9866666666666668
full_RF_V_raw_A0_T_ratio_seed4,full,RF,V_raw,A0,T_ratio,0.0001662,4,holdout,-1,val,96,31,1,1,0.9433333333333334
full_RF_V_raw_A0_T_ratio_seed4,full,RF,V_raw,A0,T_ratio,0.0001662,4,holdout,-1,val,178,45,1,1,0.8453333333333333
full_RF_V_raw_A0_T_ratio_seed4,full,RF,V_raw,A0,T_ratio,0.0001662,4,holdout,-1,val,135,36,1,1,0.79
full_RF_V_raw_A0_T_ratio_seed4,full,RF,V_raw,A0,T_ratio,0.0001662,4,holdout,-1,val,42,19,1,0,0.11
full_RF_V_raw_A0_T_ratio_seed4,full,RF,V_raw,A0,T_ratio,0.0001662,4,holdout,-1,val,21,9,1,1,0.5197222222222223
full_RF_V_raw_A0_T_ratio_seed4,full,RF,V_raw,A0,T_ratio,0.0001662,4,holdout,-1,val,218,54,1,1,0.9944444444444444
full_RF_V_raw_A0_T_ratio_seed4,full,RF,V_raw,A0,T_ratio,0.0001662,4,holdout,-1,val,187,47,0,1,0.6866666666666666
full_RF_V_raw_A0_T_ratio_seed4,full,RF,V_raw,A0,T_ratio,0.0001662,4,holdout,-1,val,111,32,0,1,0.92
full_RF_V_raw_A0_T_ratio_seed4,full,RF,V_raw,A0,T_ratio,0.0001662,4,holdout,-1,val,105,32,0,1,0.5466666666666666
full_RF_V_raw_A0_T_ratio_seed4,full,RF,V_raw,A0,T_ratio,0.0001662,4,holdout,-1,val,219,54,0,0,0.0537619047619047
full_RF_V_raw_A0_T_ratio_seed4,full,RF,V_raw,A0,T_ratio,0.0001662,4,holdout,-1,val,102,32,0,1,0.91
full_RF_V_raw_A0_T_ratio_seed4,full,RF,V_raw,A0,T_ratio,0.0001662,4,holdout,-1,val,116,32,1,1,0.9833333333333332
full_RF_V_raw_A0_T_ratio_seed4,full,RF,V_raw,A0,T_ratio,0.0001662,4,holdout,-1,val,59,22,1,1,0.5133333333333333
full_RF_V_raw_A0_T_ratio_seed4,full,RF,V_raw,A0,T_ratio,0.0001662,4,holdout,-1,val,171,43,0,0,0.25
full_RF_V_raw_A0_T_ratio_seed4,full,RF,V_raw,A0,T_ratio,0.0001662,4,holdout,-1,val,76,27,0,0,0.1233333333333333
full_RF_V_raw_A0_T_ratio_seed4,full,RF,V_raw,A0,T_ratio,0.0001662,4,holdout,-1,val,77,28,0,1,0.8833333333333333
full_RF_V_raw_A0_T_ratio_seed4,full,RF,V_raw,A0,T_ratio,0.0001662,4,holdout,-1,test,210,54,0,1,0.5454682539682543
full_RF_V_raw_A0_T_ratio_seed4,full,RF,V_raw,A0,T_ratio,0.0001662,4,holdout,-1,test,159,40,1,1,0.99
full_RF_V_raw_A0_T_ratio_seed4,full,RF,V_raw,A0,T_ratio,0.0001662,4,holdout,-1,test,221,54,0,1,0.9133333333333332
full_RF_V_raw_A0_T_ratio_seed4,full,RF,V_raw,A0,T_ratio,0.0001662,4,holdout,-1,test,122,33,1,1,0.7826666666666667
full_RF_V_raw_A0_T_ratio_seed4,full,RF,V_raw,A0,T_ratio,0.0001662,4,holdout,-1,test,19,7,1,1,0.6466666666666666
full_RF_V_raw_A0_T_ratio_seed4,full,RF,V_raw,A0,T_ratio,0.0001662,4,holdout,-1,test,139,36,0,0,0.1866666666666666
full_RF_V_raw_A0_T_ratio_seed4,full,RF,V_raw,A0,T_ratio,0.0001662,4,holdout,-1,test,207,54,0,0,0.0537619047619047
full_RF_V_raw_A0_T_ratio_seed4,full,RF,V_raw,A0,T_ratio,0.0001662,4,holdout,-1,test,63,24,1,1,0.8533333333333334
full_RF_V_raw_A0_T_ratio_seed4,full,RF,V_raw,A0,T_ratio,0.0001662,4,holdout,-1,test,130,35,0,0,0.2083333333333333
full_RF_V_raw_A0_T_ratio_seed4,full,RF,V_raw,A0,T_ratio,0.0001662,4,holdout,-1,test,152,39,0,0,0.1966666666666666
full_RF_V_raw_A0_T_ratio_seed4,full,RF,V_raw,A0,T_ratio,0.0001662,4,holdout,-1,test,217,54,1,1,0.950277777777778
full_RF_V_raw_A0_T_ratio_seed4,full,RF,V_raw,A0,T_ratio,0.0001662,4,holdout,-1,test,206,53,0,0,0.455
full_RF_V_raw_A0_T_ratio_seed4,full,RF,V_raw,A0,T_ratio,0.0001662,4,holdout,-1,test,114,32,0,0,0.0066666666666666
full_RF_V_raw_A0_T_ratio_seed4,full,RF,V_raw,A0,T_ratio,0.0001662,4,holdout,-1,test,175,44,1,1,0.5899999999999999
full_RF_V_raw_A0_T_ratio_seed4,full,RF,V_raw,A0,T_ratio,0.0001662,4,holdout,-1,test,18,6,1,1,0.92
full_RF_V_raw_A0_T_ratio_seed4,full,RF,V_raw,A0,T_ratio,0.0001662,4,holdout,-1,test,88,30,1,1,0.95
full_RF_V_raw_A0_T_ratio_seed4,full,RF,V_raw,A0,T_ratio,0.0001662,4,holdout,-1,test,101,32,0,1,0.89
full_RF_V_raw_A0_T_ratio_seed4,full,RF,V_raw,A0,T_ratio,0.0001662,4,holdout,-1,test,9,3,0,0,0.0245833333333333
full_RF_V_raw_A0_T_ratio_seed4,full,RF,V_raw,A0,T_ratio,0.0001662,4,holdout,-1,test,118,32,1,0,0.0933333333333333
full_RF_V_raw_A0_T_ratio_seed4,full,RF,V_raw,A0,T_ratio,0.0001662,4,holdout,-1,test,204,51,1,1,0.9486111111111112
full_RF_V_raw_A0_T_ratio_seed4,full,RF,V_raw,A0,T_ratio,0.0001662,4,holdout,-1,test,205,51,1,1,0.6966666666666667
full_RF_V_raw_A0_T_ratio_seed4,full,RF,V_raw,A0,T_ratio,0.0001662,4,holdout,-1,test,176,44,1,1,0.6058888888888888
full_RF_V_raw_A0_T_ratio_seed4,full,RF,V_raw,A0,T_ratio,0.0001662,4,holdout,-1,test,35,16,1,1,0.6971666666666667
full_RF_V_raw_A0_T_ratio_seed4,full,RF,V_raw,A0,T_ratio,0.0001662,4,holdout,-1,test,92,31,1,0,0.47
full_RF_V_raw_A0_T_ratio_seed4,full,RF,V_raw,A0,T_ratio,0.0001662,4,holdout,-1,test,141,36,0,0,0.0933333333333333
full_RF_V_raw_A0_T_ratio_seed4,full,RF,V_raw,A0,T_ratio,0.0001662,4,holdout,-1,test,177,44,1,1,0.6667222222222222
full_RF_V_raw_A0_T_ratio_seed4,full,RF,V_raw,A0,T_ratio,0.0001662,4,holdout,-1,test,34,15,0,0,0.1166666666666666
full_RF_V_raw_A0_T_ratio_seed4,full,RF,V_raw,A0,T_ratio,0.0001662,4,holdout,-1,test,184,47,1,1,0.7682896825396826
full_RF_V_raw_A0_T_ratio_seed4,full,RF,V_raw,A0,T_ratio,0.0001662,4,holdout,-1,test,128,34,1,1,0.85
full_RF_V_raw_A0_T_ratio_seed4,full,RF,V_raw,A0,T_ratio,0.0001662,4,holdout,-1,test,136,36,1,1,0.7966666666666666
full_RF_V_raw_A0_T_ratio_seed4,full,RF,V_raw,A0,T_ratio,0.0001662,4,holdout,-1,test,53,21,1,1,0.9666666666666668
full_RF_V_raw_A0_T_ratio_seed4,full,RF,V_raw,A0,T_ratio,0.0001662,4,holdout,-1,test,225,55,1,1,0.99
full_RF_V_raw_A0_T_ratio_seed4,full,RF,V_raw,A0,T_ratio,0.0001662,4,holdout,-1,test,7,1,1,1,0.939277777777778
full_LGBM_V_raw_A0_T_ratio_seed4,full,LGBM,V_raw,A0,T_ratio,0.0001662,4,holdout,-1,val,127,34,1,1,0.9461324543818876
full_LGBM_V_raw_A0_T_ratio_seed4,full,LGBM,V_raw,A0,T_ratio,0.0001662,4,holdout,-1,val,198,49,1,1,0.9235892974903656
full_LGBM_V_raw_A0_T_ratio_seed4,full,LGBM,V_raw,A0,T_ratio,0.0001662,4,holdout,-1,val,23,11,0,0,0.2269652456178308
full_LGBM_V_raw_A0_T_ratio_seed4,full,LGBM,V_raw,A0,T_ratio,0.0001662,4,holdout,-1,val,98,31,1,1,0.9203216277312318
full_LGBM_V_raw_A0_T_ratio_seed4,full,LGBM,V_raw,A0,T_ratio,0.0001662,4,holdout,-1,val,151,38,1,1,0.9722283247975748
full_LGBM_V_raw_A0_T_ratio_seed4,full,LGBM,V_raw,A0,T_ratio,0.0001662,4,holdout,-1,val,158,40,1,1,0.8937026217956006
full_LGBM_V_raw_A0_T_ratio_seed4,full,LGBM,V_raw,A0,T_ratio,0.0001662,4,holdout,-1,val,4,1,1,1,0.954614858408446
full_LGBM_V_raw_A0_T_ratio_seed4,full,LGBM,V_raw,A0,T_ratio,0.0001662,4,holdout,-1,val,3,1,1,1,0.9082028124952818
full_LGBM_V_raw_A0_T_ratio_seed4,full,LGBM,V_raw,A0,T_ratio,0.0001662,4,holdout,-1,val,30,12,1,1,0.8776250529461462
full_LGBM_V_raw_A0_T_ratio_seed4,full,LGBM,V_raw,A0,T_ratio,0.0001662,4,holdout,-1,val,72,26,1,1,0.8798872688772396
full_LGBM_V_raw_A0_T_ratio_seed4,full,LGBM,V_raw,A0,T_ratio,0.0001662,4,holdout,-1,val,11,4,1,0,0.0898389413468747
full_LGBM_V_raw_A0_T_ratio_seed4,full,LGBM,V_raw,A0,T_ratio,0.0001662,4,holdout,-1,val,52,21,1,1,0.9897904603558704
full_LGBM_V_raw_A0_T_ratio_seed4,full,LGBM,V_raw,A0,T_ratio,0.0001662,4,holdout,-1,val,75,27,0,0,0.0950494219621222
full_LGBM_V_raw_A0_T_ratio_seed4,full,LGBM,V_raw,A0,T_ratio,0.0001662,4,holdout,-1,val,109,32,0,0,0.0130076178801438
full_LGBM_V_raw_A0_T_ratio_seed4,full,LGBM,V_raw,A0,T_ratio,0.0001662,4,holdout,-1,val,24,11,0,1,0.6371015112528654
full_LGBM_V_raw_A0_T_ratio_seed4,full,LGBM,V_raw,A0,T_ratio,0.0001662,4,holdout,-1,val,154,40,1,1,0.9966144278960032
full_LGBM_V_raw_A0_T_ratio_seed4,full,LGBM,V_raw,A0,T_ratio,0.0001662,4,holdout,-1,val,166,41,1,1,0.9686872079156594
full_LGBM_V_raw_A0_T_ratio_seed4,full,LGBM,V_raw,A0,T_ratio,0.0001662,4,holdout,-1,val,96,31,1,1,0.8888025820025399
full_LGBM_V_raw_A0_T_ratio_seed4,full,LGBM,V_raw,A0,T_ratio,0.0001662,4,holdout,-1,val,178,45,1,1,0.9688217210810564
full_LGBM_V_raw_A0_T_ratio_seed4,full,LGBM,V_raw,A0,T_ratio,0.0001662,4,holdout,-1,val,135,36,1,1,0.841940030616587
full_LGBM_V_raw_A0_T_ratio_seed4,full,LGBM,V_raw,A0,T_ratio,0.0001662,4,holdout,-1,val,42,19,1,0,0.0284294385757828
full_LGBM_V_raw_A0_T_ratio_seed4,full,LGBM,V_raw,A0,T_ratio,0.0001662,4,holdout,-1,val,21,9,1,0,0.3289944628980092
full_LGBM_V_raw_A0_T_ratio_seed4,full,LGBM,V_raw,A0,T_ratio,0.0001662,4,holdout,-1,val,218,54,1,1,0.9502334900324072
full_LGBM_V_raw_A0_T_ratio_seed4,full,LGBM,V_raw,A0,T_ratio,0.0001662,4,holdout,-1,val,187,47,0,1,0.8228563538768474
full_LGBM_V_raw_A0_T_ratio_seed4,full,LGBM,V_raw,A0,T_ratio,0.0001662,4,holdout,-1,val,111,32,0,1,0.9713992173547584
full_LGBM_V_raw_A0_T_ratio_seed4,full,LGBM,V_raw,A0,T_ratio,0.0001662,4,holdout,-1,val,105,32,0,0,0.3920154435197699
full_LGBM_V_raw_A0_T_ratio_seed4,full,LGBM,V_raw,A0,T_ratio,0.0001662,4,holdout,-1,val,219,54,0,0,0.091850117182212
full_LGBM_V_raw_A0_T_ratio_seed4,full,LGBM,V_raw,A0,T_ratio,0.0001662,4,holdout,-1,val,102,32,0,1,0.9108447416390796
full_LGBM_V_raw_A0_T_ratio_seed4,full,LGBM,V_raw,A0,T_ratio,0.0001662,4,holdout,-1,val,116,32,1,1,0.9921730306273864
full_LGBM_V_raw_A0_T_ratio_seed4,full,LGBM,V_raw,A0,T_ratio,0.0001662,4,holdout,-1,val,59,22,1,0,0.3730472192027982
full_LGBM_V_raw_A0_T_ratio_seed4,full,LGBM,V_raw,A0,T_ratio,0.0001662,4,holdout,-1,val,171,43,0,0,0.0975060865284563
full_LGBM_V_raw_A0_T_ratio_seed4,full,LGBM,V_raw,A0,T_ratio,0.0001662,4,holdout,-1,val,76,27,0,0,0.0950494219621222
full_LGBM_V_raw_A0_T_ratio_seed4,full,LGBM,V_raw,A0,T_ratio,0.0001662,4,holdout,-1,val,77,28,0,1,0.9546553585728766
full_LGBM_V_raw_A0_T_ratio_seed4,full,LGBM,V_raw,A0,T_ratio,0.0001662,4,holdout,-1,test,210,54,0,1,0.6808795705241354
full_LGBM_V_raw_A0_T_ratio_seed4,full,LGBM,V_raw,A0,T_ratio,0.0001662,4,holdout,-1,test,159,40,1,1,0.9945717913062664
full_LGBM_V_raw_A0_T_ratio_seed4,full,LGBM,V_raw,A0,T_ratio,0.0001662,4,holdout,-1,test,221,54,0,1,0.8322099545583233
full_LGBM_V_raw_A0_T_ratio_seed4,full,LGBM,V_raw,A0,T_ratio,0.0001662,4,holdout,-1,test,122,33,1,1,0.833986877731394
full_LGBM_V_raw_A0_T_ratio_seed4,full,LGBM,V_raw,A0,T_ratio,0.0001662,4,holdout,-1,test,19,7,1,1,0.9592996907815678
full_LGBM_V_raw_A0_T_ratio_seed4,full,LGBM,V_raw,A0,T_ratio,0.0001662,4,holdout,-1,test,139,36,0,0,0.228514863996541
full_LGBM_V_raw_A0_T_ratio_seed4,full,LGBM,V_raw,A0,T_ratio,0.0001662,4,holdout,-1,test,207,54,0,0,0.091850117182212
full_LGBM_V_raw_A0_T_ratio_seed4,full,LGBM,V_raw,A0,T_ratio,0.0001662,4,holdout,-1,test,63,24,1,1,0.9887700910308383
full_LGBM_V_raw_A0_T_ratio_seed4,full,LGBM,V_raw,A0,T_ratio,0.0001662,4,holdout,-1,test,130,35,0,0,0.0764223740442454
full_LGBM_V_raw_A0_T_ratio_seed4,full,LGBM,V_raw,A0,T_ratio,0.0001662,4,holdout,-1,test,152,39,0,0,0.2413270633838712
full_LGBM_V_raw_A0_T_ratio_seed4,full,LGBM,V_raw,A0,T_ratio,0.0001662,4,holdout,-1,test,217,54,1,1,0.8599250842236801
full_LGBM_V_raw_A0_T_ratio_seed4,full,LGBM,V_raw,A0,T_ratio,0.0001662,4,holdout,-1,test,206,53,0,0,0.0969206483123012
full_LGBM_V_raw_A0_T_ratio_seed4,full,LGBM,V_raw,A0,T_ratio,0.0001662,4,holdout,-1,test,114,32,0,0,0.0145912844420028
full_LGBM_V_raw_A0_T_ratio_seed4,full,LGBM,V_raw,A0,T_ratio,0.0001662,4,holdout,-1,test,175,44,1,1,0.6331874089690526
full_LGBM_V_raw_A0_T_ratio_seed4,full,LGBM,V_raw,A0,T_ratio,0.0001662,4,holdout,-1,test,18,6,1,1,0.9492666372849756
full_LGBM_V_raw_A0_T_ratio_seed4,full,LGBM,V_raw,A0,T_ratio,0.0001662,4,holdout,-1,test,88,30,1,1,0.8242112630603279
full_LGBM_V_raw_A0_T_ratio_seed4,full,LGBM,V_raw,A0,T_ratio,0.0001662,4,holdout,-1,test,101,32,0,1,0.9108447416390796
full_LGBM_V_raw_A0_T_ratio_seed4,full,LGBM,V_raw,A0,T_ratio,0.0001662,4,holdout,-1,test,9,3,0,0,0.0247443468160033
full_LGBM_V_raw_A0_T_ratio_seed4,full,LGBM,V_raw,A0,T_ratio,0.0001662,4,holdout,-1,test,118,32,1,0,0.0864589224042961
full_LGBM_V_raw_A0_T_ratio_seed4,full,LGBM,V_raw,A0,T_ratio,0.0001662,4,holdout,-1,test,204,51,1,1,0.9606287719502304
full_LGBM_V_raw_A0_T_ratio_seed4,full,LGBM,V_raw,A0,T_ratio,0.0001662,4,holdout,-1,test,205,51,1,1,0.951473259897239
full_LGBM_V_raw_A0_T_ratio_seed4,full,LGBM,V_raw,A0,T_ratio,0.0001662,4,holdout,-1,test,176,44,1,1,0.7094653644460489
full_LGBM_V_raw_A0_T_ratio_seed4,full,LGBM,V_raw,A0,T_ratio,0.0001662,4,holdout,-1,test,35,16,1,1,0.7285074604432913
full_LGBM_V_raw_A0_T_ratio_seed4,full,LGBM,V_raw,A0,T_ratio,0.0001662,4,holdout,-1,test,92,31,1,1,0.5259384922566137
full_LGBM_V_raw_A0_T_ratio_seed4,full,LGBM,V_raw,A0,T_ratio,0.0001662,4,holdout,-1,test,141,36,0,0,0.0560586119355188
full_LGBM_V_raw_A0_T_ratio_seed4,full,LGBM,V_raw,A0,T_ratio,0.0001662,4,holdout,-1,test,177,44,1,1,0.9265158003511912
full_LGBM_V_raw_A0_T_ratio_seed4,full,LGBM,V_raw,A0,T_ratio,0.0001662,4,holdout,-1,test,34,15,0,0,0.1459752103846167
full_LGBM_V_raw_A0_T_ratio_seed4,full,LGBM,V_raw,A0,T_ratio,0.0001662,4,holdout,-1,test,184,47,1,1,0.723813487212398
full_LGBM_V_raw_A0_T_ratio_seed4,full,LGBM,V_raw,A0,T_ratio,0.0001662,4,holdout,-1,test,128,34,1,1,0.9461324543818876
full_LGBM_V_raw_A0_T_ratio_seed4,full,LGBM,V_raw,A0,T_ratio,0.0001662,4,holdout,-1,test,136,36,1,1,0.841940030616587
full_LGBM_V_raw_A0_T_ratio_seed4,full,LGBM,V_raw,A0,T_ratio,0.0001662,4,holdout,-1,test,53,21,1,1,0.9897904603558704
full_LGBM_V_raw_A0_T_ratio_seed4,full,LGBM,V_raw,A0,T_ratio,0.0001662,4,holdout,-1,test,225,55,1,1,0.9924101437985176
full_LGBM_V_raw_A0_T_ratio_seed4,full,LGBM,V_raw,A0,T_ratio,0.0001662,4,holdout,-1,test,7,1,1,1,0.9083040150078128
full_CB_V_raw_A0_T_ratio_seed4,full,CB,V_raw,A0,T_ratio,0.0001662,4,holdout,-1,val,127,34,1,1,0.93327959480336
full_CB_V_raw_A0_T_ratio_seed4,full,CB,V_raw,A0,T_ratio,0.0001662,4,holdout,-1,val,198,49,1,1,0.911140259178488
full_CB_V_raw_A0_T_ratio_seed4,full,CB,V_raw,A0,T_ratio,0.0001662,4,holdout,-1,val,23,11,0,0,0.2164855801339894
full_CB_V_raw_A0_T_ratio_seed4,full,CB,V_raw,A0,T_ratio,0.0001662,4,holdout,-1,val,98,31,1,1,0.8821923099928288
full_CB_V_raw_A0_T_ratio_seed4,full,CB,V_raw,A0,T_ratio,0.0001662,4,holdout,-1,val,151,38,1,1,0.9391459223607436
full_CB_V_raw_A0_T_ratio_seed4,full,CB,V_raw,A0,T_ratio,0.0001662,4,holdout,-1,val,158,40,1,1,0.8735002889110071
full_CB_V_raw_A0_T_ratio_seed4,full,CB,V_raw,A0,T_ratio,0.0001662,4,holdout,-1,val,4,1,1,1,0.918647327807904
full_CB_V_raw_A0_T_ratio_seed4,full,CB,V_raw,A0,T_ratio,0.0001662,4,holdout,-1,val,3,1,1,1,0.8270493830482972
full_CB_V_raw_A0_T_ratio_seed4,full,CB,V_raw,A0,T_ratio,0.0001662,4,holdout,-1,val,30,12,1,1,0.86827152477825
full_CB_V_raw_A0_T_ratio_seed4,full,CB,V_raw,A0,T_ratio,0.0001662,4,holdout,-1,val,72,26,1,1,0.6290724449139805
full_CB_V_raw_A0_T_ratio_seed4,full,CB,V_raw,A0,T_ratio,0.0001662,4,holdout,-1,val,11,4,1,0,0.0602991089765811
full_CB_V_raw_A0_T_ratio_seed4,full,CB,V_raw,A0,T_ratio,0.0001662,4,holdout,-1,val,52,21,1,1,0.9760697265685356
full_CB_V_raw_A0_T_ratio_seed4,full,CB,V_raw,A0,T_ratio,0.0001662,4,holdout,-1,val,75,27,0,0,0.1835943660769859
full_CB_V_raw_A0_T_ratio_seed4,full,CB,V_raw,A0,T_ratio,0.0001662,4,holdout,-1,val,109,32,0,0,0.0124810012090505
full_CB_V_raw_A0_T_ratio_seed4,full,CB,V_raw,A0,T_ratio,0.0001662,4,holdout,-1,val,24,11,0,1,0.5659933139845864
full_CB_V_raw_A0_T_ratio_seed4,full,CB,V_raw,A0,T_ratio,0.0001662,4,holdout,-1,val,154,40,1,1,0.9931971537572148
full_CB_V_raw_A0_T_ratio_seed4,full,CB,V_raw,A0,T_ratio,0.0001662,4,holdout,-1,val,166,41,1,1,0.960558132925962
full_CB_V_raw_A0_T_ratio_seed4,full,CB,V_raw,A0,T_ratio,0.0001662,4,holdout,-1,val,96,31,1,1,0.9166737461937816
full_CB_V_raw_A0_T_ratio_seed4,full,CB,V_raw,A0,T_ratio,0.0001662,4,holdout,-1,val,178,45,1,1,0.8395106795499553
full_CB_V_raw_A0_T_ratio_seed4,full,CB,V_raw,A0,T_ratio,0.0001662,4,holdout,-1,val,135,36,1,1,0.8442782043827619
full_CB_V_raw_A0_T_ratio_seed4,full,CB,V_raw,A0,T_ratio,0.0001662,4,holdout,-1,val,42,19,1,0,0.0577351484458924
full_CB_V_raw_A0_T_ratio_seed4,full,CB,V_raw,A0,T_ratio,0.0001662,4,holdout,-1,val,21,9,1,1,0.6192845772577203
full_CB_V_raw_A0_T_ratio_seed4,full,CB,V_raw,A0,T_ratio,0.0001662,4,holdout,-1,val,218,54,1,1,0.9354627895296078
full_CB_V_raw_A0_T_ratio_seed4,full,CB,V_raw,A0,T_ratio,0.0001662,4,holdout,-1,val,187,47,0,1,0.8337392263530423
full_CB_V_raw_A0_T_ratio_seed4,full,CB,V_raw,A0,T_ratio,0.0001662,4,holdout,-1,val,111,32,0,1,0.9591142120216294
full_CB_V_raw_A0_T_ratio_seed4,full,CB,V_raw,A0,T_ratio,0.0001662,4,holdout,-1,val,105,32,0,0,0.3861990383350275
full_CB_V_raw_A0_T_ratio_seed4,full,CB,V_raw,A0,T_ratio,0.0001662,4,holdout,-1,val,219,54,0,0,0.1213267092831851
full_CB_V_raw_A0_T_ratio_seed4,full,CB,V_raw,A0,T_ratio,0.0001662,4,holdout,-1,val,102,32,0,1,0.9391912791341606
full_CB_V_raw_A0_T_ratio_seed4,full,CB,V_raw,A0,T_ratio,0.0001662,4,holdout,-1,val,116,32,1,1,0.9747802684011336
full_CB_V_raw_A0_T_ratio_seed4,full,CB,V_raw,A0,T_ratio,0.0001662,4,holdout,-1,val,59,22,1,0,0.4847482365034352
full_CB_V_raw_A0_T_ratio_seed4,full,CB,V_raw,A0,T_ratio,0.0001662,4,holdout,-1,val,171,43,0,0,0.1972284297513186
full_CB_V_raw_A0_T_ratio_seed4,full,CB,V_raw,A0,T_ratio,0.0001662,4,holdout,-1,val,76,27,0,0,0.1527270220583483
full_CB_V_raw_A0_T_ratio_seed4,full,CB,V_raw,A0,T_ratio,0.0001662,4,holdout,-1,val,77,28,0,1,0.9508193160170324
full_CB_V_raw_A0_T_ratio_seed4,full,CB,V_raw,A0,T_ratio,0.0001662,4,holdout,-1,test,210,54,0,1,0.6944014120882342
full_CB_V_raw_A0_T_ratio_seed4,full,CB,V_raw,A0,T_ratio,0.0001662,4,holdout,-1,test,159,40,1,1,0.9896932855162734
full_CB_V_raw_A0_T_ratio_seed4,full,CB,V_raw,A0,T_ratio,0.0001662,4,holdout,-1,test,221,54,0,1,0.8576016810849494
full_CB_V_raw_A0_T_ratio_seed4,full,CB,V_raw,A0,T_ratio,0.0001662,4,holdout,-1,test,122,33,1,1,0.8751597176688494
full_CB_V_raw_A0_T_ratio_seed4,full,CB,V_raw,A0,T_ratio,0.0001662,4,holdout,-1,test,19,7,1,1,0.9672890259824196
full_CB_V_raw_A0_T_ratio_seed4,full,CB,V_raw,A0,T_ratio,0.0001662,4,holdout,-1,test,139,36,0,0,0.1495027619854418
full_CB_V_raw_A0_T_ratio_seed4,full,CB,V_raw,A0,T_ratio,0.0001662,4,holdout,-1,test,207,54,0,0,0.1213267092831851
full_CB_V_raw_A0_T_ratio_seed4,full,CB,V_raw,A0,T_ratio,0.0001662,4,holdout,-1,test,63,24,1,1,0.9718763821692928
full_CB_V_raw_A0_T_ratio_seed4,full,CB,V_raw,A0,T_ratio,0.0001662,4,holdout,-1,test,130,35,0,0,0.0575933984230369
full_CB_V_raw_A0_T_ratio_seed4,full,CB,V_raw,A0,T_ratio,0.0001662,4,holdout,-1,test,152,39,0,0,0.2767432237690019
full_CB_V_raw_A0_T_ratio_seed4,full,CB,V_raw,A0,T_ratio,0.0001662,4,holdout,-1,test,217,54,1,1,0.8218363478382888
full_CB_V_raw_A0_T_ratio_seed4,full,CB,V_raw,A0,T_ratio,0.0001662,4,holdout,-1,test,206,53,0,0,0.4491289855179809
full_CB_V_raw_A0_T_ratio_seed4,full,CB,V_raw,A0,T_ratio,0.0001662,4,holdout,-1,test,114,32,0,0,0.0149243173868742
full_CB_V_raw_A0_T_ratio_seed4,full,CB,V_raw,A0,T_ratio,0.0001662,4,holdout,-1,test,175,44,1,0,0.498987344902931
full_CB_V_raw_A0_T_ratio_seed4,full,CB,V_raw,A0,T_ratio,0.0001662,4,holdout,-1,test,18,6,1,1,0.9453815154945808
full_CB_V_raw_A0_T_ratio_seed4,full,CB,V_raw,A0,T_ratio,0.0001662,4,holdout,-1,test,88,30,1,1,0.8718495988102878
full_CB_V_raw_A0_T_ratio_seed4,full,CB,V_raw,A0,T_ratio,0.0001662,4,holdout,-1,test,101,32,0,1,0.9340765053653468
full_CB_V_raw_A0_T_ratio_seed4,full,CB,V_raw,A0,T_ratio,0.0001662,4,holdout,-1,test,9,3,0,0,0.0329680758248771
full_CB_V_raw_A0_T_ratio_seed4,full,CB,V_raw,A0,T_ratio,0.0001662,4,holdout,-1,test,118,32,1,0,0.1225307244895894
full_CB_V_raw_A0_T_ratio_seed4,full,CB,V_raw,A0,T_ratio,0.0001662,4,holdout,-1,test,204,51,1,1,0.9470260443895084
full_CB_V_raw_A0_T_ratio_seed4,full,CB,V_raw,A0,T_ratio,0.0001662,4,holdout,-1,test,205,51,1,1,0.8304903434847664
full_CB_V_raw_A0_T_ratio_seed4,full,CB,V_raw,A0,T_ratio,0.0001662,4,holdout,-1,test,176,44,1,1,0.5028457299493198
full_CB_V_raw_A0_T_ratio_seed4,full,CB,V_raw,A0,T_ratio,0.0001662,4,holdout,-1,test,35,16,1,1,0.734861789121603
full_CB_V_raw_A0_T_ratio_seed4,full,CB,V_raw,A0,T_ratio,0.0001662,4,holdout,-1,test,92,31,1,0,0.3772348983737836
full_CB_V_raw_A0_T_ratio_seed4,full,CB,V_raw,A0,T_ratio,0.0001662,4,holdout,-1,test,141,36,0,0,0.0374934417483404
full_CB_V_raw_A0_T_ratio_seed4,full,CB,V_raw,A0,T_ratio,0.0001662,4,holdout,-1,test,177,44,1,1,0.685620469709332
full_CB_V_raw_A0_T_ratio_seed4,full,CB,V_raw,A0,T_ratio,0.0001662,4,holdout,-1,test,34,15,0,0,0.1289393401493153
full_CB_V_raw_A0_T_ratio_seed4,full,CB,V_raw,A0,T_ratio,0.0001662,4,holdout,-1,test,184,47,1,1,0.724712446918551
full_CB_V_raw_A0_T_ratio_seed4,full,CB,V_raw,A0,T_ratio,0.0001662,4,holdout,-1,test,128,34,1,1,0.9220317066857864
full_CB_V_raw_A0_T_ratio_seed4,full,CB,V_raw,A0,T_ratio,0.0001662,4,holdout,-1,test,136,36,1,1,0.8379312855553764
full_CB_V_raw_A0_T_ratio_seed4,full,CB,V_raw,A0,T_ratio,0.0001662,4,holdout,-1,test,53,21,1,1,0.9760697265685356
full_CB_V_raw_A0_T_ratio_seed4,full,CB,V_raw,A0,T_ratio,0.0001662,4,holdout,-1,test,225,55,1,1,0.9900178572387416
full_CB_V_raw_A0_T_ratio_seed4,full,CB,V_raw,A0,T_ratio,0.0001662,4,holdout,-1,test,7,1,1,1,0.8527535444549452
ga_CB_V_raw_A0_T_main_seed0,ga,CB,V_raw,A0,T_main,0.000269,0,holdout,-1,val,134,36,1,0,0.3676173140551243
ga_CB_V_raw_A0_T_main_seed0,ga,CB,V_raw,A0,T_main,0.000269,0,holdout,-1,val,216,54,1,0,0.017968025480114
ga_CB_V_raw_A0_T_main_seed0,ga,CB,V_raw,A0,T_main,0.000269,0,holdout,-1,val,27,11,1,1,0.9800254754548232
ga_CB_V_raw_A0_T_main_seed0,ga,CB,V_raw,A0,T_main,0.000269,0,holdout,-1,val,137,36,0,1,0.6448671856436985
ga_CB_V_raw_A0_T_main_seed0,ga,CB,V_raw,A0,T_main,0.000269,0,holdout,-1,val,215,54,0,0,0.0097754129535735
ga_CB_V_raw_A0_T_main_seed0,ga,CB,V_raw,A0,T_main,0.000269,0,holdout,-1,val,208,54,0,0,0.0108546680571158
ga_CB_V_raw_A0_T_main_seed0,ga,CB,V_raw,A0,T_main,0.000269,0,holdout,-1,val,95,31,1,1,0.9917130796763456
ga_CB_V_raw_A0_T_main_seed0,ga,CB,V_raw,A0,T_main,0.000269,0,holdout,-1,val,116,32,1,1,0.8318850711471508
ga_CB_V_raw_A0_T_main_seed0,ga,CB,V_raw,A0,T_main,0.000269,0,holdout,-1,val,26,11,1,1,0.9800254754548232
ga_CB_V_raw_A0_T_main_seed0,ga,CB,V_raw,A0,T_main,0.000269,0,holdout,-1,val,94,31,1,1,0.9917130796763456
ga_CB_V_raw_A0_T_main_seed0,ga,CB,V_raw,A0,T_main,0.000269,0,holdout,-1,val,48,20,0,1,0.7792253430710534
ga_CB_V_raw_A0_T_main_seed0,ga,CB,V_raw,A0,T_main,0.000269,0,holdout,-1,val,141,36,0,0,0.0028326143898221
ga_CB_V_raw_A0_T_main_seed0,ga,CB,V_raw,A0,T_main,0.000269,0,holdout,-1,val,140,36,0,0,0.0028326143898221
ga_CB_V_raw_A0_T_main_seed0,ga,CB,V_raw,A0,T_main,0.000269,0,holdout,-1,test,225,55,1,1,0.9979274804536616
ga_CB_V_raw_A0_T_main_seed0,ga,CB,V_raw,A0,T_main,0.000269,0,holdout,-1,test,146,38,1,1,0.9966473012829524
ga_CB_V_raw_A0_T_main_seed0,ga,CB,V_raw,A0,T_main,0.000269,0,holdout,-1,test,90,31,0,0,0.0209844028528533
ga_CB_V_raw_A0_T_main_seed0,ga,CB,V_raw,A0,T_main,0.000269,0,holdout,-1,test,145,37,1,1,0.9941669051716108
ga_CB_V_raw_A0_T_main_seed0,ga,CB,V_raw,A0,T_main,0.000269,0,holdout,-1,test,113,32,0,1,0.6800068771414836
ga_CB_V_raw_A0_T_main_seed0,ga,CB,V_raw,A0,T_main,0.000269,0,holdout,-1,test,52,21,1,1,0.9990143009300424
ga_CB_V_raw_A0_T_main_seed0,ga,CB,V_raw,A0,T_main,0.000269,0,holdout,-1,test,58,22,1,0,0.2082460419553256
ga_CB_V_raw_A0_T_main_seed0,ga,CB,V_raw,A0,T_main,0.000269,0,holdout,-1,test,23,11,0,0,0.0086578316401362
ga_CB_V_raw_A0_T_main_seed0,ga,CB,V_raw,A0,T_main,0.000269,0,holdout,-1,test,211,54,1,1,0.994737631377697
ga_CB_V_raw_A0_T_main_seed0,ga,CB,V_raw,A0,T_main,0.000269,0,holdout,-1,test,221,54,0,0,0.0097754129535735
ga_CB_V_raw_A0_T_main_seed0,ga,CB,V_raw,A0,T_main,0.000269,0,holdout,-1,test,96,31,1,1,0.996545754648196
ga_CB_V_raw_A0_T_main_seed0,ga,CB,V_raw,A0,T_main,0.000269,0,holdout,-1,test,47,20,0,0,0.0614997928082505
ga_CB_V_raw_A0_T_main_seed0,ga,CB,V_raw,A0,T_main,0.000269,0,holdout,-1,test,25,11,1,1,0.9703233066471408
ga_AB_V_raw_A0_T_main_seed0,ga,AB,V_raw,A0,T_main,0.000269,0,holdout,-1,val,134,36,1,1,0.5356402433086902
ga_AB_V_raw_A0_T_main_seed0,ga,AB,V_raw,A0,T_main,0.000269,0,holdout,-1,val,216,54,1,0,0.4563610597950138
ga_AB_V_raw_A0_T_main_seed0,ga,AB,V_raw,A0,T_main,0.000269,0,holdout,-1,val,27,11,1,1,0.5425658866443481
ga_AB_V_raw_A0_T_main_seed0,ga,AB,V_raw,A0,T_main,0.000269,0,holdout,-1,val,137,36,0,1,0.5594294332001192
ga_AB_V_raw_A0_T_main_seed0,ga,AB,V_raw,A0,T_main,0.000269,0,holdout,-1,val,215,54,0,0,0.4653723891783542
ga_AB_V_raw_A0_T_main_seed0,ga,AB,V_raw,A0,T_main,0.000269,0,holdout,-1,val,208,54,0,0,0.4554843692159114
ga_AB_V_raw_A0_T_main_seed0,ga,AB,V_raw,A0,T_main,0.000269,0,holdout,-1,val,95,31,1,1,0.6216194963405521
ga_AB_V_raw_A0_T_main_seed0,ga,AB,V_raw,A0,T_main,0.000269,0,holdout,-1,val,116,32,1,0,0.4905839333540394
ga_AB_V_raw_A0_T_main_seed0,ga,AB,V_raw,A0,T_main,0.000269,0,holdout,-1,val,26,11,1,1,0.5425658866443481
ga_AB_V_raw_A0_T_main_seed0,ga,AB,V_raw,A0,T_main,0.000269,0,holdout,-1,val,94,31,1,1,0.6216194963405521
ga_AB_V_raw_A0_T_main_seed0,ga,AB,V_raw,A0,T_main,0.000269,0,holdout,-1,val,48,20,0,0,0.4853876955432896
ga_AB_V_raw_A0_T_main_seed0,ga,AB,V_raw,A0,T_main,0.000269,0,holdout,-1,val,141,36,0,0,0.3957223264259982
ga_AB_V_raw_A0_T_main_seed0,ga,AB,V_raw,A0,T_main,0.000269,0,holdout,-1,val,140,36,0,0,0.3957223264259982
ga_AB_V_raw_A0_T_main_seed0,ga,AB,V_raw,A0,T_main,0.000269,0,holdout,-1,test,225,55,1,1,0.6645615916693026
ga_AB_V_raw_A0_T_main_seed0,ga,AB,V_raw,A0,T_main,0.000269,0,holdout,-1,test,146,38,1,1,0.602162097776623
ga_AB_V_raw_A0_T_main_seed0,ga,AB,V_raw,A0,T_main,0.000269,0,holdout,-1,test,90,31,0,0,0.456497282235804
ga_AB_V_raw_A0_T_main_seed0,ga,AB,V_raw,A0,T_main,0.000269,0,holdout,-1,test,145,37,1,1,0.5837093478516929
ga_AB_V_raw_A0_T_main_seed0,ga,AB,V_raw,A0,T_main,0.000269,0,holdout,-1,test,113,32,0,1,0.5113099785359063
ga_AB_V_raw_A0_T_main_seed0,ga,AB,V_raw,A0,T_main,0.000269,0,holdout,-1,test,52,21,1,1,0.6261070825905255
ga_AB_V_raw_A0_T_main_seed0,ga,AB,V_raw,A0,T_main,0.000269,0,holdout,-1,test,58,22,1,0,0.4723437457432714
ga_AB_V_raw_A0_T_main_seed0,ga,AB,V_raw,A0,T_main,0.000269,0,holdout,-1,test,23,11,0,0,0.3872008959564446
ga_AB_V_raw_A0_T_main_seed0,ga,AB,V_raw,A0,T_main,0.000269,0,holdout,-1,test,211,54,1,1,0.560780269092631
ga_AB_V_raw_A0_T_main_seed0,ga,AB,V_raw,A0,T_main,0.000269,0,holdout,-1,test,221,54,0,0,0.4653723891783542
ga_AB_V_raw_A0_T_main_seed0,ga,AB,V_raw,A0,T_main,0.000269,0,holdout,-1,test,96,31,1,1,0.6489537535354353
ga_AB_V_raw_A0_T_main_seed0,ga,AB,V_raw,A0,T_main,0.000269,0,holdout,-1,test,47,20,0,0,0.3819380075339351
ga_AB_V_raw_A0_T_main_seed0,ga,AB,V_raw,A0,T_main,0.000269,0,holdout,-1,test,25,11,1,1,0.5571854478168604
ga_CB_V_raw_A0_T_main_seed1,ga,CB,V_raw,A0,T_main,0.000269,1,holdout,-1,val,218,54,1,1,0.9651290449084812
ga_CB_V_raw_A0_T_main_seed1,ga,CB,V_raw,A0,T_main,0.000269,1,holdout,-1,val,47,20,0,0,0.0549297538404296
ga_CB_V_raw_A0_T_main_seed1,ga,CB,V_raw,A0,T_main,0.000269,1,holdout,-1,val,228,55,1,1,0.6273083620906763
ga_CB_V_raw_A0_T_main_seed1,ga,CB,V_raw,A0,T_main,0.000269,1,holdout,-1,val,136,36,1,1,0.8483081325942311
ga_CB_V_raw_A0_T_main_seed1,ga,CB,V_raw,A0,T_main,0.000269,1,holdout,-1,val,222,54,0,1,0.5481600872067482
ga_CB_V_raw_A0_T_main_seed1,ga,CB,V_raw,A0,T_main,0.000269,1,holdout,-1,val,108,32,0,0,0.205354033502977
ga_CB_V_raw_A0_T_main_seed1,ga,CB,V_raw,A0,T_main,0.000269,1,holdout,-1,val,95,31,1,1,0.9850158234406742
ga_CB_V_raw_A0_T_main_seed1,ga,CB,V_raw,A0,T_main,0.000269,1,holdout,-1,val,208,54,0,0,0.0434829865835509
ga_CB_V_raw_A0_T_main_seed1,ga,CB,V_raw,A0,T_main,0.000269,1,holdout,-1,val,103,32,0,0,0.1766722848573949
ga_CB_V_raw_A0_T_main_seed1,ga,CB,V_raw,A0,T_main,0.000269,1,holdout,-1,val,139,36,0,0,0.0281800709680334
ga_CB_V_raw_A0_T_main_seed1,ga,CB,V_raw,A0,T_main,0.000269,1,holdout,-1,val,29,11,1,1,0.9574144285204772
ga_CB_V_raw_A0_T_main_seed1,ga,CB,V_raw,A0,T_main,0.000269,1,holdout,-1,val,28,11,1,1,0.9561838205670852
ga_CB_V_raw_A0_T_main_seed1,ga,CB,V_raw,A0,T_main,0.000269,1,holdout,-1,val,93,31,1,1,0.9832450108734412
ga_CB_V_raw_A0_T_main_seed1,ga,CB,V_raw,A0,T_main,0.000269,1,holdout,-1,test,217,54,1,1,0.9595169670563912
ga_CB_V_raw_A0_T_main_seed1,ga,CB,V_raw,A0,T_main,0.000269,1,holdout,-1,test,90,31,0,0,0.1112181637579671
ga_CB_V_raw_A0_T_main_seed1,ga,CB,V_raw,A0,T_main,0.000269,1,holdout,-1,test,25,11,1,1,0.8596360105647871
ga_CB_V_raw_A0_T_main_seed1,ga,CB,V_raw,A0,T_main,0.000269,1,holdout,-1,test,60,22,0,0,0.1093159198494237
ga_CB_V_raw_A0_T_main_seed1,ga,CB,V_raw,A0,T_main,0.000269,1,holdout,-1,test,51,21,1,1,0.9841015705503504
ga_CB_V_raw_A0_T_main_seed1,ga,CB,V_raw,A0,T_main,0.000269,1,holdout,-1,test,20,8,1,1,0.7541701987261991
ga_CB_V_raw_A0_T_main_seed1,ga,CB,V_raw,A0,T_main,0.000269,1,holdout,-1,test,225,55,1,1,0.9859944703751122
ga_CB_V_raw_A0_T_main_seed1,ga,CB,V_raw,A0,T_main,0.000269,1,holdout,-1,test,101,32,0,0,0.1113566776333633
ga_CB_V_raw_A0_T_main_seed1,ga,CB,V_raw,A0,T_main,0.000269,1,holdout,-1,test,118,32,1,1,0.577774329780367
ga_CB_V_raw_A0_T_main_seed1,ga,CB,V_raw,A0,T_main,0.000269,1,holdout,-1,test,57,22,1,1,0.9620840528168768
ga_CB_V_raw_A0_T_main_seed1,ga,CB,V_raw,A0,T_main,0.000269,1,holdout,-1,test,49,20,0,0,0.1316929639127545
ga_CB_V_raw_A0_T_main_seed1,ga,CB,V_raw,A0,T_main,0.000269,1,holdout,-1,test,94,31,1,1,0.985184245978932
ga_CB_V_raw_A0_T_main_seed1,ga,CB,V_raw,A0,T_main,0.000269,1,holdout,-1,test,102,32,0,0,0.1110158158260918
ga_AB_V_raw_A0_T_main_seed1,ga,AB,V_raw,A0,T_main,0.000269,1,holdout,-1,val,218,54,1,1,0.6619910858305166
ga_AB_V_raw_A0_T_main_seed1,ga,AB,V_raw,A0,T_main,0.000269,1,holdout,-1,val,47,20,0,0,0.2556978325288125
ga_AB_V_raw_A0_T_main_seed1,ga,AB,V_raw,A0,T_main,0.000269,1,holdout,-1,val,228,55,1,0,0.4166541050875226
ga_AB_V_raw_A0_T_main_seed1,ga,AB,V_raw,A0,T_main,0.000269,1,holdout,-1,val,136,36,1,1,0.6116945422114258
ga_AB_V_raw_A0_T_main_seed1,ga,AB,V_raw,A0,T_main,0.000269,1,holdout,-1,val,222,54,0,1,0.6116945422114258
ga_AB_V_raw_A0_T_main_seed1,ga,AB,V_raw,A0,T_main,0.000269,1,holdout,-1,val,108,32,0,1,0.6116945422114258
ga_AB_V_raw_A0_T_main_seed1,ga,AB,V_raw,A0,T_main,0.000269,1,holdout,-1,val,95,31,1,1,0.7344998038178184
ga_AB_V_raw_A0_T_main_seed1,ga,AB,V_raw,A0,T_main,0.000269,1,holdout,-1,val,208,54,0,0,0.2556978325288125
ga_AB_V_raw_A0_T_main_seed1,ga,AB,V_raw,A0,T_main,0.000269,1,holdout,-1,val,103,32,0,1,0.6116945422114258
ga_AB_V_raw_A0_T_main_seed1,ga,AB,V_raw,A0,T_main,0.000269,1,holdout,-1,val,139,36,0,0,0.3968476071532875
ga_AB_V_raw_A0_T_main_seed1,ga,AB,V_raw,A0,T_main,0.000269,1,holdout,-1,val,29,11,1,1,0.6297275766901467
ga_AB_V_raw_A0_T_main_seed1,ga,AB,V_raw,A0,T_main,0.000269,1,holdout,-1,val,28,11,1,1,0.6297275766901467
ga_AB_V_raw_A0_T_main_seed1,ga,AB,V_raw,A0,T_main,0.000269,1,holdout,-1,val,93,31,1,1,0.7344998038178184
ga_AB_V_raw_A0_T_main_seed1,ga,AB,V_raw,A0,T_main,0.000269,1,holdout,-1,test,217,54,1,1,0.6619910858305166
ga_AB_V_raw_A0_T_main_seed1,ga,AB,V_raw,A0,T_main,0.000269,1,holdout,-1,test,90,31,0,0,0.3267203072785985
ga_AB_V_raw_A0_T_main_seed1,ga,AB,V_raw,A0,T_main,0.000269,1,holdout,-1,test,25,11,1,1,0.6297275766901467
ga_AB_V_raw_A0_T_main_seed1,ga,AB,V_raw,A0,T_main,0.000269,1,holdout,-1,test,60,22,0,0,0.4850677054352649
ga_AB_V_raw_A0_T_main_seed1,ga,AB,V_raw,A0,T_main,0.000269,1,holdout,-1,test,51,21,1,1,0.66599183666709
ga_AB_V_raw_A0_T_main_seed1,ga,AB,V_raw,A0,T_main,0.000269,1,holdout,-1,test,20,8,1,0,0.3267203072785985
ga_AB_V_raw_A0_T_main_seed1,ga,AB,V_raw,A0,T_main,0.000269,1,holdout,-1,test,225,55,1,1,0.6619910858305166
ga_AB_V_raw_A0_T_main_seed1,ga,AB,V_raw,A0,T_main,0.000269,1,holdout,-1,test,101,32,0,0,0.3648759296762869
ga_AB_V_raw_A0_T_main_seed1,ga,AB,V_raw,A0,T_main,0.000269,1,holdout,-1,test,118,32,1,1,0.6619910858305166
ga_AB_V_raw_A0_T_main_seed1,ga,AB,V_raw,A0,T_main,0.000269,1,holdout,-1,test,57,22,1,1,0.6619910858305166
ga_AB_V_raw_A0_T_main_seed1,ga,AB,V_raw,A0,T_main,0.000269,1,holdout,-1,test,49,20,0,1,0.6619910858305166
ga_AB_V_raw_A0_T_main_seed1,ga,AB,V_raw,A0,T_main,0.000269,1,holdout,-1,test,94,31,1,1,0.7344998038178184
ga_AB_V_raw_A0_T_main_seed1,ga,AB,V_raw,A0,T_main,0.000269,1,holdout,-1,test,102,32,0,0,0.3648759296762869
ga_CB_V_raw_A0_T_main_seed2,ga,CB,V_raw,A0,T_main,0.000269,2,holdout,-1,val,142,37,1,1,0.7671833729742201
ga_CB_V_raw_A0_T_main_seed2,ga,CB,V_raw,A0,T_main,0.000269,2,holdout,-1,val,145,37,1,1,0.9698025496910568
ga_CB_V_raw_A0_T_main_seed2,ga,CB,V_raw,A0,T_main,0.000269,2,holdout,-1,val,50,20,0,0,0.0246818139137924
ga_CB_V_raw_A0_T_main_seed2,ga,CB,V_raw,A0,T_main,0.000269,2,holdout,-1,val,91,31,0,0,0.0215054406714005
ga_CB_V_raw_A0_T_main_seed2,ga,CB,V_raw,A0,T_main,0.000269,2,holdout,-1,val,113,32,0,0,0.4726596467248324
ga_CB_V_raw_A0_T_main_seed2,ga,CB,V_raw,A0,T_main,0.000269,2,holdout,-1,val,207,54,0,0,0.0101287783994177
ga_CB_V_raw_A0_T_main_seed2,ga,CB,V_raw,A0,T_main,0.000269,2,holdout,-1,val,27,11,1,1,0.9888681262292148
ga_CB_V_raw_A0_T_main_seed2,ga,CB,V_raw,A0,T_main,0.000269,2,holdout,-1,val,45,19,1,0,0.4726700778681331
ga_CB_V_raw_A0_T_main_seed2,ga,CB,V_raw,A0,T_main,0.000269,2,holdout,-1,val,24,11,0,0,0.2890868868204749
ga_CB_V_raw_A0_T_main_seed2,ga,CB,V_raw,A0,T_main,0.000269,2,holdout,-1,val,94,31,1,1,0.9937735392566176
ga_CB_V_raw_A0_T_main_seed2,ga,CB,V_raw,A0,T_main,0.000269,2,holdout,-1,val,147,38,1,1,0.993628600528898
ga_CB_V_raw_A0_T_main_seed2,ga,CB,V_raw,A0,T_main,0.000269,2,holdout,-1,val,140,36,0,0,0.0137312062176162
ga_CB_V_raw_A0_T_main_seed2,ga,CB,V_raw,A0,T_main,0.000269,2,holdout,-1,val,218,54,1,1,0.9905559410182758
ga_CB_V_raw_A0_T_main_seed2,ga,CB,V_raw,A0,T_main,0.000269,2,holdout,-1,test,112,32,0,0,0.0593095552721584
ga_CB_V_raw_A0_T_main_seed2,ga,CB,V_raw,A0,T_main,0.000269,2,holdout,-1,test,225,55,1,1,0.993742698764502
ga_CB_V_raw_A0_T_main_seed2,ga,CB,V_raw,A0,T_main,0.000269,2,holdout,-1,test,51,21,1,1,0.9921205277066028
ga_CB_V_raw_A0_T_main_seed2,ga,CB,V_raw,A0,T_main,0.000269,2,holdout,-1,test,211,54,1,1,0.9906062085826234
ga_CB_V_raw_A0_T_main_seed2,ga,CB,V_raw,A0,T_main,0.000269,2,holdout,-1,test,28,11,1,1,0.9887723723792308
ga_CB_V_raw_A0_T_main_seed2,ga,CB,V_raw,A0,T_main,0.000269,2,holdout,-1,test,60,22,0,0,0.0234162876607953
ga_CB_V_raw_A0_T_main_seed2,ga,CB,V_raw,A0,T_main,0.000269,2,holdout,-1,test,101,32,0,0,0.0090144528099886
ga_CB_V_raw_A0_T_main_seed2,ga,CB,V_raw,A0,T_main,0.000269,2,holdout,-1,test,139,36,0,0,0.0103765887578461
ga_CB_V_raw_A0_T_main_seed2,ga,CB,V_raw,A0,T_main,0.000269,2,holdout,-1,test,107,32,0,0,0.0300174179607379
ga_CB_V_raw_A0_T_main_seed2,ga,CB,V_raw,A0,T_main,0.000269,2,holdout,-1,test,56,22,1,1,0.9365052213162034
ga_CB_V_raw_A0_T_main_seed2,ga,CB,V_raw,A0,T_main,0.000269,2,holdout,-1,test,135,36,1,1,0.9777783834055688
ga_CB_V_raw_A0_T_main_seed2,ga,CB,V_raw,A0,T_main,0.000269,2,holdout,-1,test,224,54,1,1,0.9905559410182758
ga_CB_V_raw_A0_T_main_seed2,ga,CB,V_raw,A0,T_main,0.000269,2,holdout,-1,test,92,31,1,1,0.8198327775359542
ga_AB_V_raw_A0_T_main_seed2,ga,AB,V_raw,A0,T_main,0.000269,2,holdout,-1,val,142,37,1,1,0.659634332893679
ga_AB_V_raw_A0_T_main_seed2,ga,AB,V_raw,A0,T_main,0.000269,2,holdout,-1,val,145,37,1,1,0.6611716027546751
ga_AB_V_raw_A0_T_main_seed2,ga,AB,V_raw,A0,T_main,0.000269,2,holdout,-1,val,50,20,0,0,0.4931754422404894
ga_AB_V_raw_A0_T_main_seed2,ga,AB,V_raw,A0,T_main,0.000269,2,holdout,-1,val,91,31,0,0,0.4272687826847422
ga_AB_V_raw_A0_T_main_seed2,ga,AB,V_raw,A0,T_main,0.000269,2,holdout,-1,val,113,32,0,1,0.537146587781469
ga_AB_V_raw_A0_T_main_seed2,ga,AB,V_raw,A0,T_main,0.000269,2,holdout,-1,val,207,54,0,0,0.3748576195445109
ga_AB_V_raw_A0_T_main_seed2,ga,AB,V_raw,A0,T_main,0.000269,2,holdout,-1,val,27,11,1,1,0.6105349758726165
ga_AB_V_raw_A0_T_main_seed2,ga,AB,V_raw,A0,T_main,0.000269,2,holdout,-1,val,45,19,1,0,0.4349970832674653
ga_AB_V_raw_A0_T_main_seed2,ga,AB,V_raw,A0,T_main,0.000269,2,holdout,-1,val,24,11,0,0,0.475097189977529
ga_AB_V_raw_A0_T_main_seed2,ga,AB,V_raw,A0,T_main,0.000269,2,holdout,-1,val,94,31,1,1,0.6411737379525877
ga_AB_V_raw_A0_T_main_seed2,ga,AB,V_raw,A0,T_main,0.000269,2,holdout,-1,val,147,38,1,1,0.5959290099365837
ga_AB_V_raw_A0_T_main_seed2,ga,AB,V_raw,A0,T_main,0.000269,2,holdout,-1,val,140,36,0,0,0.331596201064753
ga_AB_V_raw_A0_T_main_seed2,ga,AB,V_raw,A0,T_main,0.000269,2,holdout,-1,val,218,54,1,1,0.5507766798083296
ga_AB_V_raw_A0_T_main_seed2,ga,AB,V_raw,A0,T_main,0.000269,2,holdout,-1,test,112,32,0,1,0.5040612886800184
ga_AB_V_raw_A0_T_main_seed2,ga,AB,V_raw,A0,T_main,0.000269,2,holdout,-1,test,225,55,1,1,0.6510628412654614
ga_AB_V_raw_A0_T_main_seed2,ga,AB,V_raw,A0,T_main,0.000269,2,holdout,-1,test,51,21,1,1,0.5720394411200955
ga_AB_V_raw_A0_T_main_seed2,ga,AB,V_raw,A0,T_main,0.000269,2,holdout,-1,test,211,54,1,1,0.5574005491152366
ga_AB_V_raw_A0_T_main_seed2,ga,AB,V_raw,A0,T_main,0.000269,2,holdout,-1,test,28,11,1,1,0.6105349758726165
ga_AB_V_raw_A0_T_main_seed2,ga,AB,V_raw,A0,T_main,0.000269,2,holdout,-1,test,60,22,0,0,0.4298926710765275
ga_AB_V_raw_A0_T_main_seed2,ga,AB,V_raw,A0,T_main,0.000269,2,holdout,-1,test,101,32,0,0,0.404083136028487
ga_AB_V_raw_A0_T_main_seed2,ga,AB,V_raw,A0,T_main,0.000269,2,holdout,-1,test,139,36,0,0,0.42848492243836
ga_AB_V_raw_A0_T_main_seed2,ga,AB,V_raw,A0,T_main,0.000269,2,holdout,-1,test,107,32,0,0,0.4406814481396723
ga_AB_V_raw_A0_T_main_seed2,ga,AB,V_raw,A0,T_main,0.000269,2,holdout,-1,test,56,22,1,1,0.5177713315135937
ga_AB_V_raw_A0_T_main_seed2,ga,AB,V_raw,A0,T_main,0.000269,2,holdout,-1,test,135,36,1,1,0.5491072471794709
ga_AB_V_raw_A0_T_main_seed2,ga,AB,V_raw,A0,T_main,0.000269,2,holdout,-1,test,224,54,1,1,0.5507766798083296
ga_AB_V_raw_A0_T_main_seed2,ga,AB,V_raw,A0,T_main,0.000269,2,holdout,-1,test,92,31,1,1,0.5299480979063151
ga_CB_V_raw_A0_T_main_seed3,ga,CB,V_raw,A0,T_main,0.000269,3,holdout,-1,val,107,32,0,0,0.0116149626987938
ga_CB_V_raw_A0_T_main_seed3,ga,CB,V_raw,A0,T_main,0.000269,3,holdout,-1,val,148,38,1,1,0.9936667712453956
ga_CB_V_raw_A0_T_main_seed3,ga,CB,V_raw,A0,T_main,0.000269,3,holdout,-1,val,220,54,0,0,0.0086094140510435
ga_CB_V_raw_A0_T_main_seed3,ga,CB,V_raw,A0,T_main,0.000269,3,holdout,-1,val,136,36,1,1,0.9871429605504992
ga_CB_V_raw_A0_T_main_seed3,ga,CB,V_raw,A0,T_main,0.000269,3,holdout,-1,val,221,54,0,0,0.0085758618893975
ga_CB_V_raw_A0_T_main_seed3,ga,CB,V_raw,A0,T_main,0.000269,3,holdout,-1,val,216,54,1,0,0.0131893272992639
ga_CB_V_raw_A0_T_main_seed3,ga,CB,V_raw,A0,T_main,0.000269,3,holdout,-1,val,177,44,1,1,0.8393740818029465
ga_CB_V_raw_A0_T_main_seed3,ga,CB,V_raw,A0,T_main,0.000269,3,holdout,-1,val,26,11,1,1,0.994776904579275
ga_CB_V_raw_A0_T_main_seed3,ga,CB,V_raw,A0,T_main,0.000269,3,holdout,-1,val,111,32,0,0,0.0400154738518392
ga_CB_V_raw_A0_T_main_seed3,ga,CB,V_raw,A0,T_main,0.000269,3,holdout,-1,val,57,22,1,1,0.9942649083994493
ga_CB_V_raw_A0_T_main_seed3,ga,CB,V_raw,A0,T_main,0.000269,3,holdout,-1,val,214,54,0,0,0.0086094140510435
ga_CB_V_raw_A0_T_main_seed3,ga,CB,V_raw,A0,T_main,0.000269,3,holdout,-1,val,93,31,1,1,0.9950598246411958
ga_CB_V_raw_A0_T_main_seed3,ga,CB,V_raw,A0,T_main,0.000269,3,holdout,-1,val,207,54,0,0,0.0001938283248191
ga_CB_V_raw_A0_T_main_seed3,ga,CB,V_raw,A0,T_main,0.000269,3,holdout,-1,test,151,38,1,1,0.9837889918889802
ga_CB_V_raw_A0_T_main_seed3,ga,CB,V_raw,A0,T_main,0.000269,3,holdout,-1,test,97,31,1,1,0.996899107418874
ga_CB_V_raw_A0_T_main_seed3,ga,CB,V_raw,A0,T_main,0.000269,3,holdout,-1,test,92,31,1,0,0.3325253502594611
ga_CB_V_raw_A0_T_main_seed3,ga,CB,V_raw,A0,T_main,0.000269,3,holdout,-1,test,58,22,1,0,0.0427908077131208
ga_CB_V_raw_A0_T_main_seed3,ga,CB,V_raw,A0,T_main,0.000269,3,holdout,-1,test,60,22,0,0,0.0152645405473542
ga_CB_V_raw_A0_T_main_seed3,ga,CB,V_raw,A0,T_main,0.000269,3,holdout,-1,test,47,20,0,0,0.0039087991456162
ga_CB_V_raw_A0_T_main_seed3,ga,CB,V_raw,A0,T_main,0.000269,3,holdout,-1,test,142,37,1,1,0.8385533275551698
ga_CB_V_raw_A0_T_main_seed3,ga,CB,V_raw,A0,T_main,0.000269,3,holdout,-1,test,141,36,0,0,0.0019260516331747
ga_CB_V_raw_A0_T_main_seed3,ga,CB,V_raw,A0,T_main,0.000269,3,holdout,-1,test,23,11,0,0,0.0175263981601338
ga_CB_V_raw_A0_T_main_seed3,ga,CB,V_raw,A0,T_main,0.000269,3,holdout,-1,test,144,37,1,1,0.993875343060889
ga_CB_V_raw_A0_T_main_seed3,ga,CB,V_raw,A0,T_main,0.000269,3,holdout,-1,test,147,38,1,1,0.9936667712453956
ga_CB_V_raw_A0_T_main_seed3,ga,CB,V_raw,A0,T_main,0.000269,3,holdout,-1,test,138,36,0,0,0.0180504220322707
ga_CB_V_raw_A0_T_main_seed3,ga,CB,V_raw,A0,T_main,0.000269,3,holdout,-1,test,98,31,1,1,0.9950598246411958
ga_AB_V_raw_A0_T_main_seed3,ga,AB,V_raw,A0,T_main,0.000269,3,holdout,-1,val,107,32,0,0,0.4486717518988866
ga_AB_V_raw_A0_T_main_seed3,ga,AB,V_raw,A0,T_main,0.000269,3,holdout,-1,val,148,38,1,1,0.5618150109136639
ga_AB_V_raw_A0_T_main_seed3,ga,AB,V_raw,A0,T_main,0.000269,3,holdout,-1,val,220,54,0,0,0.4551986208418549
ga_AB_V_raw_A0_T_main_seed3,ga,AB,V_raw,A0,T_main,0.000269,3,holdout,-1,val,136,36,1,1,0.5635414797217961
ga_AB_V_raw_A0_T_main_seed3,ga,AB,V_raw,A0,T_main,0.000269,3,holdout,-1,val,221,54,0,0,0.4551986208418549
ga_AB_V_raw_A0_T_main_seed3,ga,AB,V_raw,A0,T_main,0.000269,3,holdout,-1,val,216,54,1,0,0.4548090850408442
ga_AB_V_raw_A0_T_main_seed3,ga,AB,V_raw,A0,T_main,0.000269,3,holdout,-1,val,177,44,1,0,0.4880872666409651
ga_AB_V_raw_A0_T_main_seed3,ga,AB,V_raw,A0,T_main,0.000269,3,holdout,-1,val,26,11,1,1,0.5578879165111895
ga_AB_V_raw_A0_T_main_seed3,ga,AB,V_raw,A0,T_main,0.000269,3,holdout,-1,val,111,32,0,0,0.4608486055024181
ga_AB_V_raw_A0_T_main_seed3,ga,AB,V_raw,A0,T_main,0.000269,3,holdout,-1,val,57,22,1,1,0.531546405236812
ga_AB_V_raw_A0_T_main_seed3,ga,AB,V_raw,A0,T_main,0.000269,3,holdout,-1,val,214,54,0,0,0.4551986208418549
ga_AB_V_raw_A0_T_main_seed3,ga,AB,V_raw,A0,T_main,0.000269,3,holdout,-1,val,93,31,1,1,0.555052292515174
ga_AB_V_raw_A0_T_main_seed3,ga,AB,V_raw,A0,T_main,0.000269,3,holdout,-1,val,207,54,0,0,0.36024820673287
ga_AB_V_raw_A0_T_main_seed3,ga,AB,V_raw,A0,T_main,0.000269,3,holdout,-1,test,151,38,1,1,0.558416903100544
ga_AB_V_raw_A0_T_main_seed3,ga,AB,V_raw,A0,T_main,0.000269,3,holdout,-1,test,97,31,1,1,0.5661278847449484
ga_AB_V_raw_A0_T_main_seed3,ga,AB,V_raw,A0,T_main,0.000269,3,holdout,-1,test,92,31,1,0,0.4571247661782128
ga_AB_V_raw_A0_T_main_seed3,ga,AB,V_raw,A0,T_main,0.000269,3,holdout,-1,test,58,22,1,0,0.3956988094400753
ga_AB_V_raw_A0_T_main_seed3,ga,AB,V_raw,A0,T_main,0.000269,3,holdout,-1,test,60,22,0,0,0.3902763227821743
ga_AB_V_raw_A0_T_main_seed3,ga,AB,V_raw,A0,T_main,0.000269,3,holdout,-1,test,47,20,0,0,0.3553866118461392
ga_AB_V_raw_A0_T_main_seed3,ga,AB,V_raw,A0,T_main,0.000269,3,holdout,-1,test,142,37,1,1,0.6138121152166477
ga_AB_V_raw_A0_T_main_seed3,ga,AB,V_raw,A0,T_main,0.000269,3,holdout,-1,test,141,36,0,0,0.3892266448287833
ga_AB_V_raw_A0_T_main_seed3,ga,AB,V_raw,A0,T_main,0.000269,3,holdout,-1,test,23,11,0,0,0.4454065700179494
ga_AB_V_raw_A0_T_main_seed3,ga,AB,V_raw,A0,T_main,0.000269,3,holdout,-1,test,144,37,1,1,0.5508450106060738
ga_AB_V_raw_A0_T_main_seed3,ga,AB,V_raw,A0,T_main,0.000269,3,holdout,-1,test,147,38,1,1,0.5618150109136639
ga_AB_V_raw_A0_T_main_seed3,ga,AB,V_raw,A0,T_main,0.000269,3,holdout,-1,test,138,36,0,0,0.4614932246749766
ga_AB_V_raw_A0_T_main_seed3,ga,AB,V_raw,A0,T_main,0.000269,3,holdout,-1,test,98,31,1,1,0.555052292515174
ga_CB_V_raw_A0_T_main_seed4,ga,CB,V_raw,A0,T_main,0.000269,4,holdout,-1,val,135,36,1,1,0.9550478486952676
ga_CB_V_raw_A0_T_main_seed4,ga,CB,V_raw,A0,T_main,0.000269,4,holdout,-1,val,221,54,0,0,0.0119077787522987
ga_CB_V_raw_A0_T_main_seed4,ga,CB,V_raw,A0,T_main,0.000269,4,holdout,-1,val,117,32,1,1,0.9723303702061994
ga_CB_V_raw_A0_T_main_seed4,ga,CB,V_raw,A0,T_main,0.000269,4,holdout,-1,val,111,32,0,1,0.9513806738576512
ga_CB_V_raw_A0_T_main_seed4,ga,CB,V_raw,A0,T_main,0.000269,4,holdout,-1,val,102,32,0,0,0.0050876818288894
ga_CB_V_raw_A0_T_main_seed4,ga,CB,V_raw,A0,T_main,0.000269,4,holdout,-1,val,215,54,0,0,0.0119077787522987
ga_CB_V_raw_A0_T_main_seed4,ga,CB,V_raw,A0,T_main,0.000269,4,holdout,-1,val,98,31,1,1,0.9966367306643558
ga_CB_V_raw_A0_T_main_seed4,ga,CB,V_raw,A0,T_main,0.000269,4,holdout,-1,val,113,32,0,1,0.9801416271750286
ga_CB_V_raw_A0_T_main_seed4,ga,CB,V_raw,A0,T_main,0.000269,4,holdout,-1,val,59,22,0,1,0.9219845842397736
ga_CB_V_raw_A0_T_main_seed4,ga,CB,V_raw,A0,T_main,0.000269,4,holdout,-1,val,134,36,1,1,0.9272301404205164
ga_CB_V_raw_A0_T_main_seed4,ga,CB,V_raw,A0,T_main,0.000269,4,holdout,-1,val,54,21,1,1,0.9985148630407868
ga_CB_V_raw_A0_T_main_seed4,ga,CB,V_raw,A0,T_main,0.000269,4,holdout,-1,val,225,55,1,1,0.9973362904666212
ga_CB_V_raw_A0_T_main_seed4,ga,CB,V_raw,A0,T_main,0.000269,4,holdout,-1,val,56,22,1,1,0.9794444301234658
ga_CB_V_raw_A0_T_main_seed4,ga,CB,V_raw,A0,T_main,0.000269,4,holdout,-1,test,27,11,1,1,0.989365136043374
ga_CB_V_raw_A0_T_main_seed4,ga,CB,V_raw,A0,T_main,0.000269,4,holdout,-1,test,212,54,1,1,0.991466504435557
ga_CB_V_raw_A0_T_main_seed4,ga,CB,V_raw,A0,T_main,0.000269,4,holdout,-1,test,147,38,1,1,0.9922696248512252
ga_CB_V_raw_A0_T_main_seed4,ga,CB,V_raw,A0,T_main,0.000269,4,holdout,-1,test,224,54,1,1,0.991466504435557
ga_CB_V_raw_A0_T_main_seed4,ga,CB,V_raw,A0,T_main,0.000269,4,holdout,-1,test,228,55,1,1,0.7500542296793996
ga_CB_V_raw_A0_T_main_seed4,ga,CB,V_raw,A0,T_main,0.000269,4,holdout,-1,test,60,22,0,1,0.9210085385823548
ga_CB_V_raw_A0_T_main_seed4,ga,CB,V_raw,A0,T_main,0.000269,4,holdout,-1,test,146,38,1,1,0.9944485377597309
ga_CB_V_raw_A0_T_main_seed4,ga,CB,V_raw,A0,T_main,0.000269,4,holdout,-1,test,142,37,1,1,0.9296035896793392
ga_CB_V_raw_A0_T_main_seed4,ga,CB,V_raw,A0,T_main,0.000269,4,holdout,-1,test,217,54,1,1,0.9914848959326468
ga_CB_V_raw_A0_T_main_seed4,ga,CB,V_raw,A0,T_main,0.000269,4,holdout,-1,test,112,32,0,1,0.9420997652364816
ga_CB_V_raw_A0_T_main_seed4,ga,CB,V_raw,A0,T_main,0.000269,4,holdout,-1,test,24,11,0,0,0.0954594490710247
ga_CB_V_raw_A0_T_main_seed4,ga,CB,V_raw,A0,T_main,0.000269,4,holdout,-1,test,140,36,0,0,0.008796626183419
ga_CB_V_raw_A0_T_main_seed4,ga,CB,V_raw,A0,T_main,0.000269,4,holdout,-1,test,49,20,0,0,0.0412781528504814
ga_AB_V_raw_A0_T_main_seed4,ga,AB,V_raw,A0,T_main,0.000269,4,holdout,-1,val,135,36,1,1,0.5402477125850278
ga_AB_V_raw_A0_T_main_seed4,ga,AB,V_raw,A0,T_main,0.000269,4,holdout,-1,val,221,54,0,0,0.4454954923702998
ga_AB_V_raw_A0_T_main_seed4,ga,AB,V_raw,A0,T_main,0.000269,4,holdout,-1,val,117,32,1,1,0.5346040798824849
ga_AB_V_raw_A0_T_main_seed4,ga,AB,V_raw,A0,T_main,0.000269,4,holdout,-1,val,111,32,0,1,0.526756114722506
ga_AB_V_raw_A0_T_main_seed4,ga,AB,V_raw,A0,T_main,0.000269,4,holdout,-1,val,102,32,0,0,0.4331158589780169
ga_AB_V_raw_A0_T_main_seed4,ga,AB,V_raw,A0,T_main,0.000269,4,holdout,-1,val,215,54,0,0,0.4454954923702998
ga_AB_V_raw_A0_T_main_seed4,ga,AB,V_raw,A0,T_main,0.000269,4,holdout,-1,val,98,31,1,1,0.5975901894768918
ga_AB_V_raw_A0_T_main_seed4,ga,AB,V_raw,A0,T_main,0.000269,4,holdout,-1,val,113,32,0,1,0.5429150616744165
ga_AB_V_raw_A0_T_main_seed4,ga,AB,V_raw,A0,T_main,0.000269,4,holdout,-1,val,59,22,0,0,0.4527536504286841
ga_AB_V_raw_A0_T_main_seed4,ga,AB,V_raw,A0,T_main,0.000269,4,holdout,-1,val,134,36,1,1,0.5009453171732079
ga_AB_V_raw_A0_T_main_seed4,ga,AB,V_raw,A0,T_main,0.000269,4,holdout,-1,val,54,21,1,1,0.6412295077233956
ga_AB_V_raw_A0_T_main_seed4,ga,AB,V_raw,A0,T_main,0.000269,4,holdout,-1,val,225,55,1,1,0.6364116897564716
ga_AB_V_raw_A0_T_main_seed4,ga,AB,V_raw,A0,T_main,0.000269,4,holdout,-1,val,56,22,1,1,0.5636300740792926
ga_AB_V_raw_A0_T_main_seed4,ga,AB,V_raw,A0,T_main,0.000269,4,holdout,-1,test,27,11,1,1,0.5725959501367365
ga_AB_V_raw_A0_T_main_seed4,ga,AB,V_raw,A0,T_main,0.000269,4,holdout,-1,test,212,54,1,1,0.5679724500393478
ga_AB_V_raw_A0_T_main_seed4,ga,AB,V_raw,A0,T_main,0.000269,4,holdout,-1,test,147,38,1,1,0.5790699535105095
ga_AB_V_raw_A0_T_main_seed4,ga,AB,V_raw,A0,T_main,0.000269,4,holdout,-1,test,224,54,1,1,0.5679724500393478
ga_AB_V_raw_A0_T_main_seed4,ga,AB,V_raw,A0,T_main,0.000269,4,holdout,-1,test,228,55,1,1,0.569718676055569
ga_AB_V_raw_A0_T_main_seed4,ga,AB,V_raw,A0,T_main,0.000269,4,holdout,-1,test,60,22,0,0,0.4527536504286841
ga_AB_V_raw_A0_T_main_seed4,ga,AB,V_raw,A0,T_main,0.000269,4,holdout,-1,test,146,38,1,1,0.5820331997663445
ga_AB_V_raw_A0_T_main_seed4,ga,AB,V_raw,A0,T_main,0.000269,4,holdout,-1,test,142,37,1,1,0.6680104783846911
ga_AB_V_raw_A0_T_main_seed4,ga,AB,V_raw,A0,T_main,0.000269,4,holdout,-1,test,217,54,1,1,0.5729511805703421
ga_AB_V_raw_A0_T_main_seed4,ga,AB,V_raw,A0,T_main,0.000269,4,holdout,-1,test,112,32,0,1,0.5232452250264027
ga_AB_V_raw_A0_T_main_seed4,ga,AB,V_raw,A0,T_main,0.000269,4,holdout,-1,test,24,11,0,1,0.5050744824463557
ga_AB_V_raw_A0_T_main_seed4,ga,AB,V_raw,A0,T_main,0.000269,4,holdout,-1,test,140,36,0,0,0.3576466190642649
ga_AB_V_raw_A0_T_main_seed4,ga,AB,V_raw,A0,T_main,0.000269,4,holdout,-1,test,49,20,0,0,0.454673518150489
full_DT_V_corr_A0_T_main_seed0,full,DT,V_corr,A0,T_main,0.000269,0,holdout,-1,val,148,38,1,1,1.0
full_DT_V_corr_A0_T_main_seed0,full,DT,V_corr,A0,T_main,0.000269,0,holdout,-1,val,145,37,1,1,1.0
full_DT_V_corr_A0_T_main_seed0,full,DT,V_corr,A0,T_main,0.000269,0,holdout,-1,val,89,31,0,0,0.0
full_DT_V_corr_A0_T_main_seed0,full,DT,V_corr,A0,T_main,0.000269,0,holdout,-1,val,217,54,1,1,1.0
full_DT_V_corr_A0_T_main_seed0,full,DT,V_corr,A0,T_main,0.000269,0,holdout,-1,val,107,32,0,0,0.0
full_DT_V_corr_A0_T_main_seed0,full,DT,V_corr,A0,T_main,0.000269,0,holdout,-1,val,42,19,0,0,0.0
full_DT_V_corr_A0_T_main_seed0,full,DT,V_corr,A0,T_main,0.000269,0,holdout,-1,val,73,27,0,0,0.0
full_DT_V_corr_A0_T_main_seed0,full,DT,V_corr,A0,T_main,0.000269,0,holdout,-1,val,113,32,0,0,0.0
full_DT_V_corr_A0_T_main_seed0,full,DT,V_corr,A0,T_main,0.000269,0,holdout,-1,val,52,21,1,1,1.0
full_DT_V_corr_A0_T_main_seed0,full,DT,V_corr,A0,T_main,0.000269,0,holdout,-1,val,35,16,1,1,1.0
full_DT_V_corr_A0_T_main_seed0,full,DT,V_corr,A0,T_main,0.000269,0,holdout,-1,val,152,39,0,0,0.0
full_DT_V_corr_A0_T_main_seed0,full,DT,V_corr,A0,T_main,0.000269,0,holdout,-1,val,216,54,1,0,0.0
full_DT_V_corr_A0_T_main_seed0,full,DT,V_corr,A0,T_main,0.000269,0,holdout,-1,val,31,13,0,1,1.0
full_DT_V_corr_A0_T_main_seed0,full,DT,V_corr,A0,T_main,0.000269,0,holdout,-1,val,212,54,1,1,1.0
full_DT_V_corr_A0_T_main_seed0,full,DT,V_corr,A0,T_main,0.000269,0,holdout,-1,val,172,43,0,0,0.0
full_DT_V_corr_A0_T_main_seed0,full,DT,V_corr,A0,T_main,0.000269,0,holdout,-1,val,125,34,1,1,1.0
full_DT_V_corr_A0_T_main_seed0,full,DT,V_corr,A0,T_main,0.000269,0,holdout,-1,val,93,31,1,1,1.0
full_DT_V_corr_A0_T_main_seed0,full,DT,V_corr,A0,T_main,0.000269,0,holdout,-1,val,178,45,1,1,1.0
full_DT_V_corr_A0_T_main_seed0,full,DT,V_corr,A0,T_main,0.000269,0,holdout,-1,val,213,54,0,0,0.0
full_DT_V_corr_A0_T_main_seed0,full,DT,V_corr,A0,T_main,0.000269,0,holdout,-1,val,163,41,0,1,1.0
full_DT_V_corr_A0_T_main_seed0,full,DT,V_corr,A0,T_main,0.000269,0,holdout,-1,val,60,22,0,0,0.0
full_DT_V_corr_A0_T_main_seed0,full,DT,V_corr,A0,T_main,0.000269,0,holdout,-1,val,11,4,0,0,0.0
full_DT_V_corr_A0_T_main_seed0,full,DT,V_corr,A0,T_main,0.000269,0,holdout,-1,val,27,11,1,1,1.0
full_DT_V_corr_A0_T_main_seed0,full,DT,V_corr,A0,T_main,0.000269,0,holdout,-1,val,137,36,0,1,1.0
full_DT_V_corr_A0_T_main_seed0,full,DT,V_corr,A0,T_main,0.000269,0,holdout,-1,val,199,50,1,0,0.0
full_DT_V_corr_A0_T_main_seed0,full,DT,V_corr,A0,T_main,0.000269,0,holdout,-1,val,160,40,1,1,1.0
full_DT_V_corr_A0_T_main_seed0,full,DT,V_corr,A0,T_main,0.000269,0,holdout,-1,val,33,15,0,0,0.0
full_DT_V_corr_A0_T_main_seed0,full,DT,V_corr,A0,T_main,0.000269,0,holdout,-1,val,82,29,1,1,1.0
full_DT_V_corr_A0_T_main_seed0,full,DT,V_corr,A0,T_main,0.000269,0,holdout,-1,val,86,30,1,1,1.0
full_DT_V_corr_A0_T_main_seed0,full,DT,V_corr,A0,T_main,0.000269,0,holdout,-1,val,108,32,0,0,0.0
full_DT_V_corr_A0_T_main_seed0,full,DT,V_corr,A0,T_main,0.000269,0,holdout,-1,val,208,54,0,0,0.0
full_DT_V_corr_A0_T_main_seed0,full,DT,V_corr,A0,T_main,0.000269,0,holdout,-1,val,165,41,1,1,1.0
full_DT_V_corr_A0_T_main_seed0,full,DT,V_corr,A0,T_main,0.000269,0,holdout,-1,val,16,5,1,1,1.0
full_DT_V_corr_A0_T_main_seed0,full,DT,V_corr,A0,T_main,0.000269,0,holdout,-1,test,211,54,1,1,1.0
full_DT_V_corr_A0_T_main_seed0,full,DT,V_corr,A0,T_main,0.000269,0,holdout,-1,test,169,41,0,0,0.0
full_DT_V_corr_A0_T_main_seed0,full,DT,V_corr,A0,T_main,0.000269,0,holdout,-1,test,94,31,1,1,1.0
full_DT_V_corr_A0_T_main_seed0,full,DT,V_corr,A0,T_main,0.000269,0,holdout,-1,test,109,32,0,0,0.0
full_DT_V_corr_A0_T_main_seed0,full,DT,V_corr,A0,T_main,0.000269,0,holdout,-1,test,21,9,0,0,0.0
full_DT_V_corr_A0_T_main_seed0,full,DT,V_corr,A0,T_main,0.000269,0,holdout,-1,test,162,40,1,1,1.0
full_DT_V_corr_A0_T_main_seed0,full,DT,V_corr,A0,T_main,0.000269,0,holdout,-1,test,143,37,1,1,1.0
full_DT_V_corr_A0_T_main_seed0,full,DT,V_corr,A0,T_main,0.000269,0,holdout,-1,test,123,34,0,0,0.0
full_DT_V_corr_A0_T_main_seed0,full,DT,V_corr,A0,T_main,0.000269,0,holdout,-1,test,115,32,0,1,1.0
full_DT_V_corr_A0_T_main_seed0,full,DT,V_corr,A0,T_main,0.000269,0,holdout,-1,test,158,40,1,1,1.0
full_DT_V_corr_A0_T_main_seed0,full,DT,V_corr,A0,T_main,0.000269,0,holdout,-1,test,72,26,0,0,0.0
full_DT_V_corr_A0_T_main_seed0,full,DT,V_corr,A0,T_main,0.000269,0,holdout,-1,test,30,12,0,1,1.0
full_DT_V_corr_A0_T_main_seed0,full,DT,V_corr,A0,T_main,0.000269,0,holdout,-1,test,75,27,0,0,0.0
full_DT_V_corr_A0_T_main_seed0,full,DT,V_corr,A0,T_main,0.000269,0,holdout,-1,test,129,35,0,0,0.0
full_DT_V_corr_A0_T_main_seed0,full,DT,V_corr,A0,T_main,0.000269,0,holdout,-1,test,117,32,1,1,1.0
full_DT_V_corr_A0_T_main_seed0,full,DT,V_corr,A0,T_main,0.000269,0,holdout,-1,test,6,1,1,1,1.0
full_DT_V_corr_A0_T_main_seed0,full,DT,V_corr,A0,T_main,0.000269,0,holdout,-1,test,46,20,0,0,0.0
full_DT_V_corr_A0_T_main_seed0,full,DT,V_corr,A0,T_main,0.000269,0,holdout,-1,test,174,43,0,0,0.0
full_DT_V_corr_A0_T_main_seed0,full,DT,V_corr,A0,T_main,0.000269,0,holdout,-1,test,142,37,1,1,1.0
full_DT_V_corr_A0_T_main_seed0,full,DT,V_corr,A0,T_main,0.000269,0,holdout,-1,test,181,45,0,1,1.0
full_DT_V_corr_A0_T_main_seed0,full,DT,V_corr,A0,T_main,0.000269,0,holdout,-1,test,119,33,0,0,0.0
full_DT_V_corr_A0_T_main_seed0,full,DT,V_corr,A0,T_main,0.000269,0,holdout,-1,test,53,21,1,1,1.0
full_DT_V_corr_A0_T_main_seed0,full,DT,V_corr,A0,T_main,0.000269,0,holdout,-1,test,95,31,1,1,1.0
full_DT_V_corr_A0_T_main_seed0,full,DT,V_corr,A0,T_main,0.000269,0,holdout,-1,test,146,38,1,1,1.0
full_DT_V_corr_A0_T_main_seed0,full,DT,V_corr,A0,T_main,0.000269,0,holdout,-1,test,214,54,0,0,0.0
full_DT_V_corr_A0_T_main_seed0,full,DT,V_corr,A0,T_main,0.000269,0,holdout,-1,test,51,21,1,1,1.0
full_DT_V_corr_A0_T_main_seed0,full,DT,V_corr,A0,T_main,0.000269,0,holdout,-1,test,206,53,0,0,0.0
full_DT_V_corr_A0_T_main_seed0,full,DT,V_corr,A0,T_main,0.000269,0,holdout,-1,test,196,49,1,1,1.0
full_DT_V_corr_A0_T_main_seed0,full,DT,V_corr,A0,T_main,0.000269,0,holdout,-1,test,25,11,1,1,1.0
full_DT_V_corr_A0_T_main_seed0,full,DT,V_corr,A0,T_main,0.000269,0,holdout,-1,test,220,54,0,0,0.0
full_DT_V_corr_A0_T_main_seed0,full,DT,V_corr,A0,T_main,0.000269,0,holdout,-1,test,5,1,1,1,1.0
full_DT_V_corr_A0_T_main_seed0,full,DT,V_corr,A0,T_main,0.000269,0,holdout,-1,test,3,1,1,1,1.0
full_DT_V_corr_A0_T_main_seed0,full,DT,V_corr,A0,T_main,0.000269,0,holdout,-1,test,91,31,0,1,1.0
full_RF_V_corr_A0_T_main_seed0,full,RF,V_corr,A0,T_main,0.000269,0,holdout,-1,val,148,38,1,1,0.972517354601884
full_RF_V_corr_A0_T_main_seed0,full,RF,V_corr,A0,T_main,0.000269,0,holdout,-1,val,145,37,1,1,0.6791111111111111
full_RF_V_corr_A0_T_main_seed0,full,RF,V_corr,A0,T_main,0.000269,0,holdout,-1,val,89,31,0,0,0.1435910277769775
full_RF_V_corr_A0_T_main_seed0,full,RF,V_corr,A0,T_main,0.000269,0,holdout,-1,val,217,54,1,1,0.7766745030006095
full_RF_V_corr_A0_T_main_seed0,full,RF,V_corr,A0,T_main,0.000269,0,holdout,-1,val,107,32,0,0,0.162454360408443
full_RF_V_corr_A0_T_main_seed0,full,RF,V_corr,A0,T_main,0.000269,0,holdout,-1,val,42,19,0,0,0.1340188954460446
full_RF_V_corr_A0_T_main_seed0,full,RF,V_corr,A0,T_main,0.000269,0,holdout,-1,val,73,27,0,0,0.2820252235087455
full_RF_V_corr_A0_T_main_seed0,full,RF,V_corr,A0,T_main,0.000269,0,holdout,-1,val,113,32,0,0,0.4594228577497575
full_RF_V_corr_A0_T_main_seed0,full,RF,V_corr,A0,T_main,0.000269,0,holdout,-1,val,52,21,1,1,0.7024388330382021
full_RF_V_corr_A0_T_main_seed0,full,RF,V_corr,A0,T_main,0.000269,0,holdout,-1,val,35,16,1,1,0.7567348561455021
full_RF_V_corr_A0_T_main_seed0,full,RF,V_corr,A0,T_main,0.000269,0,holdout,-1,val,152,39,0,0,0.3051686331098096
full_RF_V_corr_A0_T_main_seed0,full,RF,V_corr,A0,T_main,0.000269,0,holdout,-1,val,216,54,1,0,0.2554805377690661
full_RF_V_corr_A0_T_main_seed0,full,RF,V_corr,A0,T_main,0.000269,0,holdout,-1,val,31,13,0,1,0.8360721333440633
full_RF_V_corr_A0_T_main_seed0,full,RF,V_corr,A0,T_main,0.000269,0,holdout,-1,val,212,54,1,1,0.8160552707191056
full_RF_V_corr_A0_T_main_seed0,full,RF,V_corr,A0,T_main,0.000269,0,holdout,-1,val,172,43,0,0,0.2623402305865528
full_RF_V_corr_A0_T_main_seed0,full,RF,V_corr,A0,T_main,0.000269,0,holdout,-1,val,125,34,1,1,0.7513884747305177
full_RF_V_corr_A0_T_main_seed0,full,RF,V_corr,A0,T_main,0.000269,0,holdout,-1,val,93,31,1,1,0.8771655873299701
full_RF_V_corr_A0_T_main_seed0,full,RF,V_corr,A0,T_main,0.000269,0,holdout,-1,val,178,45,1,1,0.770841897428033
full_RF_V_corr_A0_T_main_seed0,full,RF,V_corr,A0,T_main,0.000269,0,holdout,-1,val,213,54,0,0,0.0737636620521904
full_RF_V_corr_A0_T_main_seed0,full,RF,V_corr,A0,T_main,0.000269,0,holdout,-1,val,163,41,0,1,0.7083607501185843
full_RF_V_corr_A0_T_main_seed0,full,RF,V_corr,A0,T_main,0.000269,0,holdout,-1,val,60,22,0,0,0.1953263965084241
full_RF_V_corr_A0_T_main_seed0,full,RF,V_corr,A0,T_main,0.000269,0,holdout,-1,val,11,4,0,0,0.084461759210837
full_RF_V_corr_A0_T_main_seed0,full,RF,V_corr,A0,T_main,0.000269,0,holdout,-1,val,27,11,1,1,0.7602889816827392
full_RF_V_corr_A0_T_main_seed0,full,RF,V_corr,A0,T_main,0.000269,0,holdout,-1,val,137,36,0,0,0.486878986854442
full_RF_V_corr_A0_T_main_seed0,full,RF,V_corr,A0,T_main,0.000269,0,holdout,-1,val,199,50,1,0,0.2363272163925851
full_RF_V_corr_A0_T_main_seed0,full,RF,V_corr,A0,T_main,0.000269,0,holdout,-1,val,160,40,1,1,0.9948175855060571
full_RF_V_corr_A0_T_main_seed0,full,RF,V_corr,A0,T_main,0.000269,0,holdout,-1,val,33,15,0,0,0.298231161809044
full_RF_V_corr_A0_T_main_seed0,full,RF,V_corr,A0,T_main,0.000269,0,holdout,-1,val,82,29,1,1,0.5874749551377411
full_RF_V_corr_A0_T_main_seed0,full,RF,V_corr,A0,T_main,0.000269,0,holdout,-1,val,86,30,1,1,0.5125275033340576
full_RF_V_corr_A0_T_main_seed0,full,RF,V_corr,A0,T_main,0.000269,0,holdout,-1,val,108,32,0,0,0.4080970015188261
full_RF_V_corr_A0_T_main_seed0,full,RF,V_corr,A0,T_main,0.000269,0,holdout,-1,val,208,54,0,0,0.2190336454634668
full_RF_V_corr_A0_T_main_seed0,full,RF,V_corr,A0,T_main,0.000269,0,holdout,-1,val,165,41,1,1,0.955688021944661
full_RF_V_corr_A0_T_main_seed0,full,RF,V_corr,A0,T_main,0.000269,0,holdout,-1,val,16,5,1,1,0.7760793698941167
full_RF_V_corr_A0_T_main_seed0,full,RF,V_corr,A0,T_main,0.000269,0,holdout,-1,test,211,54,1,1,0.7766745030006095
full_RF_V_corr_A0_T_main_seed0,full,RF,V_corr,A0,T_main,0.000269,0,holdout,-1,test,169,41,0,0,0.4425414062203017
full_RF_V_corr_A0_T_main_seed0,full,RF,V_corr,A0,T_main,0.000269,0,holdout,-1,test,94,31,1,1,0.8867990649634475
full_RF_V_corr_A0_T_main_seed0,full,RF,V_corr,A0,T_main,0.000269,0,holdout,-1,test,109,32,0,0,0.0142235736485736
full_RF_V_corr_A0_T_main_seed0,full,RF,V_corr,A0,T_main,0.000269,0,holdout,-1,test,21,9,0,1,0.5320050775604579
full_RF_V_corr_A0_T_main_seed0,full,RF,V_corr,A0,T_main,0.000269,0,holdout,-1,test,162,40,1,1,0.9922088898538832
full_RF_V_corr_A0_T_main_seed0,full,RF,V_corr,A0,T_main,0.000269,0,holdout,-1,test,143,37,1,1,0.8395146327891427
full_RF_V_corr_A0_T_main_seed0,full,RF,V_corr,A0,T_main,0.000269,0,holdout,-1,test,123,34,0,0,0.1231581948765452
full_RF_V_corr_A0_T_main_seed0,full,RF,V_corr,A0,T_main,0.000269,0,holdout,-1,test,115,32,0,0,0.2173259154429121
full_RF_V_corr_A0_T_main_seed0,full,RF,V_corr,A0,T_main,0.000269,0,holdout,-1,test,158,40,1,1,0.8088583973254736
full_RF_V_corr_A0_T_main_seed0,full,RF,V_corr,A0,T_main,0.000269,0,holdout,-1,test,72,26,0,1,0.6649063336419716
full_RF_V_corr_A0_T_main_seed0,full,RF,V_corr,A0,T_main,0.000269,0,holdout,-1,test,30,12,0,1,0.540155976882532
full_RF_V_corr_A0_T_main_seed0,full,RF,V_corr,A0,T_main,0.000269,0,holdout,-1,test,75,27,0,0,0.1839412231308294
full_RF_V_corr_A0_T_main_seed0,full,RF,V_corr,A0,T_main,0.000269,0,holdout,-1,test,129,35,0,0,0.0649020394550754
full_RF_V_corr_A0_T_main_seed0,full,RF,V_corr,A0,T_main,0.000269,0,holdout,-1,test,117,32,1,0,0.3750308355738169
full_RF_V_corr_A0_T_main_seed0,full,RF,V_corr,A0,T_main,0.000269,0,holdout,-1,test,6,1,1,1,0.8018974315876067
full_RF_V_corr_A0_T_main_seed0,full,RF,V_corr,A0,T_main,0.000269,0,holdout,-1,test,46,20,0,0,0.1199361889454098
full_RF_V_corr_A0_T_main_seed0,full,RF,V_corr,A0,T_main,0.000269,0,holdout,-1,test,174,43,0,0,0.2845380327843551
full_RF_V_corr_A0_T_main_seed0,full,RF,V_corr,A0,T_main,0.000269,0,holdout,-1,test,142,37,1,0,0.4887298793844961
full_RF_V_corr_A0_T_main_seed0,full,RF,V_corr,A0,T_main,0.000269,0,holdout,-1,test,181,45,0,1,0.8028001628001628
full_RF_V_corr_A0_T_main_seed0,full,RF,V_corr,A0,T_main,0.000269,0,holdout,-1,test,119,33,0,0,0.1651111853726392
full_RF_V_corr_A0_T_main_seed0,full,RF,V_corr,A0,T_main,0.000269,0,holdout,-1,test,53,21,1,1,0.708609543979028
full_RF_V_corr_A0_T_main_seed0,full,RF,V_corr,A0,T_main,0.000269,0,holdout,-1,test,95,31,1,1,0.8989700606344434
full_RF_V_corr_A0_T_main_seed0,full,RF,V_corr,A0,T_main,0.000269,0,holdout,-1,test,146,38,1,1,0.8595712076224544
full_RF_V_corr_A0_T_main_seed0,full,RF,V_corr,A0,T_main,0.000269,0,holdout,-1,test,214,54,0,0,0.2190336454634668
full_RF_V_corr_A0_T_main_seed0,full,RF,V_corr,A0,T_main,0.000269,0,holdout,-1,test,51,21,1,1,0.5137668788250913
full_RF_V_corr_A0_T_main_seed0,full,RF,V_corr,A0,T_main,0.000269,0,holdout,-1,test,206,53,0,0,0.3916410398536818
full_RF_V_corr_A0_T_main_seed0,full,RF,V_corr,A0,T_main,0.000269,0,holdout,-1,test,196,49,1,1,0.7578492369988138
full_RF_V_corr_A0_T_main_seed0,full,RF,V_corr,A0,T_main,0.000269,0,holdout,-1,test,25,11,1,1,0.7007608596317045
full_RF_V_corr_A0_T_main_seed0,full,RF,V_corr,A0,T_main,0.000269,0,holdout,-1,test,220,54,0,0,0.2190336454634668
full_RF_V_corr_A0_T_main_seed0,full,RF,V_corr,A0,T_main,0.000269,0,holdout,-1,test,5,1,1,1,0.8254122603261197
full_RF_V_corr_A0_T_main_seed0,full,RF,V_corr,A0,T_main,0.000269,0,holdout,-1,test,3,1,1,1,0.7574749472366327
full_RF_V_corr_A0_T_main_seed0,full,RF,V_corr,A0,T_main,0.000269,0,holdout,-1,test,91,31,0,1,0.5074214072156528
full_LGBM_V_corr_A0_T_main_seed0,full,LGBM,V_corr,A0,T_main,0.000269,0,holdout,-1,val,148,38,1,1,0.9969337436809091
full_LGBM_V_corr_A0_T_main_seed0,full,LGBM,V_corr,A0,T_main,0.000269,0,holdout,-1,val,145,37,1,1,0.885549388501443
full_LGBM_V_corr_A0_T_main_seed0,full,LGBM,V_corr,A0,T_main,0.000269,0,holdout,-1,val,89,31,0,0,0.021195866231796
full_LGBM_V_corr_A0_T_main_seed0,full,LGBM,V_corr,A0,T_main,0.000269,0,holdout,-1,val,217,54,1,1,0.958042384294085
full_LGBM_V_corr_A0_T_main_seed0,full,LGBM,V_corr,A0,T_main,0.000269,0,holdout,-1,val,107,32,0,0,0.0118885939874926
full_LGBM_V_corr_A0_T_main_seed0,full,LGBM,V_corr,A0,T_main,0.000269,0,holdout,-1,val,42,19,0,0,0.0252328863773551
full_LGBM_V_corr_A0_T_main_seed0,full,LGBM,V_corr,A0,T_main,0.000269,0,holdout,-1,val,73,27,0,0,0.1555988448918361
full_LGBM_V_corr_A0_T_main_seed0,full,LGBM,V_corr,A0,T_main,0.000269,0,holdout,-1,val,113,32,0,0,0.2386083469436007
full_LGBM_V_corr_A0_T_main_seed0,full,LGBM,V_corr,A0,T_main,0.000269,0,holdout,-1,val,52,21,1,1,0.9134326344884396
full_LGBM_V_corr_A0_T_main_seed0,full,LGBM,V_corr,A0,T_main,0.000269,0,holdout,-1,val,35,16,1,1,0.974444431757756
full_LGBM_V_corr_A0_T_main_seed0,full,LGBM,V_corr,A0,T_main,0.000269,0,holdout,-1,val,152,39,0,0,0.2784695974645643
full_LGBM_V_corr_A0_T_main_seed0,full,LGBM,V_corr,A0,T_main,0.000269,0,holdout,-1,val,216,54,1,0,0.0502033246746154
full_LGBM_V_corr_A0_T_main_seed0,full,LGBM,V_corr,A0,T_main,0.000269,0,holdout,-1,val,31,13,0,1,0.9592312866267227
full_LGBM_V_corr_A0_T_main_seed0,full,LGBM,V_corr,A0,T_main,0.000269,0,holdout,-1,val,212,54,1,1,0.9553012678107202
full_LGBM_V_corr_A0_T_main_seed0,full,LGBM,V_corr,A0,T_main,0.000269,0,holdout,-1,val,172,43,0,0,0.0173294940004376
full_LGBM_V_corr_A0_T_main_seed0,full,LGBM,V_corr,A0,T_main,0.000269,0,holdout,-1,val,125,34,1,1,0.9887714605864544
full_LGBM_V_corr_A0_T_main_seed0,full,LGBM,V_corr,A0,T_main,0.000269,0,holdout,-1,val,93,31,1,1,0.9974255981526065
full_LGBM_V_corr_A0_T_main_seed0,full,LGBM,V_corr,A0,T_main,0.000269,0,holdout,-1,val,178,45,1,1,0.9652680048993684
full_LGBM_V_corr_A0_T_main_seed0,full,LGBM,V_corr,A0,T_main,0.000269,0,holdout,-1,val,213,54,0,0,0.0003873058279342
full_LGBM_V_corr_A0_T_main_seed0,full,LGBM,V_corr,A0,T_main,0.000269,0,holdout,-1,val,163,41,0,1,0.8894717015590453
full_LGBM_V_corr_A0_T_main_seed0,full,LGBM,V_corr,A0,T_main,0.000269,0,holdout,-1,val,60,22,0,0,0.0232159891815043
full_LGBM_V_corr_A0_T_main_seed0,full,LGBM,V_corr,A0,T_main,0.000269,0,holdout,-1,val,11,4,0,0,0.0150805294463175
full_LGBM_V_corr_A0_T_main_seed0,full,LGBM,V_corr,A0,T_main,0.000269,0,holdout,-1,val,27,11,1,1,0.9069897048011204
full_LGBM_V_corr_A0_T_main_seed0,full,LGBM,V_corr,A0,T_main,0.000269,0,holdout,-1,val,137,36,0,1,0.9620234998167332
full_LGBM_V_corr_A0_T_main_seed0,full,LGBM,V_corr,A0,T_main,0.000269,0,holdout,-1,val,199,50,1,0,0.0264133710208312
full_LGBM_V_corr_A0_T_main_seed0,full,LGBM,V_corr,A0,T_main,0.000269,0,holdout,-1,val,160,40,1,1,0.9967897345241788
full_LGBM_V_corr_A0_T_main_seed0,full,LGBM,V_corr,A0,T_main,0.000269,0,holdout,-1,val,33,15,0,0,0.0040408275661648
full_LGBM_V_corr_A0_T_main_seed0,full,LGBM,V_corr,A0,T_main,0.000269,0,holdout,-1,val,82,29,1,1,0.7134187853487932
full_LGBM_V_corr_A0_T_main_seed0,full,LGBM,V_corr,A0,T_main,0.000269,0,holdout,-1,val,86,30,1,1,0.918045229245032
full_LGBM_V_corr_A0_T_main_seed0,full,LGBM,V_corr,A0,T_main,0.000269,0,holdout,-1,val,108,32,0,0,0.0274640250442713
full_LGBM_V_corr_A0_T_main_seed0,full,LGBM,V_corr,A0,T_main,0.000269,0,holdout,-1,val,208,54,0,0,0.0378362364286886
full_LGBM_V_corr_A0_T_main_seed0,full,LGBM,V_corr,A0,T_main,0.000269,0,holdout,-1,val,165,41,1,1,0.985763797102711
full_LGBM_V_corr_A0_T_main_seed0,full,LGBM,V_corr,A0,T_main,0.000269,0,holdout,-1,val,16,5,1,1,0.9942694872324496
full_LGBM_V_corr_A0_T_main_seed0,full,LGBM,V_corr,A0,T_main,0.000269,0,holdout,-1,test,211,54,1,1,0.958042384294085
full_LGBM_V_corr_A0_T_main_seed0,full,LGBM,V_corr,A0,T_main,0.000269,0,holdout,-1,test,169,41,0,0,0.0290157733663996
full_LGBM_V_corr_A0_T_main_seed0,full,LGBM,V_corr,A0,T_main,0.000269,0,holdout,-1,test,94,31,1,1,0.9966599747552696
full_LGBM_V_corr_A0_T_main_seed0,full,LGBM,V_corr,A0,T_main,0.000269,0,holdout,-1,test,109,32,0,0,0.0023883790959285
full_LGBM_V_corr_A0_T_main_seed0,full,LGBM,V_corr,A0,T_main,0.000269,0,holdout,-1,test,21,9,0,1,0.653361924945189
full_LGBM_V_corr_A0_T_main_seed0,full,LGBM,V_corr,A0,T_main,0.000269,0,holdout,-1,test,162,40,1,1,0.9967897345241788
full_LGBM_V_corr_A0_T_main_seed0,full,LGBM,V_corr,A0,T_main,0.000269,0,holdout,-1,test,143,37,1,1,0.9911215791493082
full_LGBM_V_corr_A0_T_main_seed0,full,LGBM,V_corr,A0,T_main,0.000269,0,holdout,-1,test,123,34,0,0,0.0054296162182939
full_LGBM_V_corr_A0_T_main_seed0,full,LGBM,V_corr,A0,T_main,0.000269,0,holdout,-1,test,115,32,0,0,0.4620191482731422
full_LGBM_V_corr_A0_T_main_seed0,full,LGBM,V_corr,A0,T_main,0.000269,0,holdout,-1,test,158,40,1,1,0.8983054955805763
full_LGBM_V_corr_A0_T_main_seed0,full,LGBM,V_corr,A0,T_main,0.000269,0,holdout,-1,test,72,26,0,1,0.8849665026373867
full_LGBM_V_corr_A0_T_main_seed0,full,LGBM,V_corr,A0,T_main,0.000269,0,holdout,-1,test,30,12,0,1,0.5836259846218409
full_LGBM_V_corr_A0_T_main_seed0,full,LGBM,V_corr,A0,T_main,0.000269,0,holdout,-1,test,75,27,0,0,0.0958379337850493
full_LGBM_V_corr_A0_T_main_seed0,full,LGBM,V_corr,A0,T_main,0.000269,0,holdout,-1,test,129,35,0,0,0.0012290362566831
full_LGBM_V_corr_A0_T_main_seed0,full,LGBM,V_corr,A0,T_main,0.000269,0,holdout,-1,test,117,32,1,1,0.7500156679890451
full_LGBM_V_corr_A0_T_main_seed0,full,LGBM,V_corr,A0,T_main,0.000269,0,holdout,-1,test,6,1,1,1,0.7664368194350363
full_LGBM_V_corr_A0_T_main_seed0,full,LGBM,V_corr,A0,T_main,0.000269,0,holdout,-1,test,46,20,0,0,0.0148581004639056
full_LGBM_V_corr_A0_T_main_seed0,full,LGBM,V_corr,A0,T_main,0.000269,0,holdout,-1,test,174,43,0,0,0.0329359457677497
full_LGBM_V_corr_A0_T_main_seed0,full,LGBM,V_corr,A0,T_main,0.000269,0,holdout,-1,test,142,37,1,1,0.7233951545124571
full_LGBM_V_corr_A0_T_main_seed0,full,LGBM,V_corr,A0,T_main,0.000269,0,holdout,-1,test,181,45,0,1,0.9788551510377788
full_LGBM_V_corr_A0_T_main_seed0,full,LGBM,V_corr,A0,T_main,0.000269,0,holdout,-1,test,119,33,0,0,0.004532961916258
full_LGBM_V_corr_A0_T_main_seed0,full,LGBM,V_corr,A0,T_main,0.000269,0,holdout,-1,test,53,21,1,1,0.9134326344884396
full_LGBM_V_corr_A0_T_main_seed0,full,LGBM,V_corr,A0,T_main,0.000269,0,holdout,-1,test,95,31,1,1,0.9821713478115534
full_LGBM_V_corr_A0_T_main_seed0,full,LGBM,V_corr,A0,T_main,0.000269,0,holdout,-1,test,146,38,1,1,0.9925201148520734
full_LGBM_V_corr_A0_T_main_seed0,full,LGBM,V_corr,A0,T_main,0.000269,0,holdout,-1,test,214,54,0,0,0.0378362364286886
full_LGBM_V_corr_A0_T_main_seed0,full,LGBM,V_corr,A0,T_main,0.000269,0,holdout,-1,test,51,21,1,0,0.412405028355561
full_LGBM_V_corr_A0_T_main_seed0,full,LGBM,V_corr,A0,T_main,0.000269,0,holdout,-1,test,206,53,0,0,0.1077388407054537
full_LGBM_V_corr_A0_T_main_seed0,full,LGBM,V_corr,A0,T_main,0.000269,0,holdout,-1,test,196,49,1,1,0.9583277187267252
full_LGBM_V_corr_A0_T_main_seed0,full,LGBM,V_corr,A0,T_main,0.000269,0,holdout,-1,test,25,11,1,1,0.9242011288354992
full_LGBM_V_corr_A0_T_main_seed0,full,LGBM,V_corr,A0,T_main,0.000269,0,holdout,-1,test,220,54,0,0,0.0378362364286886
full_LGBM_V_corr_A0_T_main_seed0,full,LGBM,V_corr,A0,T_main,0.000269,0,holdout,-1,test,5,1,1,1,0.992300839806369
full_LGBM_V_corr_A0_T_main_seed0,full,LGBM,V_corr,A0,T_main,0.000269,0,holdout,-1,test,3,1,1,1,0.985629856449128
full_LGBM_V_corr_A0_T_main_seed0,full,LGBM,V_corr,A0,T_main,0.000269,0,holdout,-1,test,91,31,0,1,0.8138987984502691
full_CB_V_corr_A0_T_main_seed0,full,CB,V_corr,A0,T_main,0.000269,0,holdout,-1,val,148,38,1,1,0.9889317927676972
full_CB_V_corr_A0_T_main_seed0,full,CB,V_corr,A0,T_main,0.000269,0,holdout,-1,val,145,37,1,1,0.7528762458107169
full_CB_V_corr_A0_T_main_seed0,full,CB,V_corr,A0,T_main,0.000269,0,holdout,-1,val,89,31,0,0,0.020846538364267
full_CB_V_corr_A0_T_main_seed0,full,CB,V_corr,A0,T_main,0.000269,0,holdout,-1,val,217,54,1,1,0.9605613203107723
full_CB_V_corr_A0_T_main_seed0,full,CB,V_corr,A0,T_main,0.000269,0,holdout,-1,val,107,32,0,0,0.0269689713389089
full_CB_V_corr_A0_T_main_seed0,full,CB,V_corr,A0,T_main,0.000269,0,holdout,-1,val,42,19,0,0,0.0124945459348556
full_CB_V_corr_A0_T_main_seed0,full,CB,V_corr,A0,T_main,0.000269,0,holdout,-1,val,73,27,0,0,0.0533561701848064
full_CB_V_corr_A0_T_main_seed0,full,CB,V_corr,A0,T_main,0.000269,0,holdout,-1,val,113,32,0,0,0.3615575665746794
full_CB_V_corr_A0_T_main_seed0,full,CB,V_corr,A0,T_main,0.000269,0,holdout,-1,val,52,21,1,1,0.941651339193288
full_CB_V_corr_A0_T_main_seed0,full,CB,V_corr,A0,T_main,0.000269,0,holdout,-1,val,35,16,1,1,0.9415734148633268
full_CB_V_corr_A0_T_main_seed0,full,CB,V_corr,A0,T_main,0.000269,0,holdout,-1,val,152,39,0,0,0.162920239402098
full_CB_V_corr_A0_T_main_seed0,full,CB,V_corr,A0,T_main,0.000269,0,holdout,-1,val,216,54,1,0,0.0469616136580524
full_CB_V_corr_A0_T_main_seed0,full,CB,V_corr,A0,T_main,0.000269,0,holdout,-1,val,31,13,0,1,0.9516841482541926
full_CB_V_corr_A0_T_main_seed0,full,CB,V_corr,A0,T_main,0.000269,0,holdout,-1,val,212,54,1,1,0.942576964536078
full_CB_V_corr_A0_T_main_seed0,full,CB,V_corr,A0,T_main,0.000269,0,holdout,-1,val,172,43,0,0,0.0449460246088038
full_CB_V_corr_A0_T_main_seed0,full,CB,V_corr,A0,T_main,0.000269,0,holdout,-1,val,125,34,1,1,0.9648599155259798
full_CB_V_corr_A0_T_main_seed0,full,CB,V_corr,A0,T_main,0.000269,0,holdout,-1,val,93,31,1,1,0.9910751847445765
full_CB_V_corr_A0_T_main_seed0,full,CB,V_corr,A0,T_main,0.000269,0,holdout,-1,val,178,45,1,1,0.8937271792098679
full_CB_V_corr_A0_T_main_seed0,full,CB,V_corr,A0,T_main,0.000269,0,holdout,-1,val,213,54,0,0,0.0139189661913794
full_CB_V_corr_A0_T_main_seed0,full,CB,V_corr,A0,T_main,0.000269,0,holdout,-1,val,163,41,0,1,0.9242959236113492
full_CB_V_corr_A0_T_main_seed0,full,CB,V_corr,A0,T_main,0.000269,0,holdout,-1,val,60,22,0,0,0.0273485020161776
full_CB_V_corr_A0_T_main_seed0,full,CB,V_corr,A0,T_main,0.000269,0,holdout,-1,val,11,4,0,0,0.0243926082510673
full_CB_V_corr_A0_T_main_seed0,full,CB,V_corr,A0,T_main,0.000269,0,holdout,-1,val,27,11,1,1,0.9631718263519856
full_CB_V_corr_A0_T_main_seed0,full,CB,V_corr,A0,T_main,0.000269,0,holdout,-1,val,137,36,0,0,0.4117420956353353
full_CB_V_corr_A0_T_main_seed0,full,CB,V_corr,A0,T_main,0.000269,0,holdout,-1,val,199,50,1,0,0.1148568138803809
full_CB_V_corr_A0_T_main_seed0,full,CB,V_corr,A0,T_main,0.000269,0,holdout,-1,val,160,40,1,1,0.9944770820351012
full_CB_V_corr_A0_T_main_seed0,full,CB,V_corr,A0,T_main,0.000269,0,holdout,-1,val,33,15,0,0,0.0909890578860052
full_CB_V_corr_A0_T_main_seed0,full,CB,V_corr,A0,T_main,0.000269,0,holdout,-1,val,82,29,1,1,0.8372156926397188
full_CB_V_corr_A0_T_main_seed0,full,CB,V_corr,A0,T_main,0.000269,0,holdout,-1,val,86,30,1,1,0.7688161625982458
full_CB_V_corr_A0_T_main_seed0,full,CB,V_corr,A0,T_main,0.000269,0,holdout,-1,val,108,32,0,0,0.1308866077267492
full_CB_V_corr_A0_T_main_seed0,full,CB,V_corr,A0,T_main,0.000269,0,holdout,-1,val,208,54,0,0,0.0843981777951825
full_CB_V_corr_A0_T_main_seed0,full,CB,V_corr,A0,T_main,0.000269,0,holdout,-1,val,165,41,1,1,0.9816887970724524
full_CB_V_corr_A0_T_main_seed0,full,CB,V_corr,A0,T_main,0.000269,0,holdout,-1,val,16,5,1,1,0.8819616756057288
full_CB_V_corr_A0_T_main_seed0,full,CB,V_corr,A0,T_main,0.000269,0,holdout,-1,test,211,54,1,1,0.9605613203107723
full_CB_V_corr_A0_T_main_seed0,full,CB,V_corr,A0,T_main,0.000269,0,holdout,-1,test,169,41,0,0,0.040920095411777
full_CB_V_corr_A0_T_main_seed0,full,CB,V_corr,A0,T_main,0.000269,0,holdout,-1,test,94,31,1,1,0.976885515127936
full_CB_V_corr_A0_T_main_seed0,full,CB,V_corr,A0,T_main,0.000269,0,holdout,-1,test,109,32,0,0,0.0034423028007363
full_CB_V_corr_A0_T_main_seed0,full,CB,V_corr,A0,T_main,0.000269,0,holdout,-1,test,21,9,0,0,0.2694282773760118
full_CB_V_corr_A0_T_main_seed0,full,CB,V_corr,A0,T_main,0.000269,0,holdout,-1,test,162,40,1,1,0.9951752663821284
full_CB_V_corr_A0_T_main_seed0,full,CB,V_corr,A0,T_main,0.000269,0,holdout,-1,test,143,37,1,1,0.9705168654853868
full_CB_V_corr_A0_T_main_seed0,full,CB,V_corr,A0,T_main,0.000269,0,holdout,-1,test,123,34,0,0,0.016959010108242
full_CB_V_corr_A0_T_main_seed0,full,CB,V_corr,A0,T_main,0.000269,0,holdout,-1,test,115,32,0,0,0.4805208002412207
full_CB_V_corr_A0_T_main_seed0,full,CB,V_corr,A0,T_main,0.000269,0,holdout,-1,test,158,40,1,1,0.9365504278891904
full_CB_V_corr_A0_T_main_seed0,full,CB,V_corr,A0,T_main,0.000269,0,holdout,-1,test,72,26,0,1,0.6089236240065732
full_CB_V_corr_A0_T_main_seed0,full,CB,V_corr,A0,T_main,0.000269,0,holdout,-1,test,30,12,0,1,0.5684203723042103
full_CB_V_corr_A0_T_main_seed0,full,CB,V_corr,A0,T_main,0.000269,0,holdout,-1,test,75,27,0,0,0.0465104369059368
full_CB_V_corr_A0_T_main_seed0,full,CB,V_corr,A0,T_main,0.000269,0,holdout,-1,test,129,35,0,0,0.0076475013778141
full_CB_V_corr_A0_T_main_seed0,full,CB,V_corr,A0,T_main,0.000269,0,holdout,-1,test,117,32,1,1,0.7792046983523987
full_CB_V_corr_A0_T_main_seed0,full,CB,V_corr,A0,T_main,0.000269,0,holdout,-1,test,6,1,1,1,0.9381993076369346
full_CB_V_corr_A0_T_main_seed0,full,CB,V_corr,A0,T_main,0.000269,0,holdout,-1,test,46,20,0,0,0.0206256114361255
full_CB_V_corr_A0_T_main_seed0,full,CB,V_corr,A0,T_main,0.000269,0,holdout,-1,test,174,43,0,0,0.0415457455380496
full_CB_V_corr_A0_T_main_seed0,full,CB,V_corr,A0,T_main,0.000269,0,holdout,-1,test,142,37,1,1,0.685634682231318
full_CB_V_corr_A0_T_main_seed0,full,CB,V_corr,A0,T_main,0.000269,0,holdout,-1,test,181,45,0,1,0.956392046503
full_CB_V_corr_A0_T_main_seed0,full,CB,V_corr,A0,T_main,0.000269,0,holdout,-1,test,119,33,0,0,0.0206672034127914
full_CB_V_corr_A0_T_main_seed0,full,CB,V_corr,A0,T_main,0.000269,0,holdout,-1,test,53,21,1,1,0.9445236224227576
full_CB_V_corr_A0_T_main_seed0,full,CB,V_corr,A0,T_main,0.000269,0,holdout,-1,test,95,31,1,1,0.9817682351474628
full_CB_V_corr_A0_T_main_seed0,full,CB,V_corr,A0,T_main,0.000269,0,holdout,-1,test,146,38,1,1,0.9820953210896096
full_CB_V_corr_A0_T_main_seed0,full,CB,V_corr,A0,T_main,0.000269,0,holdout,-1,test,214,54,0,0,0.0843981777951825
full_CB_V_corr_A0_T_main_seed0,full,CB,V_corr,A0,T_main,0.000269,0,holdout,-1,test,51,21,1,0,0.153347001333744
full_CB_V_corr_A0_T_main_seed0,full,CB,V_corr,A0,T_main,0.000269,0,holdout,-1,test,206,53,0,0,0.1486162475984793
full_CB_V_corr_A0_T_main_seed0,full,CB,V_corr,A0,T_main,0.000269,0,holdout,-1,test,196,49,1,1,0.9584878554805992
full_CB_V_corr_A0_T_main_seed0,full,CB,V_corr,A0,T_main,0.000269,0,holdout,-1,test,25,11,1,1,0.8677051738114518
full_CB_V_corr_A0_T_main_seed0,full,CB,V_corr,A0,T_main,0.000269,0,holdout,-1,test,220,54,0,0,0.0843981777951825
full_CB_V_corr_A0_T_main_seed0,full,CB,V_corr,A0,T_main,0.000269,0,holdout,-1,test,5,1,1,1,0.9450878344533185
full_CB_V_corr_A0_T_main_seed0,full,CB,V_corr,A0,T_main,0.000269,0,holdout,-1,test,3,1,1,1,0.9327458470988388
full_CB_V_corr_A0_T_main_seed0,full,CB,V_corr,A0,T_main,0.000269,0,holdout,-1,test,91,31,0,1,0.7331463478140474
stratified_cv_DT_fold0,full,DT,V_raw,A0,T_main,0.000269,0,stratified_cv,0,test,3,1,1,1,1.0
stratified_cv_DT_fold0,full,DT,V_raw,A0,T_main,0.000269,0,stratified_cv,0,test,6,1,1,1,1.0
stratified_cv_DT_fold0,full,DT,V_raw,A0,T_main,0.000269,0,stratified_cv,0,test,9,3,0,0,0.0
stratified_cv_DT_fold0,full,DT,V_raw,A0,T_main,0.000269,0,stratified_cv,0,test,11,4,0,0,0.0
stratified_cv_DT_fold0,full,DT,V_raw,A0,T_main,0.000269,0,stratified_cv,0,test,15,4,0,0,0.0
stratified_cv_DT_fold0,full,DT,V_raw,A0,T_main,0.000269,0,stratified_cv,0,test,19,7,0,0,0.0
stratified_cv_DT_fold0,full,DT,V_raw,A0,T_main,0.000269,0,stratified_cv,0,test,26,11,1,1,1.0
stratified_cv_DT_fold0,full,DT,V_raw,A0,T_main,0.000269,0,stratified_cv,0,test,39,18,0,0,0.0
stratified_cv_DT_fold0,full,DT,V_raw,A0,T_main,0.000269,0,stratified_cv,0,test,41,18,1,0,0.0
stratified_cv_DT_fold0,full,DT,V_raw,A0,T_main,0.000269,0,stratified_cv,0,test,45,19,1,0,0.0
stratified_cv_DT_fold0,full,DT,V_raw,A0,T_main,0.000269,0,stratified_cv,0,test,46,20,0,0,0.0
stratified_cv_DT_fold0,full,DT,V_raw,A0,T_main,0.000269,0,stratified_cv,0,test,50,20,0,0,0.0
stratified_cv_DT_fold0,full,DT,V_raw,A0,T_main,0.000269,0,stratified_cv,0,test,51,21,1,0,0.0
stratified_cv_DT_fold0,full,DT,V_raw,A0,T_main,0.000269,0,stratified_cv,0,test,52,21,1,1,1.0
stratified_cv_DT_fold0,full,DT,V_raw,A0,T_main,0.000269,0,stratified_cv,0,test,56,22,1,1,1.0
stratified_cv_DT_fold0,full,DT,V_raw,A0,T_main,0.000269,0,stratified_cv,0,test,61,24,0,0,0.0
stratified_cv_DT_fold0,full,DT,V_raw,A0,T_main,0.000269,0,stratified_cv,0,test,71,26,1,0,0.0
stratified_cv_DT_fold0,full,DT,V_raw,A0,T_main,0.000269,0,stratified_cv,0,test,73,27,0,0,0.0
stratified_cv_DT_fold0,full,DT,V_raw,A0,T_main,0.000269,0,stratified_cv,0,test,84,30,0,0,0.0
stratified_cv_DT_fold0,full,DT,V_raw,A0,T_main,0.000269,0,stratified_cv,0,test,87,30,1,1,1.0
stratified_cv_DT_fold0,full,DT,V_raw,A0,T_main,0.000269,0,stratified_cv,0,test,91,31,0,1,1.0
stratified_cv_DT_fold0,full,DT,V_raw,A0,T_main,0.000269,0,stratified_cv,0,test,96,31,1,1,1.0
stratified_cv_DT_fold0,full,DT,V_raw,A0,T_main,0.000269,0,stratified_cv,0,test,99,32,0,0,0.0
stratified_cv_DT_fold0,full,DT,V_raw,A0,T_main,0.000269,0,stratified_cv,0,test,100,32,0,0,0.0
stratified_cv_DT_fold0,full,DT,V_raw,A0,T_main,0.000269,0,stratified_cv,0,test,103,32,0,0,0.0
stratified_cv_DT_fold0,full,DT,V_raw,A0,T_main,0.000269,0,stratified_cv,0,test,107,32,0,0,0.0
stratified_cv_DT_fold0,full,DT,V_raw,A0,T_main,0.000269,0,stratified_cv,0,test,112,32,0,0,0.0
stratified_cv_DT_fold0,full,DT,V_raw,A0,T_main,0.000269,0,stratified_cv,0,test,127,34,1,1,1.0
stratified_cv_DT_fold0,full,DT,V_raw,A0,T_main,0.000269,0,stratified_cv,0,test,131,35,0,0,0.0
stratified_cv_DT_fold0,full,DT,V_raw,A0,T_main,0.000269,0,stratified_cv,0,test,133,35,0,0,0.0
stratified_cv_DT_fold0,full,DT,V_raw,A0,T_main,0.000269,0,stratified_cv,0,test,136,36,1,1,1.0
stratified_cv_DT_fold0,full,DT,V_raw,A0,T_main,0.000269,0,stratified_cv,0,test,155,40,1,1,1.0
stratified_cv_DT_fold0,full,DT,V_raw,A0,T_main,0.000269,0,stratified_cv,0,test,162,40,1,1,1.0
stratified_cv_DT_fold0,full,DT,V_raw,A0,T_main,0.000269,0,stratified_cv,0,test,163,41,0,1,1.0
stratified_cv_DT_fold0,full,DT,V_raw,A0,T_main,0.000269,0,stratified_cv,0,test,177,44,1,1,1.0
stratified_cv_DT_fold0,full,DT,V_raw,A0,T_main,0.000269,0,stratified_cv,0,test,182,46,1,0,0.0
stratified_cv_DT_fold0,full,DT,V_raw,A0,T_main,0.000269,0,stratified_cv,0,test,197,49,1,1,1.0
stratified_cv_DT_fold0,full,DT,V_raw,A0,T_main,0.000269,0,stratified_cv,0,test,201,50,0,0,0.0
stratified_cv_DT_fold0,full,DT,V_raw,A0,T_main,0.000269,0,stratified_cv,0,test,209,54,0,0,0.0
stratified_cv_DT_fold0,full,DT,V_raw,A0,T_main,0.000269,0,stratified_cv,0,test,212,54,1,1,1.0
stratified_cv_DT_fold0,full,DT,V_raw,A0,T_main,0.000269,0,stratified_cv,0,test,213,54,0,0,0.0
stratified_cv_DT_fold0,full,DT,V_raw,A0,T_main,0.000269,0,stratified_cv,0,test,216,54,1,0,0.0
stratified_cv_DT_fold0,full,DT,V_raw,A0,T_main,0.000269,0,stratified_cv,0,test,218,54,1,1,1.0
stratified_cv_DT_fold0,full,DT,V_raw,A0,T_main,0.000269,0,stratified_cv,0,test,226,55,1,1,1.0
stratified_cv_RF_fold0,full,RF,V_raw,A0,T_main,0.000269,0,stratified_cv,0,test,3,1,1,1,0.7266666666666667
stratified_cv_RF_fold0,full,RF,V_raw,A0,T_main,0.000269,0,stratified_cv,0,test,6,1,1,1,0.88
stratified_cv_RF_fold0,full,RF,V_raw,A0,T_main,0.000269,0,stratified_cv,0,test,9,3,0,0,0.0033333333333333
stratified_cv_RF_fold0,full,RF,V_raw,A0,T_main,0.000269,0,stratified_cv,0,test,11,4,0,0,0.1533333333333333
stratified_cv_RF_fold0,full,RF,V_raw,A0,T_main,0.000269,0,stratified_cv,0,test,15,4,0,0,0.1633333333333333
stratified_cv_RF_fold0,full,RF,V_raw,A0,T_main,0.000269,0,stratified_cv,0,test,19,7,0,0,0.28
stratified_cv_RF_fold0,full,RF,V_raw,A0,T_main,0.000269,0,stratified_cv,0,test,26,11,1,1,0.89
stratified_cv_RF_fold0,full,RF,V_raw,A0,T_main,0.000269,0,stratified_cv,0,test,39,18,0,0,0.2966666666666667
stratified_cv_RF_fold0,full,RF,V_raw,A0,T_main,0.000269,0,stratified_cv,0,test,41,18,1,0,0.2966666666666667
stratified_cv_RF_fold0,full,RF,V_raw,A0,T_main,0.000269,0,stratified_cv,0,test,45,19,1,0,0.1966666666666666
stratified_cv_RF_fold0,full,RF,V_raw,A0,T_main,0.000269,0,stratified_cv,0,test,46,20,0,0,0.0733333333333333
stratified_cv_RF_fold0,full,RF,V_raw,A0,T_main,0.000269,0,stratified_cv,0,test,50,20,0,0,0.2166666666666666
stratified_cv_RF_fold0,full,RF,V_raw,A0,T_main,0.000269,0,stratified_cv,0,test,51,21,1,1,0.5733333333333334
stratified_cv_RF_fold0,full,RF,V_raw,A0,T_main,0.000269,0,stratified_cv,0,test,52,21,1,1,0.8966666666666666
stratified_cv_RF_fold0,full,RF,V_raw,A0,T_main,0.000269,0,stratified_cv,0,test,56,22,1,1,0.72
stratified_cv_RF_fold0,full,RF,V_raw,A0,T_main,0.000269,0,stratified_cv,0,test,61,24,0,0,0.34
stratified_cv_RF_fold0,full,RF,V_raw,A0,T_main,0.000269,0,stratified_cv,0,test,71,26,1,0,0.23
stratified_cv_RF_fold0,full,RF,V_raw,A0,T_main,0.000269,0,stratified_cv,0,test,73,27,0,0,0.2266666666666666
stratified_cv_RF_fold0,full,RF,V_raw,A0,T_main,0.000269,0,stratified_cv,0,test,84,30,0,0,0.4633333333333333
stratified_cv_RF_fold0,full,RF,V_raw,A0,T_main,0.000269,0,stratified_cv,0,test,87,30,1,1,0.8833333333333333
stratified_cv_RF_fold0,full,RF,V_raw,A0,T_main,0.000269,0,stratified_cv,0,test,91,31,0,1,0.6033333333333334
stratified_cv_RF_fold0,full,RF,V_raw,A0,T_main,0.000269,0,stratified_cv,0,test,96,31,1,1,0.9466666666666668
stratified_cv_RF_fold0,full,RF,V_raw,A0,T_main,0.000269,0,stratified_cv,0,test,99,32,0,0,0.0033333333333333
stratified_cv_RF_fold0,full,RF,V_raw,A0,T_main,0.000269,0,stratified_cv,0,test,100,32,0,0,0.0233333333333333
stratified_cv_RF_fold0,full,RF,V_raw,A0,T_main,0.000269,0,stratified_cv,0,test,103,32,0,0,0.0766666666666666
stratified_cv_RF_fold0,full,RF,V_raw,A0,T_main,0.000269,0,stratified_cv,0,test,107,32,0,0,0.31
stratified_cv_RF_fold0,full,RF,V_raw,A0,T_main,0.000269,0,stratified_cv,0,test,112,32,0,0,0.3533333333333333
stratified_cv_RF_fold0,full,RF,V_raw,A0,T_main,0.000269,0,stratified_cv,0,test,127,34,1,1,0.6833333333333333
stratified_cv_RF_fold0,full,RF,V_raw,A0,T_main,0.000269,0,stratified_cv,0,test,131,35,0,0,0.13
stratified_cv_RF_fold0,full,RF,V_raw,A0,T_main,0.000269,0,stratified_cv,0,test,133,35,0,0,0.0166666666666666
stratified_cv_RF_fold0,full,RF,V_raw,A0,T_main,0.000269,0,stratified_cv,0,test,136,36,1,1,0.65
stratified_cv_RF_fold0,full,RF,V_raw,A0,T_main,0.000269,0,stratified_cv,0,test,155,40,1,1,0.9933333333333332
stratified_cv_RF_fold0,full,RF,V_raw,A0,T_main,0.000269,0,stratified_cv,0,test,162,40,1,1,0.9866666666666668
stratified_cv_RF_fold0,full,RF,V_raw,A0,T_main,0.000269,0,stratified_cv,0,test,163,41,0,1,0.92
stratified_cv_RF_fold0,full,RF,V_raw,A0,T_main,0.000269,0,stratified_cv,0,test,177,44,1,1,0.88
stratified_cv_RF_fold0,full,RF,V_raw,A0,T_main,0.000269,0,stratified_cv,0,test,182,46,1,1,0.6266666666666667
stratified_cv_RF_fold0,full,RF,V_raw,A0,T_main,0.000269,0,stratified_cv,0,test,197,49,1,1,0.5433333333333333
stratified_cv_RF_fold0,full,RF,V_raw,A0,T_main,0.000269,0,stratified_cv,0,test,201,50,0,0,0.1666666666666666
stratified_cv_RF_fold0,full,RF,V_raw,A0,T_main,0.000269,0,stratified_cv,0,test,209,54,0,0,0.02
stratified_cv_RF_fold0,full,RF,V_raw,A0,T_main,0.000269,0,stratified_cv,0,test,212,54,1,1,0.9766666666666668
stratified_cv_RF_fold0,full,RF,V_raw,A0,T_main,0.000269,0,stratified_cv,0,test,213,54,0,0,0.0033333333333333
stratified_cv_RF_fold0,full,RF,V_raw,A0,T_main,0.000269,0,stratified_cv,0,test,216,54,1,0,0.1233333333333333
stratified_cv_RF_fold0,full,RF,V_raw,A0,T_main,0.000269,0,stratified_cv,0,test,218,54,1,1,0.9766666666666668
stratified_cv_RF_fold0,full,RF,V_raw,A0,T_main,0.000269,0,stratified_cv,0,test,226,55,1,1,0.96
stratified_cv_LGBM_fold0,full,LGBM,V_raw,A0,T_main,0.000269,0,stratified_cv,0,test,3,1,1,1,0.9997895806427162
stratified_cv_LGBM_fold0,full,LGBM,V_raw,A0,T_main,0.000269,0,stratified_cv,0,test,6,1,1,1,0.9999950882593368
stratified_cv_LGBM_fold0,full,LGBM,V_raw,A0,T_main,0.000269,0,stratified_cv,0,test,9,3,0,0,7.747946357820867e-08
stratified_cv_LGBM_fold0,full,LGBM,V_raw,A0,T_main,0.000269,0,stratified_cv,0,test,11,4,0,0,4.780488929637576e-07
stratified_cv_LGBM_fold0,full,LGBM,V_raw,A0,T_main,0.000269,0,stratified_cv,0,test,15,4,0,0,4.344069393547011e-06
stratified_cv_LGBM_fold0,full,LGBM,V_raw,A0,T_main,0.000269,0,stratified_cv,0,test,19,7,0,1,0.6979634885479322
stratified_cv_LGBM_fold0,full,LGBM,V_raw,A0,T_main,0.000269,0,stratified_cv,0,test,26,11,1,1,0.9999839402289477
stratified_cv_LGBM_fold0,full,LGBM,V_raw,A0,T_main,0.000269,0,stratified_cv,0,test,39,18,0,0,6.823161964962956e-05
stratified_cv_LGBM_fold0,full,LGBM,V_raw,A0,T_main,0.000269,0,stratified_cv,0,test,41,18,1,0,6.823161964962956e-05
stratified_cv_LGBM_fold0,full,LGBM,V_raw,A0,T_main,0.000269,0,stratified_cv,0,test,45,19,1,0,0.0399504415659758
stratified_cv_LGBM_fold0,full,LGBM,V_raw,A0,T_main,0.000269,0,stratified_cv,0,test,46,20,0,0,8.034461890996735e-08
stratified_cv_LGBM_fold0,full,LGBM,V_raw,A0,T_main,0.000269,0,stratified_cv,0,test,50,20,0,0,3.204937684003502e-05
stratified_cv_LGBM_fold0,full,LGBM,V_raw,A0,T_main,0.000269,0,stratified_cv,0,test,51,21,1,1,0.8767623477091496
stratified_cv_LGBM_fold0,full,LGBM,V_raw,A0,T_main,0.000269,0,stratified_cv,0,test,52,21,1,1,0.9999749166375248
stratified_cv_LGBM_fold0,full,LGBM,V_raw,A0,T_main,0.000269,0,stratified_cv,0,test,56,22,1,1,0.9999875802080568
stratified_cv_LGBM_fold0,full,LGBM,V_raw,A0,T_main,0.000269,0,stratified_cv,0,test,61,24,0,0,0.002818066882712
stratified_cv_LGBM_fold0,full,LGBM,V_raw,A0,T_main,0.000269,0,stratified_cv,0,test,71,26,1,0,1.0714818178500161e-07
stratified_cv_LGBM_fold0,full,LGBM,V_raw,A0,T_main,0.000269,0,stratified_cv,0,test,73,27,0,0,6.767515544553479e-05
stratified_cv_LGBM_fold0,full,LGBM,V_raw,A0,T_main,0.000269,0,stratified_cv,0,test,84,30,0,0,0.0088801632872073
stratified_cv_LGBM_fold0,full,LGBM,V_raw,A0,T_main,0.000269,0,stratified_cv,0,test,87,30,1,1,0.9998985004585929
stratified_cv_LGBM_fold0,full,LGBM,V_raw,A0,T_main,0.000269,0,stratified_cv,0,test,91,31,0,1,0.98846195923198
stratified_cv_LGBM_fold0,full,LGBM,V_raw,A0,T_main,0.000269,0,stratified_cv,0,test,96,31,1,1,0.9999965048703898
stratified_cv_LGBM_fold0,full,LGBM,V_raw,A0,T_main,0.000269,0,stratified_cv,0,test,99,32,0,0,2.6462145343886215e-11
stratified_cv_LGBM_fold0,full,LGBM,V_raw,A0,T_main,0.000269,0,stratified_cv,0,test,100,32,0,0,1.5818325611389159e-10
stratified_cv_LGBM_fold0,full,LGBM,V_raw,A0,T_main,0.000269,0,stratified_cv,0,test,103,32,0,0,2.1304560069632858e-08
stratified_cv_LGBM_fold0,full,LGBM,V_raw,A0,T_main,0.000269,0,stratified_cv,0,test,107,32,0,0,0.0001140810241906
stratified_cv_LGBM_fold0,full,LGBM,V_raw,A0,T_main,0.000269,0,stratified_cv,0,test,112,32,0,0,0.0003704904677822
stratified_cv_LGBM_fold0,full,LGBM,V_raw,A0,T_main,0.000269,0,stratified_cv,0,test,127,34,1,1,0.998598731570631
stratified_cv_LGBM_fold0,full,LGBM,V_raw,A0,T_main,0.000269,0,stratified_cv,0,test,131,35,0,0,8.874656062423318e-07
stratified_cv_LGBM_fold0,full,LGBM,V_raw,A0,T_main,0.000269,0,stratified_cv,0,test,133,35,0,0,5.38816513326174e-09
stratified_cv_LGBM_fold0,full,LGBM,V_raw,A0,T_main,0.000269,0,stratified_cv,0,test,136,36,1,1,0.9979946244484992
stratified_cv_LGBM_fold0,full,LGBM,V_raw,A0,T_main,0.000269,0,stratified_cv,0,test,155,40,1,1,0.9999994247078896
stratified_cv_LGBM_fold0,full,LGBM,V_raw,A0,T_main,0.000269,0,stratified_cv,0,test,162,40,1,1,0.999999937866403
stratified_cv_LGBM_fold0,full,LGBM,V_raw,A0,T_main,0.000269,0,stratified_cv,0,test,163,41,0,1,0.9999504450105804
stratified_cv_LGBM_fold0,full,LGBM,V_raw,A0,T_main,0.000269,0,stratified_cv,0,test,177,44,1,1,0.999998675978592
stratified_cv_LGBM_fold0,full,LGBM,V_raw,A0,T_main,0.000269,0,stratified_cv,0,test,182,46,1,1,0.999413365640126
stratified_cv_LGBM_fold0,full,LGBM,V_raw,A0,T_main,0.000269,0,stratified_cv,0,test,197,49,1,1,0.9865399963465998
stratified_cv_LGBM_fold0,full,LGBM,V_raw,A0,T_main,0.000269,0,stratified_cv,0,test,201,50,0,0,0.0030580464106703
stratified_cv_LGBM_fold0,full,LGBM,V_raw,A0,T_main,0.000269,0,stratified_cv,0,test,209,54,0,0,1.5306513988796327e-05
stratified_cv_LGBM_fold0,full,LGBM,V_raw,A0,T_main,0.000269,0,stratified_cv,0,test,212,54,1,1,0.9999837028947433
stratified_cv_LGBM_fold0,full,LGBM,V_raw,A0,T_main,0.000269,0,stratified_cv,0,test,213,54,0,0,2.009312543580564e-08
stratified_cv_LGBM_fold0,full,LGBM,V_raw,A0,T_main,0.000269,0,stratified_cv,0,test,216,54,1,0,5.595106646855084e-05
stratified_cv_LGBM_fold0,full,LGBM,V_raw,A0,T_main,0.000269,0,stratified_cv,0,test,218,54,1,1,0.9999837028947433
stratified_cv_LGBM_fold0,full,LGBM,V_raw,A0,T_main,0.000269,0,stratified_cv,0,test,226,55,1,1,0.9999987136674564
stratified_cv_CB_fold0,full,CB,V_raw,A0,T_main,0.000269,0,stratified_cv,0,test,3,1,1,1,0.9648437583078434
stratified_cv_CB_fold0,full,CB,V_raw,A0,T_main,0.000269,0,stratified_cv,0,test,6,1,1,1,0.9707576685912468
stratified_cv_CB_fold0,full,CB,V_raw,A0,T_main,0.000269,0,stratified_cv,0,test,9,3,0,0,0.0017702068248805
stratified_cv_CB_fold0,full,CB,V_raw,A0,T_main,0.000269,0,stratified_cv,0,test,11,4,0,0,0.0152310423902689
stratified_cv_CB_fold0,full,CB,V_raw,A0,T_main,0.000269,0,stratified_cv,0,test,15,4,0,0,0.0308575139028866
stratified_cv_CB_fold0,full,CB,V_raw,A0,T_main,0.000269,0,stratified_cv,0,test,19,7,0,0,0.1680666248449885
stratified_cv_CB_fold0,full,CB,V_raw,A0,T_main,0.000269,0,stratified_cv,0,test,26,11,1,1,0.9565955054119276
stratified_cv_CB_fold0,full,CB,V_raw,A0,T_main,0.000269,0,stratified_cv,0,test,39,18,0,0,0.0417927628631264
stratified_cv_CB_fold0,full,CB,V_raw,A0,T_main,0.000269,0,stratified_cv,0,test,41,18,1,0,0.0417927628631264
stratified_cv_CB_fold0,full,CB,V_raw,A0,T_main,0.000269,0,stratified_cv,0,test,45,19,1,0,0.015789965650806
stratified_cv_CB_fold0,full,CB,V_raw,A0,T_main,0.000269,0,stratified_cv,0,test,46,20,0,0,0.0047507989590377
stratified_cv_CB_fold0,full,CB,V_raw,A0,T_main,0.000269,0,stratified_cv,0,test,50,20,0,0,0.0545146903366067
stratified_cv_CB_fold0,full,CB,V_raw,A0,T_main,0.000269,0,stratified_cv,0,test,51,21,1,0,0.2316214373591069
stratified_cv_CB_fold0,full,CB,V_raw,A0,T_main,0.000269,0,stratified_cv,0,test,52,21,1,1,0.985855485393586
stratified_cv_CB_fold0,full,CB,V_raw,A0,T_main,0.000269,0,stratified_cv,0,test,56,22,1,1,0.945623474913378
stratified_cv_CB_fold0,full,CB,V_raw,A0,T_main,0.000269,0,stratified_cv,0,test,61,24,0,0,0.2523558694347603
stratified_cv_CB_fold0,full,CB,V_raw,A0,T_main,0.000269,0,stratified_cv,0,test,71,26,1,0,0.0472348963603884
stratified_cv_CB_fold0,full,CB,V_raw,A0,T_main,0.000269,0,stratified_cv,0,test,73,27,0,0,0.0191342613850795
stratified_cv_CB_fold0,full,CB,V_raw,A0,T_main,0.000269,0,stratified_cv,0,test,84,30,0,0,0.1504096583639123
stratified_cv_CB_fold0,full,CB,V_raw,A0,T_main,0.000269,0,stratified_cv,0,test,87,30,1,1,0.9849329865016913
stratified_cv_CB_fold0,full,CB,V_raw,A0,T_main,0.000269,0,stratified_cv,0,test,91,31,0,1,0.7422504381641074
stratified_cv_CB_fold0,full,CB,V_raw,A0,T_main,0.000269,0,stratified_cv,0,test,96,31,1,1,0.9968322784222732
stratified_cv_CB_fold0,full,CB,V_raw,A0,T_main,0.000269,0,stratified_cv,0,test,99,32,0,0,3.0831346232396206e-06
stratified_cv_CB_fold0,full,CB,V_raw,A0,T_main,0.000269,0,stratified_cv,0,test,100,32,0,0,4.703741169423218e-05
stratified_cv_CB_fold0,full,CB,V_raw,A0,T_main,0.000269,0,stratified_cv,0,test,103,32,0,0,0.0005345258107826
stratified_cv_CB_fold0,full,CB,V_raw,A0,T_main,0.000269,0,stratified_cv,0,test,107,32,0,0,0.0345042748301674
stratified_cv_CB_fold0,full,CB,V_raw,A0,T_main,0.000269,0,stratified_cv,0,test,112,32,0,0,0.086797480586606
stratified_cv_CB_fold0,full,CB,V_raw,A0,T_main,0.000269,0,stratified_cv,0,test,127,34,1,1,0.7476436202204391
stratified_cv_CB_fold0,full,CB,V_raw,A0,T_main,0.000269,0,stratified_cv,0,test,131,35,0,0,0.0140490798573207
stratified_cv_CB_fold0,full,CB,V_raw,A0,T_main,0.000269,0,stratified_cv,0,test,133,35,0,0,0.000819893463009
stratified_cv_CB_fold0,full,CB,V_raw,A0,T_main,0.000269,0,stratified_cv,0,test,136,36,1,1,0.9650947110542072
stratified_cv_CB_fold0,full,CB,V_raw,A0,T_main,0.000269,0,stratified_cv,0,test,155,40,1,1,0.9967347372266656
stratified_cv_CB_fold0,full,CB,V_raw,A0,T_main,0.000269,0,stratified_cv,0,test,162,40,1,1,0.998488281887491
stratified_cv_CB_fold0,full,CB,V_raw,A0,T_main,0.000269,0,stratified_cv,0,test,163,41,0,1,0.9788281920881556
stratified_cv_CB_fold0,full,CB,V_raw,A0,T_main,0.000269,0,stratified_cv,0,test,177,44,1,1,0.9834989570586358
stratified_cv_CB_fold0,full,CB,V_raw,A0,T_main,0.000269,0,stratified_cv,0,test,182,46,1,1,0.5106187066173623
stratified_cv_CB_fold0,full,CB,V_raw,A0,T_main,0.000269,0,stratified_cv,0,test,197,49,1,0,0.3192247719722252
stratified_cv_CB_fold0,full,CB,V_raw,A0,T_main,0.000269,0,stratified_cv,0,test,201,50,0,0,0.0492567441303678
stratified_cv_CB_fold0,full,CB,V_raw,A0,T_main,0.000269,0,stratified_cv,0,test,209,54,0,0,0.0142423998578642
stratified_cv_CB_fold0,full,CB,V_raw,A0,T_main,0.000269,0,stratified_cv,0,test,212,54,1,1,0.9801603711147278
stratified_cv_CB_fold0,full,CB,V_raw,A0,T_main,0.000269,0,stratified_cv,0,test,213,54,0,0,0.0006678916815595
stratified_cv_CB_fold0,full,CB,V_raw,A0,T_main,0.000269,0,stratified_cv,0,test,216,54,1,0,0.0216176309101487
stratified_cv_CB_fold0,full,CB,V_raw,A0,T_main,0.000269,0,stratified_cv,0,test,218,54,1,1,0.9801603711147278
stratified_cv_CB_fold0,full,CB,V_raw,A0,T_main,0.000269,0,stratified_cv,0,test,226,55,1,1,0.997511492730812
stratified_cv_DT_fold1,full,DT,V_raw,A0,T_main,0.000269,0,stratified_cv,1,test,5,1,1,1,1.0
stratified_cv_DT_fold1,full,DT,V_raw,A0,T_main,0.000269,0,stratified_cv,1,test,7,1,1,1,1.0
stratified_cv_DT_fold1,full,DT,V_raw,A0,T_main,0.000269,0,stratified_cv,1,test,12,4,0,0,0.0
stratified_cv_DT_fold1,full,DT,V_raw,A0,T_main,0.000269,0,stratified_cv,1,test,24,11,0,1,1.0
stratified_cv_DT_fold1,full,DT,V_raw,A0,T_main,0.000269,0,stratified_cv,1,test,35,16,1,1,1.0
stratified_cv_DT_fold1,full,DT,V_raw,A0,T_main,0.000269,0,stratified_cv,1,test,36,16,1,1,1.0
stratified_cv_DT_fold1,full,DT,V_raw,A0,T_main,0.000269,0,stratified_cv,1,test,47,20,0,0,0.0
stratified_cv_DT_fold1,full,DT,V_raw,A0,T_main,0.000269,0,stratified_cv,1,test,49,20,0,0,0.0
stratified_cv_DT_fold1,full,DT,V_raw,A0,T_main,0.000269,0,stratified_cv,1,test,60,22,0,0,0.0
stratified_cv_DT_fold1,full,DT,V_raw,A0,T_main,0.000269,0,stratified_cv,1,test,72,26,0,0,0.0
stratified_cv_DT_fold1,full,DT,V_raw,A0,T_main,0.000269,0,stratified_cv,1,test,80,28,1,1,1.0
stratified_cv_DT_fold1,full,DT,V_raw,A0,T_main,0.000269,0,stratified_cv,1,test,82,29,1,1,1.0
stratified_cv_DT_fold1,full,DT,V_raw,A0,T_main,0.000269,0,stratified_cv,1,test,83,30,0,0,0.0
stratified_cv_DT_fold1,full,DT,V_raw,A0,T_main,0.000269,0,stratified_cv,1,test,89,31,0,0,0.0
stratified_cv_DT_fold1,full,DT,V_raw,A0,T_main,0.000269,0,stratified_cv,1,test,90,31,0,0,0.0
stratified_cv_DT_fold1,full,DT,V_raw,A0,T_main,0.000269,0,stratified_cv,1,test,93,31,1,1,1.0
stratified_cv_DT_fold1,full,DT,V_raw,A0,T_main,0.000269,0,stratified_cv,1,test,101,32,0,0,0.0
stratified_cv_DT_fold1,full,DT,V_raw,A0,T_main,0.000269,0,stratified_cv,1,test,102,32,0,0,0.0
stratified_cv_DT_fold1,full,DT,V_raw,A0,T_main,0.000269,0,stratified_cv,1,test,108,32,0,0,0.0
stratified_cv_DT_fold1,full,DT,V_raw,A0,T_main,0.000269,0,stratified_cv,1,test,109,32,0,0,0.0
stratified_cv_DT_fold1,full,DT,V_raw,A0,T_main,0.000269,0,stratified_cv,1,test,114,32,0,0,0.0
stratified_cv_DT_fold1,full,DT,V_raw,A0,T_main,0.000269,0,stratified_cv,1,test,115,32,0,0,0.0
stratified_cv_DT_fold1,full,DT,V_raw,A0,T_main,0.000269,0,stratified_cv,1,test,119,33,0,0,0.0
stratified_cv_DT_fold1,full,DT,V_raw,A0,T_main,0.000269,0,stratified_cv,1,test,120,33,1,1,1.0
stratified_cv_DT_fold1,full,DT,V_raw,A0,T_main,0.000269,0,stratified_cv,1,test,125,34,1,0,0.0
stratified_cv_DT_fold1,full,DT,V_raw,A0,T_main,0.000269,0,stratified_cv,1,test,129,35,0,0,0.0
stratified_cv_DT_fold1,full,DT,V_raw,A0,T_main,0.000269,0,stratified_cv,1,test,134,36,1,1,1.0
stratified_cv_DT_fold1,full,DT,V_raw,A0,T_main,0.000269,0,stratified_cv,1,test,137,36,0,0,0.0
stratified_cv_DT_fold1,full,DT,V_raw,A0,T_main,0.000269,0,stratified_cv,1,test,143,37,1,1,1.0
stratified_cv_DT_fold1,full,DT,V_raw,A0,T_main,0.000269,0,stratified_cv,1,test,148,38,1,1,1.0
stratified_cv_DT_fold1,full,DT,V_raw,A0,T_main,0.000269,0,stratified_cv,1,test,149,38,1,1,1.0
stratified_cv_DT_fold1,full,DT,V_raw,A0,T_main,0.000269,0,stratified_cv,1,test,156,40,1,1,1.0
stratified_cv_DT_fold1,full,DT,V_raw,A0,T_main,0.000269,0,stratified_cv,1,test,159,40,1,1,1.0
stratified_cv_DT_fold1,full,DT,V_raw,A0,T_main,0.000269,0,stratified_cv,1,test,166,41,1,1,1.0
stratified_cv_DT_fold1,full,DT,V_raw,A0,T_main,0.000269,0,stratified_cv,1,test,172,43,0,0,0.0
stratified_cv_DT_fold1,full,DT,V_raw,A0,T_main,0.000269,0,stratified_cv,1,test,173,43,0,0,0.0
stratified_cv_DT_fold1,full,DT,V_raw,A0,T_main,0.000269,0,stratified_cv,1,test,176,44,1,1,1.0
stratified_cv_DT_fold1,full,DT,V_raw,A0,T_main,0.000269,0,stratified_cv,1,test,178,45,1,1,1.0
stratified_cv_DT_fold1,full,DT,V_raw,A0,T_main,0.000269,0,stratified_cv,1,test,194,49,0,1,1.0
stratified_cv_DT_fold1,full,DT,V_raw,A0,T_main,0.000269,0,stratified_cv,1,test,195,49,1,1,1.0
stratified_cv_DT_fold1,full,DT,V_raw,A0,T_main,0.000269,0,stratified_cv,1,test,203,51,1,1,1.0
stratified_cv_DT_fold1,full,DT,V_raw,A0,T_main,0.000269,0,stratified_cv,1,test,208,54,0,0,0.0
stratified_cv_DT_fold1,full,DT,V_raw,A0,T_main,0.000269,0,stratified_cv,1,test,211,54,1,1,1.0
stratified_cv_DT_fold1,full,DT,V_raw,A0,T_main,0.000269,0,stratified_cv,1,test,224,54,1,1,1.0
stratified_cv_RF_fold1,full,RF,V_raw,A0,T_main,0.000269,0,stratified_cv,1,test,5,1,1,1,0.8738044231177359
stratified_cv_RF_fold1,full,RF,V_raw,A0,T_main,0.000269,0,stratified_cv,1,test,7,1,1,1,0.6760468473601601
stratified_cv_RF_fold1,full,RF,V_raw,A0,T_main,0.000269,0,stratified_cv,1,test,12,4,0,0,0.01
stratified_cv_RF_fold1,full,RF,V_raw,A0,T_main,0.000269,0,stratified_cv,1,test,24,11,0,0,0.4411392354213063
stratified_cv_RF_fold1,full,RF,V_raw,A0,T_main,0.000269,0,stratified_cv,1,test,35,16,1,1,0.6612905406047489
stratified_cv_RF_fold1,full,RF,V_raw,A0,T_main,0.000269,0,stratified_cv,1,test,36,16,1,1,0.6057492089205604
stratified_cv_RF_fold1,full,RF,V_raw,A0,T_main,0.000269,0,stratified_cv,1,test,47,20,0,0,0.2687214566583705
stratified_cv_RF_fold1,full,RF,V_raw,A0,T_main,0.000269,0,stratified_cv,1,test,49,20,0,0,0.3446361745950647
stratified_cv_RF_fold1,full,RF,V_raw,A0,T_main,0.000269,0,stratified_cv,1,test,60,22,0,0,0.2072727272727273
stratified_cv_RF_fold1,full,RF,V_raw,A0,T_main,0.000269,0,stratified_cv,1,test,72,26,0,1,0.5159007936507937
stratified_cv_RF_fold1,full,RF,V_raw,A0,T_main,0.000269,0,stratified_cv,1,test,80,28,1,1,0.8842846232464486
stratified_cv_RF_fold1,full,RF,V_raw,A0,T_main,0.000269,0,stratified_cv,1,test,82,29,1,1,0.6199683681433783
stratified_cv_RF_fold1,full,RF,V_raw,A0,T_main,0.000269,0,stratified_cv,1,test,83,30,0,1,0.6156333187835852
stratified_cv_RF_fold1,full,RF,V_raw,A0,T_main,0.000269,0,stratified_cv,1,test,89,31,0,0,0.0825555555555555
stratified_cv_RF_fold1,full,RF,V_raw,A0,T_main,0.000269,0,stratified_cv,1,test,90,31,0,0,0.1708888888888889
stratified_cv_RF_fold1,full,RF,V_raw,A0,T_main,0.000269,0,stratified_cv,1,test,93,31,1,1,0.9779220763339984
stratified_cv_RF_fold1,full,RF,V_raw,A0,T_main,0.000269,0,stratified_cv,1,test,101,32,0,0,0.0363579782790309
stratified_cv_RF_fold1,full,RF,V_raw,A0,T_main,0.000269,0,stratified_cv,1,test,102,32,0,0,0.0398492063492063
stratified_cv_RF_fold1,full,RF,V_raw,A0,T_main,0.000269,0,stratified_cv,1,test,108,32,0,0,0.3240437034230138
stratified_cv_RF_fold1,full,RF,V_raw,A0,T_main,0.000269,0,stratified_cv,1,test,109,32,0,0,0.01
stratified_cv_RF_fold1,full,RF,V_raw,A0,T_main,0.000269,0,stratified_cv,1,test,114,32,0,0,0.027
stratified_cv_RF_fold1,full,RF,V_raw,A0,T_main,0.000269,0,stratified_cv,1,test,115,32,0,0,0.3363226724728638
stratified_cv_RF_fold1,full,RF,V_raw,A0,T_main,0.000269,0,stratified_cv,1,test,119,33,0,0,0.0751851851851851
stratified_cv_RF_fold1,full,RF,V_raw,A0,T_main,0.000269,0,stratified_cv,1,test,120,33,1,1,0.6327214258382209
stratified_cv_RF_fold1,full,RF,V_raw,A0,T_main,0.000269,0,stratified_cv,1,test,125,34,1,1,0.8758749930440454
stratified_cv_RF_fold1,full,RF,V_raw,A0,T_main,0.000269,0,stratified_cv,1,test,129,35,0,0,0.0169999999999999
stratified_cv_RF_fold1,full,RF,V_raw,A0,T_main,0.000269,0,stratified_cv,1,test,134,36,1,1,0.6887190484119056
stratified_cv_RF_fold1,full,RF,V_raw,A0,T_main,0.000269,0,stratified_cv,1,test,137,36,0,1,0.5032267573696145
stratified_cv_RF_fold1,full,RF,V_raw,A0,T_main,0.000269,0,stratified_cv,1,test,143,37,1,1,0.9514319707229432
stratified_cv_RF_fold1,full,RF,V_raw,A0,T_main,0.000269,0,stratified_cv,1,test,148,38,1,1,0.9850658627087198
stratified_cv_RF_fold1,full,RF,V_raw,A0,T_main,0.000269,0,stratified_cv,1,test,149,38,1,1,0.9850658627087198
stratified_cv_RF_fold1,full,RF,V_raw,A0,T_main,0.000269,0,stratified_cv,1,test,156,40,1,1,0.9871494597887251
stratified_cv_RF_fold1,full,RF,V_raw,A0,T_main,0.000269,0,stratified_cv,1,test,159,40,1,1,0.9879395003477002
stratified_cv_RF_fold1,full,RF,V_raw,A0,T_main,0.000269,0,stratified_cv,1,test,166,41,1,1,0.8861580087560029
stratified_cv_RF_fold1,full,RF,V_raw,A0,T_main,0.000269,0,stratified_cv,1,test,172,43,0,0,0.1922463768115942
stratified_cv_RF_fold1,full,RF,V_raw,A0,T_main,0.000269,0,stratified_cv,1,test,173,43,0,0,0.1889130434782608
stratified_cv_RF_fold1,full,RF,V_raw,A0,T_main,0.000269,0,stratified_cv,1,test,176,44,1,1,0.8964198313954739
stratified_cv_RF_fold1,full,RF,V_raw,A0,T_main,0.000269,0,stratified_cv,1,test,178,45,1,1,0.5698167691880038
stratified_cv_RF_fold1,full,RF,V_raw,A0,T_main,0.000269,0,stratified_cv,1,test,194,49,0,0,0.4412665056360708
stratified_cv_RF_fold1,full,RF,V_raw,A0,T_main,0.000269,0,stratified_cv,1,test,195,49,1,1,0.6679022204786912
stratified_cv_RF_fold1,full,RF,V_raw,A0,T_main,0.000269,0,stratified_cv,1,test,203,51,1,0,0.4745980234582123
stratified_cv_RF_fold1,full,RF,V_raw,A0,T_main,0.000269,0,stratified_cv,1,test,208,54,0,0,0.0399749398923927
stratified_cv_RF_fold1,full,RF,V_raw,A0,T_main,0.000269,0,stratified_cv,1,test,211,54,1,1,0.9412804593729122
stratified_cv_RF_fold1,full,RF,V_raw,A0,T_main,0.000269,0,stratified_cv,1,test,224,54,1,1,0.9570440775638168
stratified_cv_LGBM_fold1,full,LGBM,V_raw,A0,T_main,0.000269,0,stratified_cv,1,test,5,1,1,1,0.9997124411215996
stratified_cv_LGBM_fold1,full,LGBM,V_raw,A0,T_main,0.000269,0,stratified_cv,1,test,7,1,1,0,0.1965795206555195
stratified_cv_LGBM_fold1,full,LGBM,V_raw,A0,T_main,0.000269,0,stratified_cv,1,test,12,4,0,0,1.2576079113510422e-08
stratified_cv_LGBM_fold1,full,LGBM,V_raw,A0,T_main,0.000269,0,stratified_cv,1,test,24,11,0,1,0.5164349719987303
stratified_cv_LGBM_fold1,full,LGBM,V_raw,A0,T_main,0.000269,0,stratified_cv,1,test,35,16,1,1,0.8582544578498547
stratified_cv_LGBM_fold1,full,LGBM,V_raw,A0,T_main,0.000269,0,stratified_cv,1,test,36,16,1,1,0.8732627336010297
stratified_cv_LGBM_fold1,full,LGBM,V_raw,A0,T_main,0.000269,0,stratified_cv,1,test,47,20,0,0,0.0001274662680862
stratified_cv_LGBM_fold1,full,LGBM,V_raw,A0,T_main,0.000269,0,stratified_cv,1,test,49,20,0,0,0.0013468930574568
stratified_cv_LGBM_fold1,full,LGBM,V_raw,A0,T_main,0.000269,0,stratified_cv,1,test,60,22,0,0,4.285613793134373e-05
stratified_cv_LGBM_fold1,full,LGBM,V_raw,A0,T_main,0.000269,0,stratified_cv,1,test,72,26,0,1,0.998907928836441
stratified_cv_LGBM_fold1,full,LGBM,V_raw,A0,T_main,0.000269,0,stratified_cv,1,test,80,28,1,1,0.9978791746711256
stratified_cv_LGBM_fold1,full,LGBM,V_raw,A0,T_main,0.000269,0,stratified_cv,1,test,82,29,1,1,0.9993756848099684
stratified_cv_LGBM_fold1,full,LGBM,V_raw,A0,T_main,0.000269,0,stratified_cv,1,test,83,30,0,1,0.6285329808252634
stratified_cv_LGBM_fold1,full,LGBM,V_raw,A0,T_main,0.000269,0,stratified_cv,1,test,89,31,0,0,0.000183489591265
stratified_cv_LGBM_fold1,full,LGBM,V_raw,A0,T_main,0.000269,0,stratified_cv,1,test,90,31,0,0,9.229537145135237e-05
stratified_cv_LGBM_fold1,full,LGBM,V_raw,A0,T_main,0.000269,0,stratified_cv,1,test,93,31,1,1,0.9999482470362238
stratified_cv_LGBM_fold1,full,LGBM,V_raw,A0,T_main,0.000269,0,stratified_cv,1,test,101,32,0,0,2.340928154537307e-06
stratified_cv_LGBM_fold1,full,LGBM,V_raw,A0,T_main,0.000269,0,stratified_cv,1,test,102,32,0,0,2.340928154537307e-06
stratified_cv_LGBM_fold1,full,LGBM,V_raw,A0,T_main,0.000269,0,stratified_cv,1,test,108,32,0,0,0.2137309376117694
stratified_cv_LGBM_fold1,full,LGBM,V_raw,A0,T_main,0.000269,0,stratified_cv,1,test,109,32,0,0,3.247735920568506e-08
stratified_cv_LGBM_fold1,full,LGBM,V_raw,A0,T_main,0.000269,0,stratified_cv,1,test,114,32,0,0,0.0013518583149063
stratified_cv_LGBM_fold1,full,LGBM,V_raw,A0,T_main,0.000269,0,stratified_cv,1,test,115,32,0,1,0.8445869633947637
stratified_cv_LGBM_fold1,full,LGBM,V_raw,A0,T_main,0.000269,0,stratified_cv,1,test,119,33,0,0,0.0001703532973548
stratified_cv_LGBM_fold1,full,LGBM,V_raw,A0,T_main,0.000269,0,stratified_cv,1,test,120,33,1,1,0.9917763352138886
stratified_cv_LGBM_fold1,full,LGBM,V_raw,A0,T_main,0.000269,0,stratified_cv,1,test,125,34,1,1,0.991441027524636
stratified_cv_LGBM_fold1,full,LGBM,V_raw,A0,T_main,0.000269,0,stratified_cv,1,test,129,35,0,0,4.191885607360977e-07
stratified_cv_LGBM_fold1,full,LGBM,V_raw,A0,T_main,0.000269,0,stratified_cv,1,test,134,36,1,1,0.6227954180813746
stratified_cv_LGBM_fold1,full,LGBM,V_raw,A0,T_main,0.000269,0,stratified_cv,1,test,137,36,0,1,0.9978470309992744
stratified_cv_LGBM_fold1,full,LGBM,V_raw,A0,T_main,0.000269,0,stratified_cv,1,test,143,37,1,1,0.9999997133831536
stratified_cv_LGBM_fold1,full,LGBM,V_raw,A0,T_main,0.000269,0,stratified_cv,1,test,148,38,1,1,0.9996948537609274
stratified_cv_LGBM_fold1,full,LGBM,V_raw,A0,T_main,0.000269,0,stratified_cv,1,test,149,38,1,1,0.9996948537609274
stratified_cv_LGBM_fold1,full,LGBM,V_raw,A0,T_main,0.000269,0,stratified_cv,1,test,156,40,1,1,0.9999911959685908
stratified_cv_LGBM_fold1,full,LGBM,V_raw,A0,T_main,0.000269,0,stratified_cv,1,test,159,40,1,1,0.999999853416604
stratified_cv_LGBM_fold1,full,LGBM,V_raw,A0,T_main,0.000269,0,stratified_cv,1,test,166,41,1,1,0.9986964181850378
stratified_cv_LGBM_fold1,full,LGBM,V_raw,A0,T_main,0.000269,0,stratified_cv,1,test,172,43,0,0,0.0002594501836019
stratified_cv_LGBM_fold1,full,LGBM,V_raw,A0,T_main,0.000269,0,stratified_cv,1,test,173,43,0,0,0.0002594501836019
stratified_cv_LGBM_fold1,full,LGBM,V_raw,A0,T_main,0.000269,0,stratified_cv,1,test,176,44,1,1,0.9966158492649414
stratified_cv_LGBM_fold1,full,LGBM,V_raw,A0,T_main,0.000269,0,stratified_cv,1,test,178,45,1,0,0.0117345907677954
stratified_cv_LGBM_fold1,full,LGBM,V_raw,A0,T_main,0.000269,0,stratified_cv,1,test,194,49,0,0,0.0577498165445157
stratified_cv_LGBM_fold1,full,LGBM,V_raw,A0,T_main,0.000269,0,stratified_cv,1,test,195,49,1,1,0.997117792044208
stratified_cv_LGBM_fold1,full,LGBM,V_raw,A0,T_main,0.000269,0,stratified_cv,1,test,203,51,1,1,0.9989103377592236
stratified_cv_LGBM_fold1,full,LGBM,V_raw,A0,T_main,0.000269,0,stratified_cv,1,test,208,54,0,0,0.0008276627463651
stratified_cv_LGBM_fold1,full,LGBM,V_raw,A0,T_main,0.000269,0,stratified_cv,1,test,211,54,1,1,0.9985862815070456
stratified_cv_LGBM_fold1,full,LGBM,V_raw,A0,T_main,0.000269,0,stratified_cv,1,test,224,54,1,1,0.9994728739032974
stratified_cv_CB_fold1,full,CB,V_raw,A0,T_main,0.000269,0,stratified_cv,1,test,5,1,1,1,0.948505181183985
stratified_cv_CB_fold1,full,CB,V_raw,A0,T_main,0.000269,0,stratified_cv,1,test,7,1,1,1,0.779613905252102
stratified_cv_CB_fold1,full,CB,V_raw,A0,T_main,0.000269,0,stratified_cv,1,test,12,4,0,0,0.0014724107628904
stratified_cv_CB_fold1,full,CB,V_raw,A0,T_main,0.000269,0,stratified_cv,1,test,24,11,0,0,0.455271789965152
stratified_cv_CB_fold1,full,CB,V_raw,A0,T_main,0.000269,0,stratified_cv,1,test,35,16,1,1,0.7242981403774206
stratified_cv_CB_fold1,full,CB,V_raw,A0,T_main,0.000269,0,stratified_cv,1,test,36,16,1,0,0.2866494914195555
stratified_cv_CB_fold1,full,CB,V_raw,A0,T_main,0.000269,0,stratified_cv,1,test,47,20,0,0,0.0802463241195174
stratified_cv_CB_fold1,full,CB,V_raw,A0,T_main,0.000269,0,stratified_cv,1,test,49,20,0,0,0.0851553191405573
stratified_cv_CB_fold1,full,CB,V_raw,A0,T_main,0.000269,0,stratified_cv,1,test,60,22,0,0,0.0105976584846172
stratified_cv_CB_fold1,full,CB,V_raw,A0,T_main,0.000269,0,stratified_cv,1,test,72,26,0,1,0.7871507070743575
stratified_cv_CB_fold1,full,CB,V_raw,A0,T_main,0.000269,0,stratified_cv,1,test,80,28,1,1,0.9505637579508378
stratified_cv_CB_fold1,full,CB,V_raw,A0,T_main,0.000269,0,stratified_cv,1,test,82,29,1,1,0.5929880796134129
stratified_cv_CB_fold1,full,CB,V_raw,A0,T_main,0.000269,0,stratified_cv,1,test,83,30,0,1,0.6974183730926429
stratified_cv_CB_fold1,full,CB,V_raw,A0,T_main,0.000269,0,stratified_cv,1,test,89,31,0,0,0.0159996186783426
stratified_cv_CB_fold1,full,CB,V_raw,A0,T_main,0.000269,0,stratified_cv,1,test,90,31,0,0,0.017094372716397
stratified_cv_CB_fold1,full,CB,V_raw,A0,T_main,0.000269,0,stratified_cv,1,test,93,31,1,1,0.991753688426978
stratified_cv_CB_fold1,full,CB,V_raw,A0,T_main,0.000269,0,stratified_cv,1,test,101,32,0,0,0.0043044407059502
stratified_cv_CB_fold1,full,CB,V_raw,A0,T_main,0.000269,0,stratified_cv,1,test,102,32,0,0,0.0043428599061882
stratified_cv_CB_fold1,full,CB,V_raw,A0,T_main,0.000269,0,stratified_cv,1,test,108,32,0,0,0.0540867520120523
stratified_cv_CB_fold1,full,CB,V_raw,A0,T_main,0.000269,0,stratified_cv,1,test,109,32,0,0,0.0002413868994838
stratified_cv_CB_fold1,full,CB,V_raw,A0,T_main,0.000269,0,stratified_cv,1,test,114,32,0,0,0.0105368725704337
stratified_cv_CB_fold1,full,CB,V_raw,A0,T_main,0.000269,0,stratified_cv,1,test,115,32,0,1,0.5328434028504885
stratified_cv_CB_fold1,full,CB,V_raw,A0,T_main,0.000269,0,stratified_cv,1,test,119,33,0,0,0.0186816159052736
stratified_cv_CB_fold1,full,CB,V_raw,A0,T_main,0.000269,0,stratified_cv,1,test,120,33,1,1,0.9057411657307464
stratified_cv_CB_fold1,full,CB,V_raw,A0,T_main,0.000269,0,stratified_cv,1,test,125,34,1,1,0.9075956949183154
stratified_cv_CB_fold1,full,CB,V_raw,A0,T_main,0.000269,0,stratified_cv,1,test,129,35,0,0,0.002202377608967
stratified_cv_CB_fold1,full,CB,V_raw,A0,T_main,0.000269,0,stratified_cv,1,test,134,36,1,1,0.7836281651583372
stratified_cv_CB_fold1,full,CB,V_raw,A0,T_main,0.000269,0,stratified_cv,1,test,137,36,0,1,0.617086161412819
stratified_cv_CB_fold1,full,CB,V_raw,A0,T_main,0.000269,0,stratified_cv,1,test,143,37,1,1,0.996529466119118
stratified_cv_CB_fold1,full,CB,V_raw,A0,T_main,0.000269,0,stratified_cv,1,test,148,38,1,1,0.9903960356012732
stratified_cv_CB_fold1,full,CB,V_raw,A0,T_main,0.000269,0,stratified_cv,1,test,149,38,1,1,0.9903960356012732
stratified_cv_CB_fold1,full,CB,V_raw,A0,T_main,0.000269,0,stratified_cv,1,test,156,40,1,1,0.9939968927781924
stratified_cv_CB_fold1,full,CB,V_raw,A0,T_main,0.000269,0,stratified_cv,1,test,159,40,1,1,0.9974244657070817
stratified_cv_CB_fold1,full,CB,V_raw,A0,T_main,0.000269,0,stratified_cv,1,test,166,41,1,1,0.9518702327885488
stratified_cv_CB_fold1,full,CB,V_raw,A0,T_main,0.000269,0,stratified_cv,1,test,172,43,0,0,0.0218373563561583
stratified_cv_CB_fold1,full,CB,V_raw,A0,T_main,0.000269,0,stratified_cv,1,test,173,43,0,0,0.0233257567844718
stratified_cv_CB_fold1,full,CB,V_raw,A0,T_main,0.000269,0,stratified_cv,1,test,176,44,1,1,0.9559115879956416
stratified_cv_CB_fold1,full,CB,V_raw,A0,T_main,0.000269,0,stratified_cv,1,test,178,45,1,0,0.4524311601968001
stratified_cv_CB_fold1,full,CB,V_raw,A0,T_main,0.000269,0,stratified_cv,1,test,194,49,0,0,0.2855756318354919
stratified_cv_CB_fold1,full,CB,V_raw,A0,T_main,0.000269,0,stratified_cv,1,test,195,49,1,1,0.6773997616542209
stratified_cv_CB_fold1,full,CB,V_raw,A0,T_main,0.000269,0,stratified_cv,1,test,203,51,1,1,0.8320036863891338
stratified_cv_CB_fold1,full,CB,V_raw,A0,T_main,0.000269,0,stratified_cv,1,test,208,54,0,0,0.0508868514176742
stratified_cv_CB_fold1,full,CB,V_raw,A0,T_main,0.000269,0,stratified_cv,1,test,211,54,1,1,0.9649069524024698
stratified_cv_CB_fold1,full,CB,V_raw,A0,T_main,0.000269,0,stratified_cv,1,test,224,54,1,1,0.9619193185816016
stratified_cv_DT_fold2,full,DT,V_raw,A0,T_main,0.000269,0,stratified_cv,2,test,18,6,1,1,1.0
stratified_cv_DT_fold2,full,DT,V_raw,A0,T_main,0.000269,0,stratified_cv,2,test,25,11,1,1,1.0
stratified_cv_DT_fold2,full,DT,V_raw,A0,T_main,0.000269,0,stratified_cv,2,test,27,11,1,1,1.0
stratified_cv_DT_fold2,full,DT,V_raw,A0,T_main,0.000269,0,stratified_cv,2,test,30,12,0,0,0.0
stratified_cv_DT_fold2,full,DT,V_raw,A0,T_main,0.000269,0,stratified_cv,2,test,31,13,0,1,1.0
stratified_cv_DT_fold2,full,DT,V_raw,A0,T_main,0.000269,0,stratified_cv,2,test,34,15,0,0,0.0
stratified_cv_DT_fold2,full,DT,V_raw,A0,T_main,0.000269,0,stratified_cv,2,test,43,19,0,0,0.0
stratified_cv_DT_fold2,full,DT,V_raw,A0,T_main,0.000269,0,stratified_cv,2,test,53,21,1,1,1.0
stratified_cv_DT_fold2,full,DT,V_raw,A0,T_main,0.000269,0,stratified_cv,2,test,59,22,0,1,1.0
stratified_cv_DT_fold2,full,DT,V_raw,A0,T_main,0.000269,0,stratified_cv,2,test,63,24,1,0,0.0
stratified_cv_DT_fold2,full,DT,V_raw,A0,T_main,0.000269,0,stratified_cv,2,test,70,25,0,0,0.0
stratified_cv_DT_fold2,full,DT,V_raw,A0,T_main,0.000269,0,stratified_cv,2,test,74,27,0,0,0.0
stratified_cv_DT_fold2,full,DT,V_raw,A0,T_main,0.000269,0,stratified_cv,2,test,75,27,0,0,0.0
stratified_cv_DT_fold2,full,DT,V_raw,A0,T_main,0.000269,0,stratified_cv,2,test,76,27,0,0,0.0
stratified_cv_DT_fold2,full,DT,V_raw,A0,T_main,0.000269,0,stratified_cv,2,test,78,28,1,1,1.0
stratified_cv_DT_fold2,full,DT,V_raw,A0,T_main,0.000269,0,stratified_cv,2,test,86,30,1,0,0.0
stratified_cv_DT_fold2,full,DT,V_raw,A0,T_main,0.000269,0,stratified_cv,2,test,92,31,1,0,0.0
stratified_cv_DT_fold2,full,DT,V_raw,A0,T_main,0.000269,0,stratified_cv,2,test,104,32,0,0,0.0
stratified_cv_DT_fold2,full,DT,V_raw,A0,T_main,0.000269,0,stratified_cv,2,test,106,32,0,0,0.0
stratified_cv_DT_fold2,full,DT,V_raw,A0,T_main,0.000269,0,stratified_cv,2,test,110,32,0,0,0.0
stratified_cv_DT_fold2,full,DT,V_raw,A0,T_main,0.000269,0,stratified_cv,2,test,111,32,0,0,0.0
stratified_cv_DT_fold2,full,DT,V_raw,A0,T_main,0.000269,0,stratified_cv,2,test,113,32,0,1,1.0
stratified_cv_DT_fold2,full,DT,V_raw,A0,T_main,0.000269,0,stratified_cv,2,test,116,32,1,0,0.0
stratified_cv_DT_fold2,full,DT,V_raw,A0,T_main,0.000269,0,stratified_cv,2,test,117,32,1,0,0.0
stratified_cv_DT_fold2,full,DT,V_raw,A0,T_main,0.000269,0,stratified_cv,2,test,123,34,0,0,0.0
stratified_cv_DT_fold2,full,DT,V_raw,A0,T_main,0.000269,0,stratified_cv,2,test,138,36,0,0,0.0
stratified_cv_DT_fold2,full,DT,V_raw,A0,T_main,0.000269,0,stratified_cv,2,test,147,38,1,1,1.0
stratified_cv_DT_fold2,full,DT,V_raw,A0,T_main,0.000269,0,stratified_cv,2,test,150,38,1,1,1.0
stratified_cv_DT_fold2,full,DT,V_raw,A0,T_main,0.000269,0,stratified_cv,2,test,151,38,1,1,1.0
stratified_cv_DT_fold2,full,DT,V_raw,A0,T_main,0.000269,0,stratified_cv,2,test,158,40,1,1,1.0
stratified_cv_DT_fold2,full,DT,V_raw,A0,T_main,0.000269,0,stratified_cv,2,test,160,40,1,1,1.0
stratified_cv_DT_fold2,full,DT,V_raw,A0,T_main,0.000269,0,stratified_cv,2,test,167,41,1,1,1.0
stratified_cv_DT_fold2,full,DT,V_raw,A0,T_main,0.000269,0,stratified_cv,2,test,179,45,1,1,1.0
stratified_cv_DT_fold2,full,DT,V_raw,A0,T_main,0.000269,0,stratified_cv,2,test,183,47,0,0,0.0
stratified_cv_DT_fold2,full,DT,V_raw,A0,T_main,0.000269,0,stratified_cv,2,test,184,47,1,0,0.0
stratified_cv_DT_fold2,full,DT,V_raw,A0,T_main,0.000269,0,stratified_cv,2,test,196,49,1,1,1.0
stratified_cv_DT_fold2,full,DT,V_raw,A0,T_main,0.000269,0,stratified_cv,2,test,198,49,0,0,0.0
stratified_cv_DT_fold2,full,DT,V_raw,A0,T_main,0.000269,0,stratified_cv,2,test,199,50,1,1,1.0
stratified_cv_DT_fold2,full,DT,V_raw,A0,T_main,0.000269,0,stratified_cv,2,test,200,50,0,0,0.0
stratified_cv_DT_fold2,full,DT,V_raw,A0,T_main,0.000269,0,stratified_cv,2,test,205,51,1,0,0.0
stratified_cv_DT_fold2,full,DT,V_raw,A0,T_main,0.000269,0,stratified_cv,2,test,220,54,0,0,0.0
stratified_cv_DT_fold2,full,DT,V_raw,A0,T_main,0.000269,0,stratified_cv,2,test,221,54,0,0,0.0
stratified_cv_DT_fold2,full,DT,V_raw,A0,T_main,0.000269,0,stratified_cv,2,test,222,54,0,0,0.5
stratified_cv_DT_fold2,full,DT,V_raw,A0,T_main,0.000269,0,stratified_cv,2,test,228,55,1,1,1.0
stratified_cv_RF_fold2,full,RF,V_raw,A0,T_main,0.000269,0,stratified_cv,2,test,18,6,1,1,0.8915964830376595
stratified_cv_RF_fold2,full,RF,V_raw,A0,T_main,0.000269,0,stratified_cv,2,test,25,11,1,1,0.8221307305983778
stratified_cv_RF_fold2,full,RF,V_raw,A0,T_main,0.000269,0,stratified_cv,2,test,27,11,1,1,0.8976506736183207
stratified_cv_RF_fold2,full,RF,V_raw,A0,T_main,0.000269,0,stratified_cv,2,test,30,12,0,0,0.1555555555555555
stratified_cv_RF_fold2,full,RF,V_raw,A0,T_main,0.000269,0,stratified_cv,2,test,31,13,0,1,0.8418599918599919
stratified_cv_RF_fold2,full,RF,V_raw,A0,T_main,0.000269,0,stratified_cv,2,test,34,15,0,0,0.0008333333333333
stratified_cv_RF_fold2,full,RF,V_raw,A0,T_main,0.000269,0,stratified_cv,2,test,43,19,0,0,0.3880181823966653
stratified_cv_RF_fold2,full,RF,V_raw,A0,T_main,0.000269,0,stratified_cv,2,test,53,21,1,1,0.929197047104942
stratified_cv_RF_fold2,full,RF,V_raw,A0,T_main,0.000269,0,stratified_cv,2,test,59,22,0,1,0.5261228951350655
stratified_cv_RF_fold2,full,RF,V_raw,A0,T_main,0.000269,0,stratified_cv,2,test,63,24,1,0,0.06
stratified_cv_RF_fold2,full,RF,V_raw,A0,T_main,0.000269,0,stratified_cv,2,test,70,25,0,0,0.0233333333333333
stratified_cv_RF_fold2,full,RF,V_raw,A0,T_main,0.000269,0,stratified_cv,2,test,74,27,0,0,0.2727201297613063
stratified_cv_RF_fold2,full,RF,V_raw,A0,T_main,0.000269,0,stratified_cv,2,test,75,27,0,0,0.2504022420934185
stratified_cv_RF_fold2,full,RF,V_raw,A0,T_main,0.000269,0,stratified_cv,2,test,76,27,0,0,0.0525082417582417
stratified_cv_RF_fold2,full,RF,V_raw,A0,T_main,0.000269,0,stratified_cv,2,test,78,28,1,1,0.8762572141129686
stratified_cv_RF_fold2,full,RF,V_raw,A0,T_main,0.000269,0,stratified_cv,2,test,86,30,1,1,0.5180603892946266
stratified_cv_RF_fold2,full,RF,V_raw,A0,T_main,0.000269,0,stratified_cv,2,test,92,31,1,0,0.4826566433708377
stratified_cv_RF_fold2,full,RF,V_raw,A0,T_main,0.000269,0,stratified_cv,2,test,104,32,0,0,0.0066666666666666
stratified_cv_RF_fold2,full,RF,V_raw,A0,T_main,0.000269,0,stratified_cv,2,test,106,32,0,0,0.0243678196005782
stratified_cv_RF_fold2,full,RF,V_raw,A0,T_main,0.000269,0,stratified_cv,2,test,110,32,0,0,0.079933372703833
stratified_cv_RF_fold2,full,RF,V_raw,A0,T_main,0.000269,0,stratified_cv,2,test,111,32,0,0,0.1038419821246128
stratified_cv_RF_fold2,full,RF,V_raw,A0,T_main,0.000269,0,stratified_cv,2,test,113,32,0,1,0.5190817444698739
stratified_cv_RF_fold2,full,RF,V_raw,A0,T_main,0.000269,0,stratified_cv,2,test,116,32,1,0,0.1424134106960414
stratified_cv_RF_fold2,full,RF,V_raw,A0,T_main,0.000269,0,stratified_cv,2,test,117,32,1,0,0.1342329414068765
stratified_cv_RF_fold2,full,RF,V_raw,A0,T_main,0.000269,0,stratified_cv,2,test,123,34,0,0,0.01
stratified_cv_RF_fold2,full,RF,V_raw,A0,T_main,0.000269,0,stratified_cv,2,test,138,36,0,0,0.3007217064544651
stratified_cv_RF_fold2,full,RF,V_raw,A0,T_main,0.000269,0,stratified_cv,2,test,147,38,1,1,0.9575654316443788
stratified_cv_RF_fold2,full,RF,V_raw,A0,T_main,0.000269,0,stratified_cv,2,test,150,38,1,1,0.9508987649777124
stratified_cv_RF_fold2,full,RF,V_raw,A0,T_main,0.000269,0,stratified_cv,2,test,151,38,1,1,0.9077320983110456
stratified_cv_RF_fold2,full,RF,V_raw,A0,T_main,0.000269,0,stratified_cv,2,test,158,40,1,1,0.8980332654037259
stratified_cv_RF_fold2,full,RF,V_raw,A0,T_main,0.000269,0,stratified_cv,2,test,160,40,1,1,0.9991251172338128
stratified_cv_RF_fold2,full,RF,V_raw,A0,T_main,0.000269,0,stratified_cv,2,test,167,41,1,1,0.7203793608352431
stratified_cv_RF_fold2,full,RF,V_raw,A0,T_main,0.000269,0,stratified_cv,2,test,179,45,1,1,0.8289358748549925
stratified_cv_RF_fold2,full,RF,V_raw,A0,T_main,0.000269,0,stratified_cv,2,test,183,47,0,0,0.0475
stratified_cv_RF_fold2,full,RF,V_raw,A0,T_main,0.000269,0,stratified_cv,2,test,184,47,1,0,0.1727777777777777
stratified_cv_RF_fold2,full,RF,V_raw,A0,T_main,0.000269,0,stratified_cv,2,test,196,49,1,1,0.7740037355346178
stratified_cv_RF_fold2,full,RF,V_raw,A0,T_main,0.000269,0,stratified_cv,2,test,198,49,0,0,0.3331699735449735
stratified_cv_RF_fold2,full,RF,V_raw,A0,T_main,0.000269,0,stratified_cv,2,test,199,50,1,0,0.2801359307359307
stratified_cv_RF_fold2,full,RF,V_raw,A0,T_main,0.000269,0,stratified_cv,2,test,200,50,0,0,0.2100301106301106
stratified_cv_RF_fold2,full,RF,V_raw,A0,T_main,0.000269,0,stratified_cv,2,test,205,51,1,0,0.0726666666666666
stratified_cv_RF_fold2,full,RF,V_raw,A0,T_main,0.000269,0,stratified_cv,2,test,220,54,0,0,0.0394235361204891
stratified_cv_RF_fold2,full,RF,V_raw,A0,T_main,0.000269,0,stratified_cv,2,test,221,54,0,0,0.0385949920591864
stratified_cv_RF_fold2,full,RF,V_raw,A0,T_main,0.000269,0,stratified_cv,2,test,222,54,0,1,0.5173238698855759
stratified_cv_RF_fold2,full,RF,V_raw,A0,T_main,0.000269,0,stratified_cv,2,test,228,55,1,1,0.7639565546997437
stratified_cv_LGBM_fold2,full,LGBM,V_raw,A0,T_main,0.000269,0,stratified_cv,2,test,18,6,1,1,0.9994742963641048
stratified_cv_LGBM_fold2,full,LGBM,V_raw,A0,T_main,0.000269,0,stratified_cv,2,test,25,11,1,1,0.9922077035253696
stratified_cv_LGBM_fold2,full,LGBM,V_raw,A0,T_main,0.000269,0,stratified_cv,2,test,27,11,1,1,0.9784517299988824
stratified_cv_LGBM_fold2,full,LGBM,V_raw,A0,T_main,0.000269,0,stratified_cv,2,test,30,12,0,0,0.2206429609823222
stratified_cv_LGBM_fold2,full,LGBM,V_raw,A0,T_main,0.000269,0,stratified_cv,2,test,31,13,0,1,0.9995880152729608
stratified_cv_LGBM_fold2,full,LGBM,V_raw,A0,T_main,0.000269,0,stratified_cv,2,test,34,15,0,0,1.909592945417734e-05
stratified_cv_LGBM_fold2,full,LGBM,V_raw,A0,T_main,0.000269,0,stratified_cv,2,test,43,19,0,0,0.0354796979421585
stratified_cv_LGBM_fold2,full,LGBM,V_raw,A0,T_main,0.000269,0,stratified_cv,2,test,53,21,1,1,0.999577228539999
stratified_cv_LGBM_fold2,full,LGBM,V_raw,A0,T_main,0.000269,0,stratified_cv,2,test,59,22,0,1,0.76140088775302
stratified_cv_LGBM_fold2,full,LGBM,V_raw,A0,T_main,0.000269,0,stratified_cv,2,test,63,24,1,0,0.0183357816788122
stratified_cv_LGBM_fold2,full,LGBM,V_raw,A0,T_main,0.000269,0,stratified_cv,2,test,70,25,0,0,0.0021209995409589
stratified_cv_LGBM_fold2,full,LGBM,V_raw,A0,T_main,0.000269,0,stratified_cv,2,test,74,27,0,0,0.0043601843392756
stratified_cv_LGBM_fold2,full,LGBM,V_raw,A0,T_main,0.000269,0,stratified_cv,2,test,75,27,0,0,0.0155794062102283
stratified_cv_LGBM_fold2,full,LGBM,V_raw,A0,T_main,0.000269,0,stratified_cv,2,test,76,27,0,0,0.0004399513347312
stratified_cv_LGBM_fold2,full,LGBM,V_raw,A0,T_main,0.000269,0,stratified_cv,2,test,78,28,1,1,0.998917201337338
stratified_cv_LGBM_fold2,full,LGBM,V_raw,A0,T_main,0.000269,0,stratified_cv,2,test,86,30,1,1,0.9678529124693562
stratified_cv_LGBM_fold2,full,LGBM,V_raw,A0,T_main,0.000269,0,stratified_cv,2,test,92,31,1,0,0.261608128732228
stratified_cv_LGBM_fold2,full,LGBM,V_raw,A0,T_main,0.000269,0,stratified_cv,2,test,104,32,0,0,0.0007439908308994
stratified_cv_LGBM_fold2,full,LGBM,V_raw,A0,T_main,0.000269,0,stratified_cv,2,test,106,32,0,0,0.0010742682481691
stratified_cv_LGBM_fold2,full,LGBM,V_raw,A0,T_main,0.000269,0,stratified_cv,2,test,110,32,0,0,0.0030257293655229
stratified_cv_LGBM_fold2,full,LGBM,V_raw,A0,T_main,0.000269,0,stratified_cv,2,test,111,32,0,0,0.020752600706262
stratified_cv_LGBM_fold2,full,LGBM,V_raw,A0,T_main,0.000269,0,stratified_cv,2,test,113,32,0,1,0.8414478136500857
stratified_cv_LGBM_fold2,full,LGBM,V_raw,A0,T_main,0.000269,0,stratified_cv,2,test,116,32,1,0,0.0371523659830487
stratified_cv_LGBM_fold2,full,LGBM,V_raw,A0,T_main,0.000269,0,stratified_cv,2,test,117,32,1,0,0.0201712141181457
stratified_cv_LGBM_fold2,full,LGBM,V_raw,A0,T_main,0.000269,0,stratified_cv,2,test,123,34,0,0,8.881181166943665e-05
stratified_cv_LGBM_fold2,full,LGBM,V_raw,A0,T_main,0.000269,0,stratified_cv,2,test,138,36,0,0,0.0630805340268563
stratified_cv_LGBM_fold2,full,LGBM,V_raw,A0,T_main,0.000269,0,stratified_cv,2,test,147,38,1,1,0.9947495973229492
stratified_cv_LGBM_fold2,full,LGBM,V_raw,A0,T_main,0.000269,0,stratified_cv,2,test,150,38,1,1,0.9947495973229492
stratified_cv_LGBM_fold2,full,LGBM,V_raw,A0,T_main,0.000269,0,stratified_cv,2,test,151,38,1,1,0.9936120798325798
stratified_cv_LGBM_fold2,full,LGBM,V_raw,A0,T_main,0.000269,0,stratified_cv,2,test,158,40,1,1,0.9639333367030772
stratified_cv_LGBM_fold2,full,LGBM,V_raw,A0,T_main,0.000269,0,stratified_cv,2,test,160,40,1,1,0.9998642004901004
stratified_cv_LGBM_fold2,full,LGBM,V_raw,A0,T_main,0.000269,0,stratified_cv,2,test,167,41,1,1,0.6659028504089177
stratified_cv_LGBM_fold2,full,LGBM,V_raw,A0,T_main,0.000269,0,stratified_cv,2,test,179,45,1,1,0.9300688855319112
stratified_cv_LGBM_fold2,full,LGBM,V_raw,A0,T_main,0.000269,0,stratified_cv,2,test,183,47,0,0,0.0028176478001143
stratified_cv_LGBM_fold2,full,LGBM,V_raw,A0,T_main,0.000269,0,stratified_cv,2,test,184,47,1,0,0.074039225038031
stratified_cv_LGBM_fold2,full,LGBM,V_raw,A0,T_main,0.000269,0,stratified_cv,2,test,196,49,1,1,0.97841338460694
stratified_cv_LGBM_fold2,full,LGBM,V_raw,A0,T_main,0.000269,0,stratified_cv,2,test,198,49,0,0,0.0145229454945865
stratified_cv_LGBM_fold2,full,LGBM,V_raw,A0,T_main,0.000269,0,stratified_cv,2,test,199,50,1,0,0.4451379399663069
stratified_cv_LGBM_fold2,full,LGBM,V_raw,A0,T_main,0.000269,0,stratified_cv,2,test,200,50,0,0,0.0052102806860086
stratified_cv_LGBM_fold2,full,LGBM,V_raw,A0,T_main,0.000269,0,stratified_cv,2,test,205,51,1,1,0.5251837348602353
stratified_cv_LGBM_fold2,full,LGBM,V_raw,A0,T_main,0.000269,0,stratified_cv,2,test,220,54,0,0,0.0036258363653859
stratified_cv_LGBM_fold2,full,LGBM,V_raw,A0,T_main,0.000269,0,stratified_cv,2,test,221,54,0,0,0.0072783304987206
stratified_cv_LGBM_fold2,full,LGBM,V_raw,A0,T_main,0.000269,0,stratified_cv,2,test,222,54,0,0,0.4995530521604906
stratified_cv_LGBM_fold2,full,LGBM,V_raw,A0,T_main,0.000269,0,stratified_cv,2,test,228,55,1,1,0.8159853473138386
stratified_cv_CB_fold2,full,CB,V_raw,A0,T_main,0.000269,0,stratified_cv,2,test,18,6,1,1,0.9922793857536376
stratified_cv_CB_fold2,full,CB,V_raw,A0,T_main,0.000269,0,stratified_cv,2,test,25,11,1,1,0.9867189547425528
stratified_cv_CB_fold2,full,CB,V_raw,A0,T_main,0.000269,0,stratified_cv,2,test,27,11,1,1,0.9657247250134684
stratified_cv_CB_fold2,full,CB,V_raw,A0,T_main,0.000269,0,stratified_cv,2,test,30,12,0,0,0.0265038915279845
stratified_cv_CB_fold2,full,CB,V_raw,A0,T_main,0.000269,0,stratified_cv,2,test,31,13,0,1,0.9789911868814888
stratified_cv_CB_fold2,full,CB,V_raw,A0,T_main,0.000269,0,stratified_cv,2,test,34,15,0,0,0.0001884376531704
stratified_cv_CB_fold2,full,CB,V_raw,A0,T_main,0.000269,0,stratified_cv,2,test,43,19,0,0,0.1036654570601035
stratified_cv_CB_fold2,full,CB,V_raw,A0,T_main,0.000269,0,stratified_cv,2,test,53,21,1,1,0.9960315098600452
stratified_cv_CB_fold2,full,CB,V_raw,A0,T_main,0.000269,0,stratified_cv,2,test,59,22,0,1,0.7366099683776258
stratified_cv_CB_fold2,full,CB,V_raw,A0,T_main,0.000269,0,stratified_cv,2,test,63,24,1,0,0.0021573984210642
stratified_cv_CB_fold2,full,CB,V_raw,A0,T_main,0.000269,0,stratified_cv,2,test,70,25,0,0,0.0085005469180706
stratified_cv_CB_fold2,full,CB,V_raw,A0,T_main,0.000269,0,stratified_cv,2,test,74,27,0,0,0.0149511616748243
stratified_cv_CB_fold2,full,CB,V_raw,A0,T_main,0.000269,0,stratified_cv,2,test,75,27,0,0,0.0149335216795818
stratified_cv_CB_fold2,full,CB,V_raw,A0,T_main,0.000269,0,stratified_cv,2,test,76,27,0,0,0.0015179911455837
stratified_cv_CB_fold2,full,CB,V_raw,A0,T_main,0.000269,0,stratified_cv,2,test,78,28,1,1,0.9925908328521292
stratified_cv_CB_fold2,full,CB,V_raw,A0,T_main,0.000269,0,stratified_cv,2,test,86,30,1,0,0.3929083020119382
stratified_cv_CB_fold2,full,CB,V_raw,A0,T_main,0.000269,0,stratified_cv,2,test,92,31,1,0,0.1823929764531171
stratified_cv_CB_fold2,full,CB,V_raw,A0,T_main,0.000269,0,stratified_cv,2,test,104,32,0,0,0.0002952766112489
stratified_cv_CB_fold2,full,CB,V_raw,A0,T_main,0.000269,0,stratified_cv,2,test,106,32,0,0,0.00171018951467
stratified_cv_CB_fold2,full,CB,V_raw,A0,T_main,0.000269,0,stratified_cv,2,test,110,32,0,0,0.0143190359002659
stratified_cv_CB_fold2,full,CB,V_raw,A0,T_main,0.000269,0,stratified_cv,2,test,111,32,0,0,0.0230315034337409
stratified_cv_CB_fold2,full,CB,V_raw,A0,T_main,0.000269,0,stratified_cv,2,test,113,32,0,1,0.877491748282237
stratified_cv_CB_fold2,full,CB,V_raw,A0,T_main,0.000269,0,stratified_cv,2,test,116,32,1,0,0.0268675180008181
stratified_cv_CB_fold2,full,CB,V_raw,A0,T_main,0.000269,0,stratified_cv,2,test,117,32,1,0,0.0220457245094584
stratified_cv_CB_fold2,full,CB,V_raw,A0,T_main,0.000269,0,stratified_cv,2,test,123,34,0,0,0.0015638508215232
stratified_cv_CB_fold2,full,CB,V_raw,A0,T_main,0.000269,0,stratified_cv,2,test,138,36,0,0,0.0356664669720016
stratified_cv_CB_fold2,full,CB,V_raw,A0,T_main,0.000269,0,stratified_cv,2,test,147,38,1,1,0.9921812914377094
stratified_cv_CB_fold2,full,CB,V_raw,A0,T_main,0.000269,0,stratified_cv,2,test,150,38,1,1,0.9921812914377094
stratified_cv_CB_fold2,full,CB,V_raw,A0,T_main,0.000269,0,stratified_cv,2,test,151,38,1,1,0.9894063422622488
stratified_cv_CB_fold2,full,CB,V_raw,A0,T_main,0.000269,0,stratified_cv,2,test,158,40,1,1,0.8864079793625991
stratified_cv_CB_fold2,full,CB,V_raw,A0,T_main,0.000269,0,stratified_cv,2,test,160,40,1,1,0.9962528892448111
stratified_cv_CB_fold2,full,CB,V_raw,A0,T_main,0.000269,0,stratified_cv,2,test,167,41,1,1,0.7131073221312288
stratified_cv_CB_fold2,full,CB,V_raw,A0,T_main,0.000269,0,stratified_cv,2,test,179,45,1,1,0.9880909126214223
stratified_cv_CB_fold2,full,CB,V_raw,A0,T_main,0.000269,0,stratified_cv,2,test,183,47,0,0,0.0166701807603805
stratified_cv_CB_fold2,full,CB,V_raw,A0,T_main,0.000269,0,stratified_cv,2,test,184,47,1,0,0.05901244197424
stratified_cv_CB_fold2,full,CB,V_raw,A0,T_main,0.000269,0,stratified_cv,2,test,196,49,1,1,0.9774940687244916
stratified_cv_CB_fold2,full,CB,V_raw,A0,T_main,0.000269,0,stratified_cv,2,test,198,49,0,0,0.0078528213392841
stratified_cv_CB_fold2,full,CB,V_raw,A0,T_main,0.000269,0,stratified_cv,2,test,199,50,1,0,0.1790312234569527
stratified_cv_CB_fold2,full,CB,V_raw,A0,T_main,0.000269,0,stratified_cv,2,test,200,50,0,0,0.0192519731877408
stratified_cv_CB_fold2,full,CB,V_raw,A0,T_main,0.000269,0,stratified_cv,2,test,205,51,1,0,0.0097821583956539
stratified_cv_CB_fold2,full,CB,V_raw,A0,T_main,0.000269,0,stratified_cv,2,test,220,54,0,0,0.0120550433021253
stratified_cv_CB_fold2,full,CB,V_raw,A0,T_main,0.000269,0,stratified_cv,2,test,221,54,0,0,0.0129898045205218
stratified_cv_CB_fold2,full,CB,V_raw,A0,T_main,0.000269,0,stratified_cv,2,test,222,54,0,1,0.5084332731081908
stratified_cv_CB_fold2,full,CB,V_raw,A0,T_main,0.000269,0,stratified_cv,2,test,228,55,1,1,0.5962766409082444
stratified_cv_DT_fold3,full,DT,V_raw,A0,T_main,0.000269,0,stratified_cv,3,test,2,1,0,0,0.0
stratified_cv_DT_fold3,full,DT,V_raw,A0,T_main,0.000269,0,stratified_cv,3,test,4,1,1,1,1.0
stratified_cv_DT_fold3,full,DT,V_raw,A0,T_main,0.000269,0,stratified_cv,3,test,10,3,0,1,1.0
stratified_cv_DT_fold3,full,DT,V_raw,A0,T_main,0.000269,0,stratified_cv,3,test,16,5,1,1,1.0
stratified_cv_DT_fold3,full,DT,V_raw,A0,T_main,0.000269,0,stratified_cv,3,test,17,6,1,1,1.0
stratified_cv_DT_fold3,full,DT,V_raw,A0,T_main,0.000269,0,stratified_cv,3,test,21,9,0,0,0.0
stratified_cv_DT_fold3,full,DT,V_raw,A0,T_main,0.000269,0,stratified_cv,3,test,22,10,1,1,1.0
stratified_cv_DT_fold3,full,DT,V_raw,A0,T_main,0.000269,0,stratified_cv,3,test,23,11,0,0,0.0
stratified_cv_DT_fold3,full,DT,V_raw,A0,T_main,0.000269,0,stratified_cv,3,test,32,14,1,0,0.0
stratified_cv_DT_fold3,full,DT,V_raw,A0,T_main,0.000269,0,stratified_cv,3,test,33,15,0,0,0.3333333333333333
stratified_cv_DT_fold3,full,DT,V_raw,A0,T_main,0.000269,0,stratified_cv,3,test,37,16,1,1,1.0
stratified_cv_DT_fold3,full,DT,V_raw,A0,T_main,0.000269,0,stratified_cv,3,test,40,18,0,0,0.3333333333333333
stratified_cv_DT_fold3,full,DT,V_raw,A0,T_main,0.000269,0,stratified_cv,3,test,42,19,0,0,0.0
stratified_cv_DT_fold3,full,DT,V_raw,A0,T_main,0.000269,0,stratified_cv,3,test,55,21,0,1,1.0
stratified_cv_DT_fold3,full,DT,V_raw,A0,T_main,0.000269,0,stratified_cv,3,test,58,22,1,0,0.0
stratified_cv_DT_fold3,full,DT,V_raw,A0,T_main,0.000269,0,stratified_cv,3,test,62,24,0,0,0.3333333333333333
stratified_cv_DT_fold3,full,DT,V_raw,A0,T_main,0.000269,0,stratified_cv,3,test,64,24,1,1,1.0
stratified_cv_DT_fold3,full,DT,V_raw,A0,T_main,0.000269,0,stratified_cv,3,test,65,25,1,0,0.0
stratified_cv_DT_fold3,full,DT,V_raw,A0,T_main,0.000269,0,stratified_cv,3,test,77,28,0,0,0.3333333333333333
stratified_cv_DT_fold3,full,DT,V_raw,A0,T_main,0.000269,0,stratified_cv,3,test,79,28,1,1,1.0
stratified_cv_DT_fold3,full,DT,V_raw,A0,T_main,0.000269,0,stratified_cv,3,test,85,30,0,1,1.0
stratified_cv_DT_fold3,full,DT,V_raw,A0,T_main,0.000269,0,stratified_cv,3,test,88,30,1,1,1.0
stratified_cv_DT_fold3,full,DT,V_raw,A0,T_main,0.000269,0,stratified_cv,3,test,97,31,1,1,1.0
stratified_cv_DT_fold3,full,DT,V_raw,A0,T_main,0.000269,0,stratified_cv,3,test,98,31,1,1,1.0
stratified_cv_DT_fold3,full,DT,V_raw,A0,T_main,0.000269,0,stratified_cv,3,test,124,34,0,1,1.0
stratified_cv_DT_fold3,full,DT,V_raw,A0,T_main,0.000269,0,stratified_cv,3,test,126,34,1,1,1.0
stratified_cv_DT_fold3,full,DT,V_raw,A0,T_main,0.000269,0,stratified_cv,3,test,132,35,0,0,0.0
stratified_cv_DT_fold3,full,DT,V_raw,A0,T_main,0.000269,0,stratified_cv,3,test,141,36,0,0,0.0
stratified_cv_DT_fold3,full,DT,V_raw,A0,T_main,0.000269,0,stratified_cv,3,test,142,37,1,1,1.0
stratified_cv_DT_fold3,full,DT,V_raw,A0,T_main,0.000269,0,stratified_cv,3,test,146,38,1,1,1.0
stratified_cv_DT_fold3,full,DT,V_raw,A0,T_main,0.000269,0,stratified_cv,3,test,152,39,0,0,0.0
stratified_cv_DT_fold3,full,DT,V_raw,A0,T_main,0.000269,0,stratified_cv,3,test,169,41,0,0,0.0
stratified_cv_DT_fold3,full,DT,V_raw,A0,T_main,0.000269,0,stratified_cv,3,test,171,43,0,0,0.0
stratified_cv_DT_fold3,full,DT,V_raw,A0,T_main,0.000269,0,stratified_cv,3,test,174,43,0,0,0.0
stratified_cv_DT_fold3,full,DT,V_raw,A0,T_main,0.000269,0,stratified_cv,3,test,180,45,1,1,0.6666666666666666
stratified_cv_DT_fold3,full,DT,V_raw,A0,T_main,0.000269,0,stratified_cv,3,test,185,47,1,1,0.6666666666666666
stratified_cv_DT_fold3,full,DT,V_raw,A0,T_main,0.000269,0,stratified_cv,3,test,186,47,1,0,0.5
stratified_cv_DT_fold3,full,DT,V_raw,A0,T_main,0.000269,0,stratified_cv,3,test,206,53,0,0,0.0
stratified_cv_DT_fold3,full,DT,V_raw,A0,T_main,0.000269,0,stratified_cv,3,test,207,54,0,0,0.0
stratified_cv_DT_fold3,full,DT,V_raw,A0,T_main,0.000269,0,stratified_cv,3,test,210,54,0,1,0.8571428571428571
stratified_cv_DT_fold3,full,DT,V_raw,A0,T_main,0.000269,0,stratified_cv,3,test,217,54,1,1,0.8571428571428571
stratified_cv_DT_fold3,full,DT,V_raw,A0,T_main,0.000269,0,stratified_cv,3,test,219,54,0,0,0.0
stratified_cv_DT_fold3,full,DT,V_raw,A0,T_main,0.000269,0,stratified_cv,3,test,223,54,1,1,0.8571428571428571
stratified_cv_RF_fold3,full,RF,V_raw,A0,T_main,0.000269,0,stratified_cv,3,test,2,1,0,0,0.1196971540709004
stratified_cv_RF_fold3,full,RF,V_raw,A0,T_main,0.000269,0,stratified_cv,3,test,4,1,1,1,0.8438350913891247
stratified_cv_RF_fold3,full,RF,V_raw,A0,T_main,0.000269,0,stratified_cv,3,test,10,3,0,0,0.4695188621062977
stratified_cv_RF_fold3,full,RF,V_raw,A0,T_main,0.000269,0,stratified_cv,3,test,16,5,1,1,0.7570021238521104
stratified_cv_RF_fold3,full,RF,V_raw,A0,T_main,0.000269,0,stratified_cv,3,test,17,6,1,1,0.7617681936800289
stratified_cv_RF_fold3,full,RF,V_raw,A0,T_main,0.000269,0,stratified_cv,3,test,21,9,0,0,0.2755187456220849
stratified_cv_RF_fold3,full,RF,V_raw,A0,T_main,0.000269,0,stratified_cv,3,test,22,10,1,1,0.6430822419069863
stratified_cv_RF_fold3,full,RF,V_raw,A0,T_main,0.000269,0,stratified_cv,3,test,23,11,0,0,0.3273594241922031
stratified_cv_RF_fold3,full,RF,V_raw,A0,T_main,0.000269,0,stratified_cv,3,test,32,14,1,0,0.4115859136412254
stratified_cv_RF_fold3,full,RF,V_raw,A0,T_main,0.000269,0,stratified_cv,3,test,33,15,0,0,0.2000632941700183
stratified_cv_RF_fold3,full,RF,V_raw,A0,T_main,0.000269,0,stratified_cv,3,test,37,16,1,1,0.6717597439842725
stratified_cv_RF_fold3,full,RF,V_raw,A0,T_main,0.000269,0,stratified_cv,3,test,40,18,0,1,0.681547535915724
stratified_cv_RF_fold3,full,RF,V_raw,A0,T_main,0.000269,0,stratified_cv,3,test,42,19,0,0,0.2371658322515374
stratified_cv_RF_fold3,full,RF,V_raw,A0,T_main,0.000269,0,stratified_cv,3,test,55,21,0,1,0.7359568722754053
stratified_cv_RF_fold3,full,RF,V_raw,A0,T_main,0.000269,0,stratified_cv,3,test,58,22,1,0,0.2988186320867969
stratified_cv_RF_fold3,full,RF,V_raw,A0,T_main,0.000269,0,stratified_cv,3,test,62,24,0,1,0.5659721645783548
stratified_cv_RF_fold3,full,RF,V_raw,A0,T_main,0.000269,0,stratified_cv,3,test,64,24,1,1,0.6647217815370194
stratified_cv_RF_fold3,full,RF,V_raw,A0,T_main,0.000269,0,stratified_cv,3,test,65,25,1,0,0.1026909684045482
stratified_cv_RF_fold3,full,RF,V_raw,A0,T_main,0.000269,0,stratified_cv,3,test,77,28,0,1,0.6506429175647387
stratified_cv_RF_fold3,full,RF,V_raw,A0,T_main,0.000269,0,stratified_cv,3,test,79,28,1,1,0.8430847198483449
stratified_cv_RF_fold3,full,RF,V_raw,A0,T_main,0.000269,0,stratified_cv,3,test,85,30,0,1,0.6149245516789774
stratified_cv_RF_fold3,full,RF,V_raw,A0,T_main,0.000269,0,stratified_cv,3,test,88,30,1,1,0.5940983908864178
stratified_cv_RF_fold3,full,RF,V_raw,A0,T_main,0.000269,0,stratified_cv,3,test,97,31,1,1,0.8292879226120135
stratified_cv_RF_fold3,full,RF,V_raw,A0,T_main,0.000269,0,stratified_cv,3,test,98,31,1,1,0.8417875403967034
stratified_cv_RF_fold3,full,RF,V_raw,A0,T_main,0.000269,0,stratified_cv,3,test,124,34,0,1,0.6602644295489037
stratified_cv_RF_fold3,full,RF,V_raw,A0,T_main,0.000269,0,stratified_cv,3,test,126,34,1,1,0.8546837479093475
stratified_cv_RF_fold3,full,RF,V_raw,A0,T_main,0.000269,0,stratified_cv,3,test,132,35,0,0,0.2782060918125902
stratified_cv_RF_fold3,full,RF,V_raw,A0,T_main,0.000269,0,stratified_cv,3,test,141,36,0,0,0.1425400391793269
stratified_cv_RF_fold3,full,RF,V_raw,A0,T_main,0.000269,0,stratified_cv,3,test,142,37,1,1,0.6867919772665514
stratified_cv_RF_fold3,full,RF,V_raw,A0,T_main,0.000269,0,stratified_cv,3,test,146,38,1,1,0.8780607046573323
stratified_cv_RF_fold3,full,RF,V_raw,A0,T_main,0.000269,0,stratified_cv,3,test,152,39,0,0,0.1382960924333166
stratified_cv_RF_fold3,full,RF,V_raw,A0,T_main,0.000269,0,stratified_cv,3,test,169,41,0,0,0.2119010424374867
stratified_cv_RF_fold3,full,RF,V_raw,A0,T_main,0.000269,0,stratified_cv,3,test,171,43,0,0,0.0531689032215348
stratified_cv_RF_fold3,full,RF,V_raw,A0,T_main,0.000269,0,stratified_cv,3,test,174,43,0,0,0.2823913425898876
stratified_cv_RF_fold3,full,RF,V_raw,A0,T_main,0.000269,0,stratified_cv,3,test,180,45,1,1,0.6011316594686026
stratified_cv_RF_fold3,full,RF,V_raw,A0,T_main,0.000269,0,stratified_cv,3,test,185,47,1,1,0.6047103404693902
stratified_cv_RF_fold3,full,RF,V_raw,A0,T_main,0.000269,0,stratified_cv,3,test,186,47,1,0,0.3757661321244122
stratified_cv_RF_fold3,full,RF,V_raw,A0,T_main,0.000269,0,stratified_cv,3,test,206,53,0,1,0.5455557366255012
stratified_cv_RF_fold3,full,RF,V_raw,A0,T_main,0.000269,0,stratified_cv,3,test,207,54,0,0,0.1701674421595023
stratified_cv_RF_fold3,full,RF,V_raw,A0,T_main,0.000269,0,stratified_cv,3,test,210,54,0,1,0.7444087884669685
stratified_cv_RF_fold3,full,RF,V_raw,A0,T_main,0.000269,0,stratified_cv,3,test,217,54,1,1,0.7894029455954656
stratified_cv_RF_fold3,full,RF,V_raw,A0,T_main,0.000269,0,stratified_cv,3,test,219,54,0,0,0.1701674421595023
stratified_cv_RF_fold3,full,RF,V_raw,A0,T_main,0.000269,0,stratified_cv,3,test,223,54,1,1,0.7894029455954656
stratified_cv_LGBM_fold3,full,LGBM,V_raw,A0,T_main,0.000269,0,stratified_cv,3,test,2,1,0,0,0.0749219075384925
stratified_cv_LGBM_fold3,full,LGBM,V_raw,A0,T_main,0.000269,0,stratified_cv,3,test,4,1,1,1,0.9982675469743052
stratified_cv_LGBM_fold3,full,LGBM,V_raw,A0,T_main,0.000269,0,stratified_cv,3,test,10,3,0,0,0.3533817935002921
stratified_cv_LGBM_fold3,full,LGBM,V_raw,A0,T_main,0.000269,0,stratified_cv,3,test,16,5,1,1,0.968508682879972
stratified_cv_LGBM_fold3,full,LGBM,V_raw,A0,T_main,0.000269,0,stratified_cv,3,test,17,6,1,1,0.9978106720450638
stratified_cv_LGBM_fold3,full,LGBM,V_raw,A0,T_main,0.000269,0,stratified_cv,3,test,21,9,0,0,0.0880240222474324
stratified_cv_LGBM_fold3,full,LGBM,V_raw,A0,T_main,0.000269,0,stratified_cv,3,test,22,10,1,1,0.9709537764748284
stratified_cv_LGBM_fold3,full,LGBM,V_raw,A0,T_main,0.000269,0,stratified_cv,3,test,23,11,0,0,0.0797849832114014
stratified_cv_LGBM_fold3,full,LGBM,V_raw,A0,T_main,0.000269,0,stratified_cv,3,test,32,14,1,0,0.0464879815819948
stratified_cv_LGBM_fold3,full,LGBM,V_raw,A0,T_main,0.000269,0,stratified_cv,3,test,33,15,0,0,0.0023248792328425
stratified_cv_LGBM_fold3,full,LGBM,V_raw,A0,T_main,0.000269,0,stratified_cv,3,test,37,16,1,1,0.9882778113273876
stratified_cv_LGBM_fold3,full,LGBM,V_raw,A0,T_main,0.000269,0,stratified_cv,3,test,40,18,0,1,0.5409651891980249
stratified_cv_LGBM_fold3,full,LGBM,V_raw,A0,T_main,0.000269,0,stratified_cv,3,test,42,19,0,0,0.0100338977828027
stratified_cv_LGBM_fold3,full,LGBM,V_raw,A0,T_main,0.000269,0,stratified_cv,3,test,55,21,0,1,0.6435180603847109
stratified_cv_LGBM_fold3,full,LGBM,V_raw,A0,T_main,0.000269,0,stratified_cv,3,test,58,22,1,0,0.0199206527902779
stratified_cv_LGBM_fold3,full,LGBM,V_raw,A0,T_main,0.000269,0,stratified_cv,3,test,62,24,0,0,0.4966278522516487
stratified_cv_LGBM_fold3,full,LGBM,V_raw,A0,T_main,0.000269,0,stratified_cv,3,test,64,24,1,1,0.7763899091153325
stratified_cv_LGBM_fold3,full,LGBM,V_raw,A0,T_main,0.000269,0,stratified_cv,3,test,65,25,1,0,0.0015694507360358
stratified_cv_LGBM_fold3,full,LGBM,V_raw,A0,T_main,0.000269,0,stratified_cv,3,test,77,28,0,1,0.9059350107680384
stratified_cv_LGBM_fold3,full,LGBM,V_raw,A0,T_main,0.000269,0,stratified_cv,3,test,79,28,1,1,0.9892008875100066
stratified_cv_LGBM_fold3,full,LGBM,V_raw,A0,T_main,0.000269,0,stratified_cv,3,test,85,30,0,1,0.6700554223225678
stratified_cv_LGBM_fold3,full,LGBM,V_raw,A0,T_main,0.000269,0,stratified_cv,3,test,88,30,1,1,0.8647470327835227
stratified_cv_LGBM_fold3,full,LGBM,V_raw,A0,T_main,0.000269,0,stratified_cv,3,test,97,31,1,1,0.978454919432818
stratified_cv_LGBM_fold3,full,LGBM,V_raw,A0,T_main,0.000269,0,stratified_cv,3,test,98,31,1,1,0.997781769855892
stratified_cv_LGBM_fold3,full,LGBM,V_raw,A0,T_main,0.000269,0,stratified_cv,3,test,124,34,0,1,0.6736565156184576
stratified_cv_LGBM_fold3,full,LGBM,V_raw,A0,T_main,0.000269,0,stratified_cv,3,test,126,34,1,1,0.991887826321482
stratified_cv_LGBM_fold3,full,LGBM,V_raw,A0,T_main,0.000269,0,stratified_cv,3,test,132,35,0,0,0.0931854629072179
stratified_cv_LGBM_fold3,full,LGBM,V_raw,A0,T_main,0.000269,0,stratified_cv,3,test,141,36,0,0,0.0131091638652045
stratified_cv_LGBM_fold3,full,LGBM,V_raw,A0,T_main,0.000269,0,stratified_cv,3,test,142,37,1,1,0.8562575150715064
stratified_cv_LGBM_fold3,full,LGBM,V_raw,A0,T_main,0.000269,0,stratified_cv,3,test,146,38,1,1,0.9957534263698602
stratified_cv_LGBM_fold3,full,LGBM,V_raw,A0,T_main,0.000269,0,stratified_cv,3,test,152,39,0,0,0.053952947724799
stratified_cv_LGBM_fold3,full,LGBM,V_raw,A0,T_main,0.000269,0,stratified_cv,3,test,169,41,0,0,0.0134582318452031
stratified_cv_LGBM_fold3,full,LGBM,V_raw,A0,T_main,0.000269,0,stratified_cv,3,test,171,43,0,0,0.0008205970997272
stratified_cv_LGBM_fold3,full,LGBM,V_raw,A0,T_main,0.000269,0,stratified_cv,3,test,174,43,0,0,0.0118737399870996
stratified_cv_LGBM_fold3,full,LGBM,V_raw,A0,T_main,0.000269,0,stratified_cv,3,test,180,45,1,0,0.2081588634669964
stratified_cv_LGBM_fold3,full,LGBM,V_raw,A0,T_main,0.000269,0,stratified_cv,3,test,185,47,1,1,0.9061955358508956
stratified_cv_LGBM_fold3,full,LGBM,V_raw,A0,T_main,0.000269,0,stratified_cv,3,test,186,47,1,0,0.2478819982723212
stratified_cv_LGBM_fold3,full,LGBM,V_raw,A0,T_main,0.000269,0,stratified_cv,3,test,206,53,0,0,0.1533495029584108
stratified_cv_LGBM_fold3,full,LGBM,V_raw,A0,T_main,0.000269,0,stratified_cv,3,test,207,54,0,0,0.0057886746163677
stratified_cv_LGBM_fold3,full,LGBM,V_raw,A0,T_main,0.000269,0,stratified_cv,3,test,210,54,0,1,0.5063794594028969
stratified_cv_LGBM_fold3,full,LGBM,V_raw,A0,T_main,0.000269,0,stratified_cv,3,test,217,54,1,1,0.9821154345925784
stratified_cv_LGBM_fold3,full,LGBM,V_raw,A0,T_main,0.000269,0,stratified_cv,3,test,219,54,0,0,0.0057886746163677
stratified_cv_LGBM_fold3,full,LGBM,V_raw,A0,T_main,0.000269,0,stratified_cv,3,test,223,54,1,1,0.9821154345925784
stratified_cv_CB_fold3,full,CB,V_raw,A0,T_main,0.000269,0,stratified_cv,3,test,2,1,0,0,0.2280454460637392
stratified_cv_CB_fold3,full,CB,V_raw,A0,T_main,0.000269,0,stratified_cv,3,test,4,1,1,1,0.9852845486384226
stratified_cv_CB_fold3,full,CB,V_raw,A0,T_main,0.000269,0,stratified_cv,3,test,10,3,0,1,0.5022069770314472
stratified_cv_CB_fold3,full,CB,V_raw,A0,T_main,0.000269,0,stratified_cv,3,test,16,5,1,1,0.8147226001353013
stratified_cv_CB_fold3,full,CB,V_raw,A0,T_main,0.000269,0,stratified_cv,3,test,17,6,1,1,0.9810299793612104
stratified_cv_CB_fold3,full,CB,V_raw,A0,T_main,0.000269,0,stratified_cv,3,test,21,9,0,0,0.1457571028331735
stratified_cv_CB_fold3,full,CB,V_raw,A0,T_main,0.000269,0,stratified_cv,3,test,22,10,1,1,0.9032923939313902
stratified_cv_CB_fold3,full,CB,V_raw,A0,T_main,0.000269,0,stratified_cv,3,test,23,11,0,0,0.1134186429620112
stratified_cv_CB_fold3,full,CB,V_raw,A0,T_main,0.000269,0,stratified_cv,3,test,32,14,1,1,0.6723525022405992
stratified_cv_CB_fold3,full,CB,V_raw,A0,T_main,0.000269,0,stratified_cv,3,test,33,15,0,0,0.0120379207472795
stratified_cv_CB_fold3,full,CB,V_raw,A0,T_main,0.000269,0,stratified_cv,3,test,37,16,1,1,0.9725996113787906
stratified_cv_CB_fold3,full,CB,V_raw,A0,T_main,0.000269,0,stratified_cv,3,test,40,18,0,1,0.5294883980393137
stratified_cv_CB_fold3,full,CB,V_raw,A0,T_main,0.000269,0,stratified_cv,3,test,42,19,0,0,0.0150708108381336
stratified_cv_CB_fold3,full,CB,V_raw,A0,T_main,0.000269,0,stratified_cv,3,test,55,21,0,1,0.7820707089074233
stratified_cv_CB_fold3,full,CB,V_raw,A0,T_main,0.000269,0,stratified_cv,3,test,58,22,1,0,0.0577564284834608
stratified_cv_CB_fold3,full,CB,V_raw,A0,T_main,0.000269,0,stratified_cv,3,test,62,24,0,1,0.5665305274255381
stratified_cv_CB_fold3,full,CB,V_raw,A0,T_main,0.000269,0,stratified_cv,3,test,64,24,1,1,0.7451760846557981
stratified_cv_CB_fold3,full,CB,V_raw,A0,T_main,0.000269,0,stratified_cv,3,test,65,25,1,0,0.0091621785085527
stratified_cv_CB_fold3,full,CB,V_raw,A0,T_main,0.000269,0,stratified_cv,3,test,77,28,0,1,0.9113292466477512
stratified_cv_CB_fold3,full,CB,V_raw,A0,T_main,0.000269,0,stratified_cv,3,test,79,28,1,1,0.9898064686978116
stratified_cv_CB_fold3,full,CB,V_raw,A0,T_main,0.000269,0,stratified_cv,3,test,85,30,0,0,0.4563249543614864
stratified_cv_CB_fold3,full,CB,V_raw,A0,T_main,0.000269,0,stratified_cv,3,test,88,30,1,1,0.9162319193603716
stratified_cv_CB_fold3,full,CB,V_raw,A0,T_main,0.000269,0,stratified_cv,3,test,97,31,1,1,0.9825798652321954
stratified_cv_CB_fold3,full,CB,V_raw,A0,T_main,0.000269,0,stratified_cv,3,test,98,31,1,1,0.9893548874406785
stratified_cv_CB_fold3,full,CB,V_raw,A0,T_main,0.000269,0,stratified_cv,3,test,124,34,0,1,0.7829918429769405
stratified_cv_CB_fold3,full,CB,V_raw,A0,T_main,0.000269,0,stratified_cv,3,test,126,34,1,1,0.9851534417591304
stratified_cv_CB_fold3,full,CB,V_raw,A0,T_main,0.000269,0,stratified_cv,3,test,132,35,0,0,0.0585081002202779
stratified_cv_CB_fold3,full,CB,V_raw,A0,T_main,0.000269,0,stratified_cv,3,test,141,36,0,0,0.0033784768211169
stratified_cv_CB_fold3,full,CB,V_raw,A0,T_main,0.000269,0,stratified_cv,3,test,142,37,1,1,0.6330533681833551
stratified_cv_CB_fold3,full,CB,V_raw,A0,T_main,0.000269,0,stratified_cv,3,test,146,38,1,1,0.974915041976976
stratified_cv_CB_fold3,full,CB,V_raw,A0,T_main,0.000269,0,stratified_cv,3,test,152,39,0,0,0.2549884314351245
stratified_cv_CB_fold3,full,CB,V_raw,A0,T_main,0.000269,0,stratified_cv,3,test,169,41,0,0,0.050733058584715
stratified_cv_CB_fold3,full,CB,V_raw,A0,T_main,0.000269,0,stratified_cv,3,test,171,43,0,0,0.0065356038195832
stratified_cv_CB_fold3,full,CB,V_raw,A0,T_main,0.000269,0,stratified_cv,3,test,174,43,0,0,0.0277332081204593
stratified_cv_CB_fold3,full,CB,V_raw,A0,T_main,0.000269,0,stratified_cv,3,test,180,45,1,0,0.3903197361852737
stratified_cv_CB_fold3,full,CB,V_raw,A0,T_main,0.000269,0,stratified_cv,3,test,185,47,1,1,0.665859058958988
stratified_cv_CB_fold3,full,CB,V_raw,A0,T_main,0.000269,0,stratified_cv,3,test,186,47,1,0,0.081592539660303
stratified_cv_CB_fold3,full,CB,V_raw,A0,T_main,0.000269,0,stratified_cv,3,test,206,53,0,0,0.0936444896077619
stratified_cv_CB_fold3,full,CB,V_raw,A0,T_main,0.000269,0,stratified_cv,3,test,207,54,0,0,0.0158008863886917
stratified_cv_CB_fold3,full,CB,V_raw,A0,T_main,0.000269,0,stratified_cv,3,test,210,54,0,1,0.5591891819596482
stratified_cv_CB_fold3,full,CB,V_raw,A0,T_main,0.000269,0,stratified_cv,3,test,217,54,1,1,0.9390046473354804
stratified_cv_CB_fold3,full,CB,V_raw,A0,T_main,0.000269,0,stratified_cv,3,test,219,54,0,0,0.0158008863886917
stratified_cv_CB_fold3,full,CB,V_raw,A0,T_main,0.000269,0,stratified_cv,3,test,223,54,1,1,0.9390046473354804
stratified_cv_DT_fold4,full,DT,V_raw,A0,T_main,0.000269,0,stratified_cv,4,test,13,4,0,0,0.0
stratified_cv_DT_fold4,full,DT,V_raw,A0,T_main,0.000269,0,stratified_cv,4,test,14,4,0,0,0.0
stratified_cv_DT_fold4,full,DT,V_raw,A0,T_main,0.000269,0,stratified_cv,4,test,20,8,1,1,1.0
stratified_cv_DT_fold4,full,DT,V_raw,A0,T_main,0.000269,0,stratified_cv,4,test,28,11,1,1,1.0
stratified_cv_DT_fold4,full,DT,V_raw,A0,T_main,0.000269,0,stratified_cv,4,test,29,11,1,1,1.0
stratified_cv_DT_fold4,full,DT,V_raw,A0,T_main,0.000269,0,stratified_cv,4,test,44,19,0,0,0.0
stratified_cv_DT_fold4,full,DT,V_raw,A0,T_main,0.000269,0,stratified_cv,4,test,48,20,0,0,0.0
stratified_cv_DT_fold4,full,DT,V_raw,A0,T_main,0.000269,0,stratified_cv,4,test,54,21,1,0,0.0
stratified_cv_DT_fold4,full,DT,V_raw,A0,T_main,0.000269,0,stratified_cv,4,test,57,22,1,1,1.0
stratified_cv_DT_fold4,full,DT,V_raw,A0,T_main,0.000269,0,stratified_cv,4,test,66,25,0,0,0.0
stratified_cv_DT_fold4,full,DT,V_raw,A0,T_main,0.000269,0,stratified_cv,4,test,67,25,0,1,1.0
stratified_cv_DT_fold4,full,DT,V_raw,A0,T_main,0.000269,0,stratified_cv,4,test,68,25,0,0,0.0
stratified_cv_DT_fold4,full,DT,V_raw,A0,T_main,0.000269,0,stratified_cv,4,test,69,25,0,0,0.0
stratified_cv_DT_fold4,full,DT,V_raw,A0,T_main,0.000269,0,stratified_cv,4,test,81,28,1,1,1.0
stratified_cv_DT_fold4,full,DT,V_raw,A0,T_main,0.000269,0,stratified_cv,4,test,94,31,1,1,1.0
stratified_cv_DT_fold4,full,DT,V_raw,A0,T_main,0.000269,0,stratified_cv,4,test,95,31,1,1,1.0
stratified_cv_DT_fold4,full,DT,V_raw,A0,T_main,0.000269,0,stratified_cv,4,test,105,32,0,0,0.0
stratified_cv_DT_fold4,full,DT,V_raw,A0,T_main,0.000269,0,stratified_cv,4,test,118,32,1,0,0.0
stratified_cv_DT_fold4,full,DT,V_raw,A0,T_main,0.000269,0,stratified_cv,4,test,121,33,1,1,1.0
stratified_cv_DT_fold4,full,DT,V_raw,A0,T_main,0.000269,0,stratified_cv,4,test,122,33,0,1,1.0
stratified_cv_DT_fold4,full,DT,V_raw,A0,T_main,0.000269,0,stratified_cv,4,test,128,34,0,0,0.0
stratified_cv_DT_fold4,full,DT,V_raw,A0,T_main,0.000269,0,stratified_cv,4,test,130,35,0,0,0.0
stratified_cv_DT_fold4,full,DT,V_raw,A0,T_main,0.000269,0,stratified_cv,4,test,135,36,1,1,1.0
stratified_cv_DT_fold4,full,DT,V_raw,A0,T_main,0.000269,0,stratified_cv,4,test,139,36,0,0,0.0
stratified_cv_DT_fold4,full,DT,V_raw,A0,T_main,0.000269,0,stratified_cv,4,test,140,36,0,0,0.0
stratified_cv_DT_fold4,full,DT,V_raw,A0,T_main,0.000269,0,stratified_cv,4,test,144,37,1,1,1.0
stratified_cv_DT_fold4,full,DT,V_raw,A0,T_main,0.000269,0,stratified_cv,4,test,145,37,1,1,1.0
stratified_cv_DT_fold4,full,DT,V_raw,A0,T_main,0.000269,0,stratified_cv,4,test,153,40,1,1,1.0
stratified_cv_DT_fold4,full,DT,V_raw,A0,T_main,0.000269,0,stratified_cv,4,test,154,40,1,1,1.0
stratified_cv_DT_fold4,full,DT,V_raw,A0,T_main,0.000269,0,stratified_cv,4,test,157,40,1,1,1.0
stratified_cv_DT_fold4,full,DT,V_raw,A0,T_main,0.000269,0,stratified_cv,4,test,161,40,1,1,1.0
stratified_cv_DT_fold4,full,DT,V_raw,A0,T_main,0.000269,0,stratified_cv,4,test,164,41,1,1,1.0
stratified_cv_DT_fold4,full,DT,V_raw,A0,T_main,0.000269,0,stratified_cv,4,test,165,41,1,1,1.0
stratified_cv_DT_fold4,full,DT,V_raw,A0,T_main,0.000269,0,stratified_cv,4,test,168,41,0,0,0.0
stratified_cv_DT_fold4,full,DT,V_raw,A0,T_main,0.000269,0,stratified_cv,4,test,175,44,1,1,1.0
stratified_cv_DT_fold4,full,DT,V_raw,A0,T_main,0.000269,0,stratified_cv,4,test,181,45,0,1,1.0
stratified_cv_DT_fold4,full,DT,V_raw,A0,T_main,0.000269,0,stratified_cv,4,test,187,47,0,1,1.0
stratified_cv_DT_fold4,full,DT,V_raw,A0,T_main,0.000269,0,stratified_cv,4,test,202,50,0,0,0.0
stratified_cv_DT_fold4,full,DT,V_raw,A0,T_main,0.000269,0,stratified_cv,4,test,204,51,0,1,1.0
stratified_cv_DT_fold4,full,DT,V_raw,A0,T_main,0.000269,0,stratified_cv,4,test,214,54,0,0,0.0
stratified_cv_DT_fold4,full,DT,V_raw,A0,T_main,0.000269,0,stratified_cv,4,test,215,54,0,0,0.0
stratified_cv_DT_fold4,full,DT,V_raw,A0,T_main,0.000269,0,stratified_cv,4,test,225,55,1,1,1.0
stratified_cv_DT_fold4,full,DT,V_raw,A0,T_main,0.000269,0,stratified_cv,4,test,227,55,1,1,1.0
stratified_cv_RF_fold4,full,RF,V_raw,A0,T_main,0.000269,0,stratified_cv,4,test,13,4,0,0,0.0333333333333333
stratified_cv_RF_fold4,full,RF,V_raw,A0,T_main,0.000269,0,stratified_cv,4,test,14,4,0,0,0.0666666666666666
stratified_cv_RF_fold4,full,RF,V_raw,A0,T_main,0.000269,0,stratified_cv,4,test,20,8,1,1,0.5666666666666667
stratified_cv_RF_fold4,full,RF,V_raw,A0,T_main,0.000269,0,stratified_cv,4,test,28,11,1,1,0.8833333333333333
stratified_cv_RF_fold4,full,RF,V_raw,A0,T_main,0.000269,0,stratified_cv,4,test,29,11,1,1,0.88
stratified_cv_RF_fold4,full,RF,V_raw,A0,T_main,0.000269,0,stratified_cv,4,test,44,19,0,0,0.0433333333333333
stratified_cv_RF_fold4,full,RF,V_raw,A0,T_main,0.000269,0,stratified_cv,4,test,48,20,0,0,0.334
stratified_cv_RF_fold4,full,RF,V_raw,A0,T_main,0.000269,0,stratified_cv,4,test,54,21,1,1,0.7033333333333334
stratified_cv_RF_fold4,full,RF,V_raw,A0,T_main,0.000269,0,stratified_cv,4,test,57,22,1,1,0.7422222222222223
stratified_cv_RF_fold4,full,RF,V_raw,A0,T_main,0.000269,0,stratified_cv,4,test,66,25,0,1,0.73
stratified_cv_RF_fold4,full,RF,V_raw,A0,T_main,0.000269,0,stratified_cv,4,test,67,25,0,1,0.6066666666666667
stratified_cv_RF_fold4,full,RF,V_raw,A0,T_main,0.000269,0,stratified_cv,4,test,68,25,0,1,0.6233333333333333
stratified_cv_RF_fold4,full,RF,V_raw,A0,T_main,0.000269,0,stratified_cv,4,test,69,25,0,0,0.0633333333333333
stratified_cv_RF_fold4,full,RF,V_raw,A0,T_main,0.000269,0,stratified_cv,4,test,81,28,1,1,0.9211111111111112
stratified_cv_RF_fold4,full,RF,V_raw,A0,T_main,0.000269,0,stratified_cv,4,test,94,31,1,1,0.9733333333333334
stratified_cv_RF_fold4,full,RF,V_raw,A0,T_main,0.000269,0,stratified_cv,4,test,95,31,1,1,0.9666666666666668
stratified_cv_RF_fold4,full,RF,V_raw,A0,T_main,0.000269,0,stratified_cv,4,test,105,32,0,0,0.0433333333333333
stratified_cv_RF_fold4,full,RF,V_raw,A0,T_main,0.000269,0,stratified_cv,4,test,118,32,1,0,0.1
stratified_cv_RF_fold4,full,RF,V_raw,A0,T_main,0.000269,0,stratified_cv,4,test,121,33,1,0,0.4966666666666666
stratified_cv_RF_fold4,full,RF,V_raw,A0,T_main,0.000269,0,stratified_cv,4,test,122,33,0,0,0.4786666666666667
stratified_cv_RF_fold4,full,RF,V_raw,A0,T_main,0.000269,0,stratified_cv,4,test,128,34,0,1,0.8266666666666667
stratified_cv_RF_fold4,full,RF,V_raw,A0,T_main,0.000269,0,stratified_cv,4,test,130,35,0,0,0.1438888888888889
stratified_cv_RF_fold4,full,RF,V_raw,A0,T_main,0.000269,0,stratified_cv,4,test,135,36,1,1,0.7659444444444444
stratified_cv_RF_fold4,full,RF,V_raw,A0,T_main,0.000269,0,stratified_cv,4,test,139,36,0,0,0.0766666666666666
stratified_cv_RF_fold4,full,RF,V_raw,A0,T_main,0.000269,0,stratified_cv,4,test,140,36,0,0,0.0433333333333333
stratified_cv_RF_fold4,full,RF,V_raw,A0,T_main,0.000269,0,stratified_cv,4,test,144,37,1,1,0.8
stratified_cv_RF_fold4,full,RF,V_raw,A0,T_main,0.000269,0,stratified_cv,4,test,145,37,1,1,0.7366666666666667
stratified_cv_RF_fold4,full,RF,V_raw,A0,T_main,0.000269,0,stratified_cv,4,test,153,40,1,1,0.7854166666666667
stratified_cv_RF_fold4,full,RF,V_raw,A0,T_main,0.000269,0,stratified_cv,4,test,154,40,1,1,0.93
stratified_cv_RF_fold4,full,RF,V_raw,A0,T_main,0.000269,0,stratified_cv,4,test,157,40,1,1,0.9866666666666668
stratified_cv_RF_fold4,full,RF,V_raw,A0,T_main,0.000269,0,stratified_cv,4,test,161,40,1,1,1.0
stratified_cv_RF_fold4,full,RF,V_raw,A0,T_main,0.000269,0,stratified_cv,4,test,164,41,1,1,0.6966666666666667
stratified_cv_RF_fold4,full,RF,V_raw,A0,T_main,0.000269,0,stratified_cv,4,test,165,41,1,1,0.8333333333333334
stratified_cv_RF_fold4,full,RF,V_raw,A0,T_main,0.000269,0,stratified_cv,4,test,168,41,0,1,0.7766666666666666
stratified_cv_RF_fold4,full,RF,V_raw,A0,T_main,0.000269,0,stratified_cv,4,test,175,44,1,1,0.7066666666666667
stratified_cv_RF_fold4,full,RF,V_raw,A0,T_main,0.000269,0,stratified_cv,4,test,181,45,0,1,0.9633333333333334
stratified_cv_RF_fold4,full,RF,V_raw,A0,T_main,0.000269,0,stratified_cv,4,test,187,47,0,1,0.6592777777777777
stratified_cv_RF_fold4,full,RF,V_raw,A0,T_main,0.000269,0,stratified_cv,4,test,202,50,0,0,0.1458333333333333
stratified_cv_RF_fold4,full,RF,V_raw,A0,T_main,0.000269,0,stratified_cv,4,test,204,51,0,1,0.7464999999999999
stratified_cv_RF_fold4,full,RF,V_raw,A0,T_main,0.000269,0,stratified_cv,4,test,214,54,0,0,0.0266666666666666
stratified_cv_RF_fold4,full,RF,V_raw,A0,T_main,0.000269,0,stratified_cv,4,test,215,54,0,0,0.0466666666666666
stratified_cv_RF_fold4,full,RF,V_raw,A0,T_main,0.000269,0,stratified_cv,4,test,225,55,1,1,0.9466666666666668
stratified_cv_RF_fold4,full,RF,V_raw,A0,T_main,0.000269,0,stratified_cv,4,test,227,55,1,1,0.89
stratified_cv_LGBM_fold4,full,LGBM,V_raw,A0,T_main,0.000269,0,stratified_cv,4,test,13,4,0,0,1.5515515978528736e-09
stratified_cv_LGBM_fold4,full,LGBM,V_raw,A0,T_main,0.000269,0,stratified_cv,4,test,14,4,0,0,2.195647293739092e-05
stratified_cv_LGBM_fold4,full,LGBM,V_raw,A0,T_main,0.000269,0,stratified_cv,4,test,20,8,1,1,0.9999664430979158
stratified_cv_LGBM_fold4,full,LGBM,V_raw,A0,T_main,0.000269,0,stratified_cv,4,test,28,11,1,1,0.9920488464282128
stratified_cv_LGBM_fold4,full,LGBM,V_raw,A0,T_main,0.000269,0,stratified_cv,4,test,29,11,1,1,0.9920488464282128
stratified_cv_LGBM_fold4,full,LGBM,V_raw,A0,T_main,0.000269,0,stratified_cv,4,test,44,19,0,0,0.0009274924692902
stratified_cv_LGBM_fold4,full,LGBM,V_raw,A0,T_main,0.000269,0,stratified_cv,4,test,48,20,0,0,0.0020756572047911
stratified_cv_LGBM_fold4,full,LGBM,V_raw,A0,T_main,0.000269,0,stratified_cv,4,test,54,21,1,1,0.9999944520376371
stratified_cv_LGBM_fold4,full,LGBM,V_raw,A0,T_main,0.000269,0,stratified_cv,4,test,57,22,1,1,0.983565919880719
stratified_cv_LGBM_fold4,full,LGBM,V_raw,A0,T_main,0.000269,0,stratified_cv,4,test,66,25,0,1,0.998148343241455
stratified_cv_LGBM_fold4,full,LGBM,V_raw,A0,T_main,0.000269,0,stratified_cv,4,test,67,25,0,1,0.9975426282614044
stratified_cv_LGBM_fold4,full,LGBM,V_raw,A0,T_main,0.000269,0,stratified_cv,4,test,68,25,0,1,0.9986483871289078
stratified_cv_LGBM_fold4,full,LGBM,V_raw,A0,T_main,0.000269,0,stratified_cv,4,test,69,25,0,0,0.0001321482178523
stratified_cv_LGBM_fold4,full,LGBM,V_raw,A0,T_main,0.000269,0,stratified_cv,4,test,81,28,1,1,0.9999822961345012
stratified_cv_LGBM_fold4,full,LGBM,V_raw,A0,T_main,0.000269,0,stratified_cv,4,test,94,31,1,1,0.9999975786330798
stratified_cv_LGBM_fold4,full,LGBM,V_raw,A0,T_main,0.000269,0,stratified_cv,4,test,95,31,1,1,0.9999803552971244
stratified_cv_LGBM_fold4,full,LGBM,V_raw,A0,T_main,0.000269,0,stratified_cv,4,test,105,32,0,0,6.490434705641722e-06
stratified_cv_LGBM_fold4,full,LGBM,V_raw,A0,T_main,0.000269,0,stratified_cv,4,test,118,32,1,0,0.0130239528531982
stratified_cv_LGBM_fold4,full,LGBM,V_raw,A0,T_main,0.000269,0,stratified_cv,4,test,121,33,1,1,0.9768292351505344
stratified_cv_LGBM_fold4,full,LGBM,V_raw,A0,T_main,0.000269,0,stratified_cv,4,test,122,33,0,1,0.5964417733365224
stratified_cv_LGBM_fold4,full,LGBM,V_raw,A0,T_main,0.000269,0,stratified_cv,4,test,128,34,0,1,0.9936495150591655
stratified_cv_LGBM_fold4,full,LGBM,V_raw,A0,T_main,0.000269,0,stratified_cv,4,test,130,35,0,0,0.0024456067994793
stratified_cv_LGBM_fold4,full,LGBM,V_raw,A0,T_main,0.000269,0,stratified_cv,4,test,135,36,1,1,0.9927035617499416
stratified_cv_LGBM_fold4,full,LGBM,V_raw,A0,T_main,0.000269,0,stratified_cv,4,test,139,36,0,0,0.0004090622213714
stratified_cv_LGBM_fold4,full,LGBM,V_raw,A0,T_main,0.000269,0,stratified_cv,4,test,140,36,0,0,2.9192725023257557e-05
stratified_cv_LGBM_fold4,full,LGBM,V_raw,A0,T_main,0.000269,0,stratified_cv,4,test,144,37,1,1,0.9999980722170564
stratified_cv_LGBM_fold4,full,LGBM,V_raw,A0,T_main,0.000269,0,stratified_cv,4,test,145,37,1,1,0.9998671207425516
stratified_cv_LGBM_fold4,full,LGBM,V_raw,A0,T_main,0.000269,0,stratified_cv,4,test,153,40,1,1,0.6410415766501298
stratified_cv_LGBM_fold4,full,LGBM,V_raw,A0,T_main,0.000269,0,stratified_cv,4,test,154,40,1,1,0.9958019351600556
stratified_cv_LGBM_fold4,full,LGBM,V_raw,A0,T_main,0.000269,0,stratified_cv,4,test,157,40,1,1,0.999921899547686
stratified_cv_LGBM_fold4,full,LGBM,V_raw,A0,T_main,0.000269,0,stratified_cv,4,test,161,40,1,1,0.9999994205283572
stratified_cv_LGBM_fold4,full,LGBM,V_raw,A0,T_main,0.000269,0,stratified_cv,4,test,164,41,1,1,0.9940274848508688
stratified_cv_LGBM_fold4,full,LGBM,V_raw,A0,T_main,0.000269,0,stratified_cv,4,test,165,41,1,1,0.999914569129664
stratified_cv_LGBM_fold4,full,LGBM,V_raw,A0,T_main,0.000269,0,stratified_cv,4,test,168,41,0,1,0.9845303658385344
stratified_cv_LGBM_fold4,full,LGBM,V_raw,A0,T_main,0.000269,0,stratified_cv,4,test,175,44,1,1,0.9853155318276784
stratified_cv_LGBM_fold4,full,LGBM,V_raw,A0,T_main,0.000269,0,stratified_cv,4,test,181,45,0,1,0.9999981230335582
stratified_cv_LGBM_fold4,full,LGBM,V_raw,A0,T_main,0.000269,0,stratified_cv,4,test,187,47,0,1,0.8703045633876125
stratified_cv_LGBM_fold4,full,LGBM,V_raw,A0,T_main,0.000269,0,stratified_cv,4,test,202,50,0,0,0.0033646168908766
stratified_cv_LGBM_fold4,full,LGBM,V_raw,A0,T_main,0.000269,0,stratified_cv,4,test,204,51,0,0,0.0494806161820256
stratified_cv_LGBM_fold4,full,LGBM,V_raw,A0,T_main,0.000269,0,stratified_cv,4,test,214,54,0,0,0.0003602972836846
stratified_cv_LGBM_fold4,full,LGBM,V_raw,A0,T_main,0.000269,0,stratified_cv,4,test,215,54,0,0,0.0003562330098977
stratified_cv_LGBM_fold4,full,LGBM,V_raw,A0,T_main,0.000269,0,stratified_cv,4,test,225,55,1,1,0.9999932701289584
stratified_cv_LGBM_fold4,full,LGBM,V_raw,A0,T_main,0.000269,0,stratified_cv,4,test,227,55,1,1,0.9996969843858038
stratified_cv_CB_fold4,full,CB,V_raw,A0,T_main,0.000269,0,stratified_cv,4,test,13,4,0,0,0.0062424877540829
stratified_cv_CB_fold4,full,CB,V_raw,A0,T_main,0.000269,0,stratified_cv,4,test,14,4,0,0,0.0159420470252024
stratified_cv_CB_fold4,full,CB,V_raw,A0,T_main,0.000269,0,stratified_cv,4,test,20,8,1,1,0.8229079932198023
stratified_cv_CB_fold4,full,CB,V_raw,A0,T_main,0.000269,0,stratified_cv,4,test,28,11,1,1,0.9489972617006958
stratified_cv_CB_fold4,full,CB,V_raw,A0,T_main,0.000269,0,stratified_cv,4,test,29,11,1,1,0.9489972617006958
stratified_cv_CB_fold4,full,CB,V_raw,A0,T_main,0.000269,0,stratified_cv,4,test,44,19,0,0,0.0172687648634246
stratified_cv_CB_fold4,full,CB,V_raw,A0,T_main,0.000269,0,stratified_cv,4,test,48,20,0,1,0.5481891923307576
stratified_cv_CB_fold4,full,CB,V_raw,A0,T_main,0.000269,0,stratified_cv,4,test,54,21,1,1,0.9775063095502377
stratified_cv_CB_fold4,full,CB,V_raw,A0,T_main,0.000269,0,stratified_cv,4,test,57,22,1,1,0.942936994494571
stratified_cv_CB_fold4,full,CB,V_raw,A0,T_main,0.000269,0,stratified_cv,4,test,66,25,0,1,0.949695610621626
stratified_cv_CB_fold4,full,CB,V_raw,A0,T_main,0.000269,0,stratified_cv,4,test,67,25,0,1,0.783880015299739
stratified_cv_CB_fold4,full,CB,V_raw,A0,T_main,0.000269,0,stratified_cv,4,test,68,25,0,1,0.8093441673470875
stratified_cv_CB_fold4,full,CB,V_raw,A0,T_main,0.000269,0,stratified_cv,4,test,69,25,0,0,0.0216587719035475
stratified_cv_CB_fold4,full,CB,V_raw,A0,T_main,0.000269,0,stratified_cv,4,test,81,28,1,1,0.9951242568758156
stratified_cv_CB_fold4,full,CB,V_raw,A0,T_main,0.000269,0,stratified_cv,4,test,94,31,1,1,0.9814497373276416
stratified_cv_CB_fold4,full,CB,V_raw,A0,T_main,0.000269,0,stratified_cv,4,test,95,31,1,1,0.9833009599063444
stratified_cv_CB_fold4,full,CB,V_raw,A0,T_main,0.000269,0,stratified_cv,4,test,105,32,0,0,0.0112859356980066
stratified_cv_CB_fold4,full,CB,V_raw,A0,T_main,0.000269,0,stratified_cv,4,test,118,32,1,0,0.1826805731421125
stratified_cv_CB_fold4,full,CB,V_raw,A0,T_main,0.000269,0,stratified_cv,4,test,121,33,1,1,0.6461047497294324
stratified_cv_CB_fold4,full,CB,V_raw,A0,T_main,0.000269,0,stratified_cv,4,test,122,33,0,0,0.1325677680013207
stratified_cv_CB_fold4,full,CB,V_raw,A0,T_main,0.000269,0,stratified_cv,4,test,128,34,0,1,0.8098789417346375
stratified_cv_CB_fold4,full,CB,V_raw,A0,T_main,0.000269,0,stratified_cv,4,test,130,35,0,0,0.124016116140203
stratified_cv_CB_fold4,full,CB,V_raw,A0,T_main,0.000269,0,stratified_cv,4,test,135,36,1,1,0.9574210799575203
stratified_cv_CB_fold4,full,CB,V_raw,A0,T_main,0.000269,0,stratified_cv,4,test,139,36,0,0,0.0111645164738345
stratified_cv_CB_fold4,full,CB,V_raw,A0,T_main,0.000269,0,stratified_cv,4,test,140,36,0,0,0.0060285380863841
stratified_cv_CB_fold4,full,CB,V_raw,A0,T_main,0.000269,0,stratified_cv,4,test,144,37,1,1,0.9795787162463662
stratified_cv_CB_fold4,full,CB,V_raw,A0,T_main,0.000269,0,stratified_cv,4,test,145,37,1,1,0.9517263782708052
stratified_cv_CB_fold4,full,CB,V_raw,A0,T_main,0.000269,0,stratified_cv,4,test,153,40,1,1,0.7185768474609249
stratified_cv_CB_fold4,full,CB,V_raw,A0,T_main,0.000269,0,stratified_cv,4,test,154,40,1,1,0.9758772324671106
stratified_cv_CB_fold4,full,CB,V_raw,A0,T_main,0.000269,0,stratified_cv,4,test,157,40,1,1,0.9895437858293176
stratified_cv_CB_fold4,full,CB,V_raw,A0,T_main,0.000269,0,stratified_cv,4,test,161,40,1,1,0.995184857371659
stratified_cv_CB_fold4,full,CB,V_raw,A0,T_main,0.000269,0,stratified_cv,4,test,164,41,1,1,0.8283530378240569
stratified_cv_CB_fold4,full,CB,V_raw,A0,T_main,0.000269,0,stratified_cv,4,test,165,41,1,1,0.9483691632153862
stratified_cv_CB_fold4,full,CB,V_raw,A0,T_main,0.000269,0,stratified_cv,4,test,168,41,0,1,0.9321867310392654
stratified_cv_CB_fold4,full,CB,V_raw,A0,T_main,0.000269,0,stratified_cv,4,test,175,44,1,1,0.8681869458694436
stratified_cv_CB_fold4,full,CB,V_raw,A0,T_main,0.000269,0,stratified_cv,4,test,181,45,0,1,0.9909854504685272
stratified_cv_CB_fold4,full,CB,V_raw,A0,T_main,0.000269,0,stratified_cv,4,test,187,47,0,1,0.7674345066724029
stratified_cv_CB_fold4,full,CB,V_raw,A0,T_main,0.000269,0,stratified_cv,4,test,202,50,0,0,0.0355564710690119
stratified_cv_CB_fold4,full,CB,V_raw,A0,T_main,0.000269,0,stratified_cv,4,test,204,51,0,1,0.8767478713779095
stratified_cv_CB_fold4,full,CB,V_raw,A0,T_main,0.000269,0,stratified_cv,4,test,214,54,0,0,0.0310568947753184
stratified_cv_CB_fold4,full,CB,V_raw,A0,T_main,0.000269,0,stratified_cv,4,test,215,54,0,0,0.0331332827688882
stratified_cv_CB_fold4,full,CB,V_raw,A0,T_main,0.000269,0,stratified_cv,4,test,225,55,1,1,0.9906347546841456
stratified_cv_CB_fold4,full,CB,V_raw,A0,T_main,0.000269,0,stratified_cv,4,test,227,55,1,1,0.9746714541553932
group_kfold_DT_fold0,full,DT,V_raw,A0,T_main,0.000269,0,group_kfold,0,test,21,9,0,0,0.0
group_kfold_DT_fold0,full,DT,V_raw,A0,T_main,0.000269,0,group_kfold,0,test,32,14,1,0,0.0
group_kfold_DT_fold0,full,DT,V_raw,A0,T_main,0.000269,0,group_kfold,0,test,35,16,1,1,1.0
group_kfold_DT_fold0,full,DT,V_raw,A0,T_main,0.000269,0,group_kfold,0,test,36,16,1,1,1.0
group_kfold_DT_fold0,full,DT,V_raw,A0,T_main,0.000269,0,group_kfold,0,test,37,16,1,1,1.0
group_kfold_DT_fold0,full,DT,V_raw,A0,T_main,0.000269,0,group_kfold,0,test,51,21,1,0,0.0
group_kfold_DT_fold0,full,DT,V_raw,A0,T_main,0.000269,0,group_kfold,0,test,52,21,1,0,0.0
group_kfold_DT_fold0,full,DT,V_raw,A0,T_main,0.000269,0,group_kfold,0,test,53,21,1,0,0.0
group_kfold_DT_fold0,full,DT,V_raw,A0,T_main,0.000269,0,group_kfold,0,test,54,21,1,0,0.0
group_kfold_DT_fold0,full,DT,V_raw,A0,T_main,0.000269,0,group_kfold,0,test,55,21,0,0,0.0
group_kfold_DT_fold0,full,DT,V_raw,A0,T_main,0.000269,0,group_kfold,0,test,77,28,0,0,0.0
group_kfold_DT_fold0,full,DT,V_raw,A0,T_main,0.000269,0,group_kfold,0,test,78,28,1,1,1.0
group_kfold_DT_fold0,full,DT,V_raw,A0,T_main,0.000269,0,group_kfold,0,test,79,28,1,1,1.0
group_kfold_DT_fold0,full,DT,V_raw,A0,T_main,0.000269,0,group_kfold,0,test,80,28,1,1,1.0
group_kfold_DT_fold0,full,DT,V_raw,A0,T_main,0.000269,0,group_kfold,0,test,81,28,1,1,1.0
group_kfold_DT_fold0,full,DT,V_raw,A0,T_main,0.000269,0,group_kfold,0,test,99,32,0,0,0.0
group_kfold_DT_fold0,full,DT,V_raw,A0,T_main,0.000269,0,group_kfold,0,test,100,32,0,1,1.0
group_kfold_DT_fold0,full,DT,V_raw,A0,T_main,0.000269,0,group_kfold,0,test,101,32,0,1,1.0
group_kfold_DT_fold0,full,DT,V_raw,A0,T_main,0.000269,0,group_kfold,0,test,102,32,0,1,1.0
group_kfold_DT_fold0,full,DT,V_raw,A0,T_main,0.000269,0,group_kfold,0,test,103,32,0,1,1.0
group_kfold_DT_fold0,full,DT,V_raw,A0,T_main,0.000269,0,group_kfold,0,test,104,32,0,0,0.0
group_kfold_DT_fold0,full,DT,V_raw,A0,T_main,0.000269,0,group_kfold,0,test,105,32,0,1,1.0
group_kfold_DT_fold0,full,DT,V_raw,A0,T_main,0.000269,0,group_kfold,0,test,106,32,0,1,1.0
group_kfold_DT_fold0,full,DT,V_raw,A0,T_main,0.000269,0,group_kfold,0,test,107,32,0,1,1.0
group_kfold_DT_fold0,full,DT,V_raw,A0,T_main,0.000269,0,group_kfold,0,test,108,32,0,1,1.0
group_kfold_DT_fold0,full,DT,V_raw,A0,T_main,0.000269,0,group_kfold,0,test,109,32,0,0,0.0
group_kfold_DT_fold0,full,DT,V_raw,A0,T_main,0.000269,0,group_kfold,0,test,110,32,0,1,1.0
group_kfold_DT_fold0,full,DT,V_raw,A0,T_main,0.000269,0,group_kfold,0,test,111,32,0,1,1.0
group_kfold_DT_fold0,full,DT,V_raw,A0,T_main,0.000269,0,group_kfold,0,test,112,32,0,1,1.0
group_kfold_DT_fold0,full,DT,V_raw,A0,T_main,0.000269,0,group_kfold,0,test,113,32,0,1,1.0
group_kfold_DT_fold0,full,DT,V_raw,A0,T_main,0.000269,0,group_kfold,0,test,114,32,0,0,0.0
group_kfold_DT_fold0,full,DT,V_raw,A0,T_main,0.000269,0,group_kfold,0,test,115,32,0,1,1.0
group_kfold_DT_fold0,full,DT,V_raw,A0,T_main,0.000269,0,group_kfold,0,test,116,32,1,1,1.0
group_kfold_DT_fold0,full,DT,V_raw,A0,T_main,0.000269,0,group_kfold,0,test,117,32,1,1,1.0
group_kfold_DT_fold0,full,DT,V_raw,A0,T_main,0.000269,0,group_kfold,0,test,118,32,1,1,1.0
group_kfold_DT_fold0,full,DT,V_raw,A0,T_main,0.000269,0,group_kfold,0,test,119,33,0,0,0.0
group_kfold_DT_fold0,full,DT,V_raw,A0,T_main,0.000269,0,group_kfold,0,test,120,33,1,1,1.0
group_kfold_DT_fold0,full,DT,V_raw,A0,T_main,0.000269,0,group_kfold,0,test,121,33,1,1,1.0
group_kfold_DT_fold0,full,DT,V_raw,A0,T_main,0.000269,0,group_kfold,0,test,122,33,0,0,0.0
group_kfold_DT_fold0,full,DT,V_raw,A0,T_main,0.000269,0,group_kfold,0,test,178,45,1,1,1.0
group_kfold_DT_fold0,full,DT,V_raw,A0,T_main,0.000269,0,group_kfold,0,test,179,45,1,1,1.0
group_kfold_DT_fold0,full,DT,V_raw,A0,T_main,0.000269,0,group_kfold,0,test,180,45,1,1,1.0
group_kfold_DT_fold0,full,DT,V_raw,A0,T_main,0.000269,0,group_kfold,0,test,181,45,0,1,1.0
group_kfold_DT_fold0,full,DT,V_raw,A0,T_main,0.000269,0,group_kfold,0,test,206,53,0,1,1.0
group_kfold_RF_fold0,full,RF,V_raw,A0,T_main,0.000269,0,group_kfold,0,test,21,9,0,0,0.1666666666666666
group_kfold_RF_fold0,full,RF,V_raw,A0,T_main,0.000269,0,group_kfold,0,test,32,14,1,0,0.3528888888888888
group_kfold_RF_fold0,full,RF,V_raw,A0,T_main,0.000269,0,group_kfold,0,test,35,16,1,1,0.6471666666666667
group_kfold_RF_fold0,full,RF,V_raw,A0,T_main,0.000269,0,group_kfold,0,test,36,16,1,0,0.4308333333333333
group_kfold_RF_fold0,full,RF,V_raw,A0,T_main,0.000269,0,group_kfold,0,test,37,16,1,1,0.5311111111111111
group_kfold_RF_fold0,full,RF,V_raw,A0,T_main,0.000269,0,group_kfold,0,test,51,21,1,0,0.3603888888888888
group_kfold_RF_fold0,full,RF,V_raw,A0,T_main,0.000269,0,group_kfold,0,test,52,21,1,0,0.3865
group_kfold_RF_fold0,full,RF,V_raw,A0,T_main,0.000269,0,group_kfold,0,test,53,21,1,0,0.3665
group_kfold_RF_fold0,full,RF,V_raw,A0,T_main,0.000269,0,group_kfold,0,test,54,21,1,0,0.3561666666666667
group_kfold_RF_fold0,full,RF,V_raw,A0,T_main,0.000269,0,group_kfold,0,test,55,21,0,0,0.3128333333333333
group_kfold_RF_fold0,full,RF,V_raw,A0,T_main,0.000269,0,group_kfold,0,test,77,28,0,0,0.4811111111111111
group_kfold_RF_fold0,full,RF,V_raw,A0,T_main,0.000269,0,group_kfold,0,test,78,28,1,1,0.8114444444444444
group_kfold_RF_fold0,full,RF,V_raw,A0,T_main,0.000269,0,group_kfold,0,test,79,28,1,1,0.8253333333333334
group_kfold_RF_fold0,full,RF,V_raw,A0,T_main,0.000269,0,group_kfold,0,test,80,28,1,1,0.6853333333333333
group_kfold_RF_fold0,full,RF,V_raw,A0,T_main,0.000269,0,group_kfold,0,test,81,28,1,1,0.8266666666666667
group_kfold_RF_fold0,full,RF,V_raw,A0,T_main,0.000269,0,group_kfold,0,test,99,32,0,0,0.01
group_kfold_RF_fold0,full,RF,V_raw,A0,T_main,0.000269,0,group_kfold,0,test,100,32,0,1,0.668111111111111
group_kfold_RF_fold0,full,RF,V_raw,A0,T_main,0.000269,0,group_kfold,0,test,101,32,0,1,0.7103333333333333
group_kfold_RF_fold0,full,RF,V_raw,A0,T_main,0.000269,0,group_kfold,0,test,102,32,0,1,0.6976666666666667
group_kfold_RF_fold0,full,RF,V_raw,A0,T_main,0.000269,0,group_kfold,0,test,103,32,0,1,0.6298333333333332
group_kfold_RF_fold0,full,RF,V_raw,A0,T_main,0.000269,0,group_kfold,0,test,104,32,0,0,0.01
group_kfold_RF_fold0,full,RF,V_raw,A0,T_main,0.000269,0,group_kfold,0,test,105,32,0,1,0.6275555555555555
group_kfold_RF_fold0,full,RF,V_raw,A0,T_main,0.000269,0,group_kfold,0,test,106,32,0,1,0.6669999999999999
group_kfold_RF_fold0,full,RF,V_raw,A0,T_main,0.000269,0,group_kfold,0,test,107,32,0,1,0.6543333333333333
group_kfold_RF_fold0,full,RF,V_raw,A0,T_main,0.000269,0,group_kfold,0,test,108,32,0,1,0.544
group_kfold_RF_fold0,full,RF,V_raw,A0,T_main,0.000269,0,group_kfold,0,test,109,32,0,0,0.01
group_kfold_RF_fold0,full,RF,V_raw,A0,T_main,0.000269,0,group_kfold,0,test,110,32,0,1,0.6844444444444444
group_kfold_RF_fold0,full,RF,V_raw,A0,T_main,0.000269,0,group_kfold,0,test,111,32,0,1,0.7333333333333333
group_kfold_RF_fold0,full,RF,V_raw,A0,T_main,0.000269,0,group_kfold,0,test,112,32,0,1,0.7173333333333333
group_kfold_RF_fold0,full,RF,V_raw,A0,T_main,0.000269,0,group_kfold,0,test,113,32,0,1,0.6516666666666666
group_kfold_RF_fold0,full,RF,V_raw,A0,T_main,0.000269,0,group_kfold,0,test,114,32,0,0,0.01
group_kfold_RF_fold0,full,RF,V_raw,A0,T_main,0.000269,0,group_kfold,0,test,115,32,0,1,0.6494444444444444
group_kfold_RF_fold0,full,RF,V_raw,A0,T_main,0.000269,0,group_kfold,0,test,116,32,1,1,0.7
group_kfold_RF_fold0,full,RF,V_raw,A0,T_main,0.000269,0,group_kfold,0,test,117,32,1,1,0.6839999999999999
group_kfold_RF_fold0,full,RF,V_raw,A0,T_main,0.000269,0,group_kfold,0,test,118,32,1,1,0.5833333333333334
group_kfold_RF_fold0,full,RF,V_raw,A0,T_main,0.000269,0,group_kfold,0,test,119,33,0,0,0.0166666666666666
group_kfold_RF_fold0,full,RF,V_raw,A0,T_main,0.000269,0,group_kfold,0,test,120,33,1,1,0.5315079365079366
group_kfold_RF_fold0,full,RF,V_raw,A0,T_main,0.000269,0,group_kfold,0,test,121,33,1,0,0.2288888888888888
group_kfold_RF_fold0,full,RF,V_raw,A0,T_main,0.000269,0,group_kfold,0,test,122,33,0,0,0.11
group_kfold_RF_fold0,full,RF,V_raw,A0,T_main,0.000269,0,group_kfold,0,test,178,45,1,1,0.5525
group_kfold_RF_fold0,full,RF,V_raw,A0,T_main,0.000269,0,group_kfold,0,test,179,45,1,1,0.6491666666666667
group_kfold_RF_fold0,full,RF,V_raw,A0,T_main,0.000269,0,group_kfold,0,test,180,45,1,1,0.57
group_kfold_RF_fold0,full,RF,V_raw,A0,T_main,0.000269,0,group_kfold,0,test,181,45,0,1,0.5566666666666666
group_kfold_RF_fold0,full,RF,V_raw,A0,T_main,0.000269,0,group_kfold,0,test,206,53,0,0,0.3983333333333333
group_kfold_LGBM_fold0,full,LGBM,V_raw,A0,T_main,0.000269,0,group_kfold,0,test,21,9,0,0,0.3714340301013126
group_kfold_LGBM_fold0,full,LGBM,V_raw,A0,T_main,0.000269,0,group_kfold,0,test,32,14,1,0,0.1514739427935754
group_kfold_LGBM_fold0,full,LGBM,V_raw,A0,T_main,0.000269,0,group_kfold,0,test,35,16,1,1,0.9747233428327644
group_kfold_LGBM_fold0,full,LGBM,V_raw,A0,T_main,0.000269,0,group_kfold,0,test,36,16,1,1,0.7368830930089921
group_kfold_LGBM_fold0,full,LGBM,V_raw,A0,T_main,0.000269,0,group_kfold,0,test,37,16,1,1,0.9989691237098092
group_kfold_LGBM_fold0,full,LGBM,V_raw,A0,T_main,0.000269,0,group_kfold,0,test,51,21,1,0,0.0129395986090406
group_kfold_LGBM_fold0,full,LGBM,V_raw,A0,T_main,0.000269,0,group_kfold,0,test,52,21,1,1,0.9152255268397436
group_kfold_LGBM_fold0,full,LGBM,V_raw,A0,T_main,0.000269,0,group_kfold,0,test,53,21,1,1,0.8437006149534872
group_kfold_LGBM_fold0,full,LGBM,V_raw,A0,T_main,0.000269,0,group_kfold,0,test,54,21,1,1,0.8437006149534872
group_kfold_LGBM_fold0,full,LGBM,V_raw,A0,T_main,0.000269,0,group_kfold,0,test,55,21,0,0,0.0046202860758183
group_kfold_LGBM_fold0,full,LGBM,V_raw,A0,T_main,0.000269,0,group_kfold,0,test,77,28,0,1,0.7221618325943966
group_kfold_LGBM_fold0,full,LGBM,V_raw,A0,T_main,0.000269,0,group_kfold,0,test,78,28,1,1,0.9959672480797144
group_kfold_LGBM_fold0,full,LGBM,V_raw,A0,T_main,0.000269,0,group_kfold,0,test,79,28,1,1,0.9992194278567184
group_kfold_LGBM_fold0,full,LGBM,V_raw,A0,T_main,0.000269,0,group_kfold,0,test,80,28,1,1,0.9917382684879597
group_kfold_LGBM_fold0,full,LGBM,V_raw,A0,T_main,0.000269,0,group_kfold,0,test,81,28,1,1,0.99961358006924
group_kfold_LGBM_fold0,full,LGBM,V_raw,A0,T_main,0.000269,0,group_kfold,0,test,99,32,0,0,0.0006983060290735
group_kfold_LGBM_fold0,full,LGBM,V_raw,A0,T_main,0.000269,0,group_kfold,0,test,100,32,0,1,0.9050230395002382
group_kfold_LGBM_fold0,full,LGBM,V_raw,A0,T_main,0.000269,0,group_kfold,0,test,101,32,0,1,0.9866166780601322
group_kfold_LGBM_fold0,full,LGBM,V_raw,A0,T_main,0.000269,0,group_kfold,0,test,102,32,0,1,0.9861309554358272
group_kfold_LGBM_fold0,full,LGBM,V_raw,A0,T_main,0.000269,0,group_kfold,0,test,103,32,0,0,0.4052005111041518
group_kfold_LGBM_fold0,full,LGBM,V_raw,A0,T_main,0.000269,0,group_kfold,0,test,104,32,0,0,0.0005551439402555
group_kfold_LGBM_fold0,full,LGBM,V_raw,A0,T_main,0.000269,0,group_kfold,0,test,105,32,0,1,0.8450659134013951
group_kfold_LGBM_fold0,full,LGBM,V_raw,A0,T_main,0.000269,0,group_kfold,0,test,106,32,0,1,0.9664240649295184
group_kfold_LGBM_fold0,full,LGBM,V_raw,A0,T_main,0.000269,0,group_kfold,0,test,107,32,0,1,0.9615904957231628
group_kfold_LGBM_fold0,full,LGBM,V_raw,A0,T_main,0.000269,0,group_kfold,0,test,108,32,0,0,0.1699530015104965
group_kfold_LGBM_fold0,full,LGBM,V_raw,A0,T_main,0.000269,0,group_kfold,0,test,109,32,0,0,0.0001618518707417
group_kfold_LGBM_fold0,full,LGBM,V_raw,A0,T_main,0.000269,0,group_kfold,0,test,110,32,0,1,0.8503552774502957
group_kfold_LGBM_fold0,full,LGBM,V_raw,A0,T_main,0.000269,0,group_kfold,0,test,111,32,0,1,0.9991414462017468
group_kfold_LGBM_fold0,full,LGBM,V_raw,A0,T_main,0.000269,0,group_kfold,0,test,112,32,0,1,0.9991471357395244
group_kfold_LGBM_fold0,full,LGBM,V_raw,A0,T_main,0.000269,0,group_kfold,0,test,113,32,0,0,0.4190528399639182
group_kfold_LGBM_fold0,full,LGBM,V_raw,A0,T_main,0.000269,0,group_kfold,0,test,114,32,0,0,0.0001353410934263
group_kfold_LGBM_fold0,full,LGBM,V_raw,A0,T_main,0.000269,0,group_kfold,0,test,115,32,0,1,0.7866983111802007
group_kfold_LGBM_fold0,full,LGBM,V_raw,A0,T_main,0.000269,0,group_kfold,0,test,116,32,1,1,0.9979375120498586
group_kfold_LGBM_fold0,full,LGBM,V_raw,A0,T_main,0.000269,0,group_kfold,0,test,117,32,1,1,0.997728555744868
group_kfold_LGBM_fold0,full,LGBM,V_raw,A0,T_main,0.000269,0,group_kfold,0,test,118,32,1,0,0.1854084586181338
group_kfold_LGBM_fold0,full,LGBM,V_raw,A0,T_main,0.000269,0,group_kfold,0,test,119,33,0,0,0.0008716529357473
group_kfold_LGBM_fold0,full,LGBM,V_raw,A0,T_main,0.000269,0,group_kfold,0,test,120,33,1,0,0.0264734675257769
group_kfold_LGBM_fold0,full,LGBM,V_raw,A0,T_main,0.000269,0,group_kfold,0,test,121,33,1,0,0.0090922032379856
group_kfold_LGBM_fold0,full,LGBM,V_raw,A0,T_main,0.000269,0,group_kfold,0,test,122,33,0,0,0.0006524929113831
group_kfold_LGBM_fold0,full,LGBM,V_raw,A0,T_main,0.000269,0,group_kfold,0,test,178,45,1,1,0.9772718612093588
group_kfold_LGBM_fold0,full,LGBM,V_raw,A0,T_main,0.000269,0,group_kfold,0,test,179,45,1,1,0.9955029302922944
group_kfold_LGBM_fold0,full,LGBM,V_raw,A0,T_main,0.000269,0,group_kfold,0,test,180,45,1,1,0.9897656687192118
group_kfold_LGBM_fold0,full,LGBM,V_raw,A0,T_main,0.000269,0,group_kfold,0,test,181,45,0,1,0.9897656687192118
group_kfold_LGBM_fold0,full,LGBM,V_raw,A0,T_main,0.000269,0,group_kfold,0,test,206,53,0,0,0.0178220592434655
group_kfold_CB_fold0,full,CB,V_raw,A0,T_main,0.000269,0,group_kfold,0,test,21,9,0,0,0.0963637971393839
group_kfold_CB_fold0,full,CB,V_raw,A0,T_main,0.000269,0,group_kfold,0,test,32,14,1,0,0.2539793969918815
group_kfold_CB_fold0,full,CB,V_raw,A0,T_main,0.000269,0,group_kfold,0,test,35,16,1,1,0.6037380648157235
group_kfold_CB_fold0,full,CB,V_raw,A0,T_main,0.000269,0,group_kfold,0,test,36,16,1,0,0.1162211611604881
group_kfold_CB_fold0,full,CB,V_raw,A0,T_main,0.000269,0,group_kfold,0,test,37,16,1,1,0.8087882793582225
group_kfold_CB_fold0,full,CB,V_raw,A0,T_main,0.000269,0,group_kfold,0,test,51,21,1,0,0.4909422726136387
group_kfold_CB_fold0,full,CB,V_raw,A0,T_main,0.000269,0,group_kfold,0,test,52,21,1,1,0.7460235660061079
group_kfold_CB_fold0,full,CB,V_raw,A0,T_main,0.000269,0,group_kfold,0,test,53,21,1,1,0.6529395348568443
group_kfold_CB_fold0,full,CB,V_raw,A0,T_main,0.000269,0,group_kfold,0,test,54,21,1,1,0.6529395348568443
group_kfold_CB_fold0,full,CB,V_raw,A0,T_main,0.000269,0,group_kfold,0,test,55,21,0,0,0.2580265686620653
group_kfold_CB_fold0,full,CB,V_raw,A0,T_main,0.000269,0,group_kfold,0,test,77,28,0,0,0.4556673049785686
group_kfold_CB_fold0,full,CB,V_raw,A0,T_main,0.000269,0,group_kfold,0,test,78,28,1,1,0.9596280960459952
group_kfold_CB_fold0,full,CB,V_raw,A0,T_main,0.000269,0,group_kfold,0,test,79,28,1,1,0.9708326543916224
group_kfold_CB_fold0,full,CB,V_raw,A0,T_main,0.000269,0,group_kfold,0,test,80,28,1,1,0.9457564514719542
group_kfold_CB_fold0,full,CB,V_raw,A0,T_main,0.000269,0,group_kfold,0,test,81,28,1,1,0.9636377366655215
group_kfold_CB_fold0,full,CB,V_raw,A0,T_main,0.000269,0,group_kfold,0,test,99,32,0,0,0.0088486129984978
group_kfold_CB_fold0,full,CB,V_raw,A0,T_main,0.000269,0,group_kfold,0,test,100,32,0,1,0.7875379460559332
group_kfold_CB_fold0,full,CB,V_raw,A0,T_main,0.000269,0,group_kfold,0,test,101,32,0,1,0.9165598110001
group_kfold_CB_fold0,full,CB,V_raw,A0,T_main,0.000269,0,group_kfold,0,test,102,32,0,1,0.919500778582222
group_kfold_CB_fold0,full,CB,V_raw,A0,T_main,0.000269,0,group_kfold,0,test,103,32,0,0,0.4833168971502645
group_kfold_CB_fold0,full,CB,V_raw,A0,T_main,0.000269,0,group_kfold,0,test,104,32,0,0,0.0090680105305319
group_kfold_CB_fold0,full,CB,V_raw,A0,T_main,0.000269,0,group_kfold,0,test,105,32,0,1,0.7583121326910184
group_kfold_CB_fold0,full,CB,V_raw,A0,T_main,0.000269,0,group_kfold,0,test,106,32,0,1,0.8985104436390088
group_kfold_CB_fold0,full,CB,V_raw,A0,T_main,0.000269,0,group_kfold,0,test,107,32,0,1,0.8970607616291202
group_kfold_CB_fold0,full,CB,V_raw,A0,T_main,0.000269,0,group_kfold,0,test,108,32,0,0,0.4181210480533414
group_kfold_CB_fold0,full,CB,V_raw,A0,T_main,0.000269,0,group_kfold,0,test,109,32,0,0,0.0097716561201437
group_kfold_CB_fold0,full,CB,V_raw,A0,T_main,0.000269,0,group_kfold,0,test,110,32,0,1,0.8638689144556507
group_kfold_CB_fold0,full,CB,V_raw,A0,T_main,0.000269,0,group_kfold,0,test,111,32,0,1,0.956625297577835
group_kfold_CB_fold0,full,CB,V_raw,A0,T_main,0.000269,0,group_kfold,0,test,112,32,0,1,0.9555603075133554
group_kfold_CB_fold0,full,CB,V_raw,A0,T_main,0.000269,0,group_kfold,0,test,113,32,0,1,0.5323851020820348
group_kfold_CB_fold0,full,CB,V_raw,A0,T_main,0.000269,0,group_kfold,0,test,114,32,0,0,0.0100137088828262
group_kfold_CB_fold0,full,CB,V_raw,A0,T_main,0.000269,0,group_kfold,0,test,115,32,0,1,0.8430504778216635
group_kfold_CB_fold0,full,CB,V_raw,A0,T_main,0.000269,0,group_kfold,0,test,116,32,1,1,0.9467390749474156
group_kfold_CB_fold0,full,CB,V_raw,A0,T_main,0.000269,0,group_kfold,0,test,117,32,1,1,0.9425441620623634
group_kfold_CB_fold0,full,CB,V_raw,A0,T_main,0.000269,0,group_kfold,0,test,118,32,1,0,0.4665469875366727
group_kfold_CB_fold0,full,CB,V_raw,A0,T_main,0.000269,0,group_kfold,0,test,119,33,0,0,0.0067374027910682
group_kfold_CB_fold0,full,CB,V_raw,A0,T_main,0.000269,0,group_kfold,0,test,120,33,1,0,0.4666777640802134
group_kfold_CB_fold0,full,CB,V_raw,A0,T_main,0.000269,0,group_kfold,0,test,121,33,1,0,0.2302721585852321
group_kfold_CB_fold0,full,CB,V_raw,A0,T_main,0.000269,0,group_kfold,0,test,122,33,0,0,0.0300070751554467
group_kfold_CB_fold0,full,CB,V_raw,A0,T_main,0.000269,0,group_kfold,0,test,178,45,1,1,0.5605199368938374
group_kfold_CB_fold0,full,CB,V_raw,A0,T_main,0.000269,0,group_kfold,0,test,179,45,1,1,0.8663344287611455
group_kfold_CB_fold0,full,CB,V_raw,A0,T_main,0.000269,0,group_kfold,0,test,180,45,1,1,0.6454868758644428
group_kfold_CB_fold0,full,CB,V_raw,A0,T_main,0.000269,0,group_kfold,0,test,181,45,0,1,0.637895654003214
group_kfold_CB_fold0,full,CB,V_raw,A0,T_main,0.000269,0,group_kfold,0,test,206,53,0,0,0.2823111244900103
group_kfold_DT_fold1,full,DT,V_raw,A0,T_main,0.000269,0,group_kfold,1,test,2,1,0,0,0.0
group_kfold_DT_fold1,full,DT,V_raw,A0,T_main,0.000269,0,group_kfold,1,test,3,1,1,1,1.0
group_kfold_DT_fold1,full,DT,V_raw,A0,T_main,0.000269,0,group_kfold,1,test,4,1,1,1,1.0
group_kfold_DT_fold1,full,DT,V_raw,A0,T_main,0.000269,0,group_kfold,1,test,5,1,1,0,0.3333333333333333
group_kfold_DT_fold1,full,DT,V_raw,A0,T_main,0.000269,0,group_kfold,1,test,6,1,1,0,0.3333333333333333
group_kfold_DT_fold1,full,DT,V_raw,A0,T_main,0.000269,0,group_kfold,1,test,7,1,1,0,0.3333333333333333
group_kfold_DT_fold1,full,DT,V_raw,A0,T_main,0.000269,0,group_kfold,1,test,11,4,0,0,0.0
group_kfold_DT_fold1,full,DT,V_raw,A0,T_main,0.000269,0,group_kfold,1,test,12,4,0,0,0.0
group_kfold_DT_fold1,full,DT,V_raw,A0,T_main,0.000269,0,group_kfold,1,test,13,4,0,0,0.0
group_kfold_DT_fold1,full,DT,V_raw,A0,T_main,0.000269,0,group_kfold,1,test,14,4,0,0,0.0
group_kfold_DT_fold1,full,DT,V_raw,A0,T_main,0.000269,0,group_kfold,1,test,15,4,0,0,0.0
group_kfold_DT_fold1,full,DT,V_raw,A0,T_main,0.000269,0,group_kfold,1,test,20,8,1,1,1.0
group_kfold_DT_fold1,full,DT,V_raw,A0,T_main,0.000269,0,group_kfold,1,test,33,15,0,1,1.0
group_kfold_DT_fold1,full,DT,V_raw,A0,T_main,0.000269,0,group_kfold,1,test,34,15,0,0,0.0
group_kfold_DT_fold1,full,DT,V_raw,A0,T_main,0.000269,0,group_kfold,1,test,61,24,0,1,1.0
group_kfold_DT_fold1,full,DT,V_raw,A0,T_main,0.000269,0,group_kfold,1,test,62,24,0,1,1.0
group_kfold_DT_fold1,full,DT,V_raw,A0,T_main,0.000269,0,group_kfold,1,test,63,24,1,1,1.0
group_kfold_DT_fold1,full,DT,V_raw,A0,T_main,0.000269,0,group_kfold,1,test,64,24,1,0,0.0
group_kfold_DT_fold1,full,DT,V_raw,A0,T_main,0.000269,0,group_kfold,1,test,73,27,0,1,1.0
group_kfold_DT_fold1,full,DT,V_raw,A0,T_main,0.000269,0,group_kfold,1,test,74,27,0,1,1.0
group_kfold_DT_fold1,full,DT,V_raw,A0,T_main,0.000269,0,group_kfold,1,test,75,27,0,1,1.0
group_kfold_DT_fold1,full,DT,V_raw,A0,T_main,0.000269,0,group_kfold,1,test,76,27,0,0,0.0
group_kfold_DT_fold1,full,DT,V_raw,A0,T_main,0.000269,0,group_kfold,1,test,82,29,1,0,0.0
group_kfold_DT_fold1,full,DT,V_raw,A0,T_main,0.000269,0,group_kfold,1,test,175,44,1,1,1.0
group_kfold_DT_fold1,full,DT,V_raw,A0,T_main,0.000269,0,group_kfold,1,test,176,44,1,1,1.0
group_kfold_DT_fold1,full,DT,V_raw,A0,T_main,0.000269,0,group_kfold,1,test,177,44,1,1,1.0
group_kfold_DT_fold1,full,DT,V_raw,A0,T_main,0.000269,0,group_kfold,1,test,207,54,0,1,1.0
group_kfold_DT_fold1,full,DT,V_raw,A0,T_main,0.000269,0,group_kfold,1,test,208,54,0,1,1.0
group_kfold_DT_fold1,full,DT,V_raw,A0,T_main,0.000269,0,group_kfold,1,test,209,54,0,1,1.0
group_kfold_DT_fold1,full,DT,V_raw,A0,T_main,0.000269,0,group_kfold,1,test,210,54,0,1,1.0
group_kfold_DT_fold1,full,DT,V_raw,A0,T_main,0.000269,0,group_kfold,1,test,211,54,1,1,1.0
group_kfold_DT_fold1,full,DT,V_raw,A0,T_main,0.000269,0,group_kfold,1,test,212,54,1,1,1.0
group_kfold_DT_fold1,full,DT,V_raw,A0,T_main,0.000269,0,group_kfold,1,test,213,54,0,1,1.0
group_kfold_DT_fold1,full,DT,V_raw,A0,T_main,0.000269,0,group_kfold,1,test,214,54,0,1,1.0
group_kfold_DT_fold1,full,DT,V_raw,A0,T_main,0.000269,0,group_kfold,1,test,215,54,0,1,1.0
group_kfold_DT_fold1,full,DT,V_raw,A0,T_main,0.000269,0,group_kfold,1,test,216,54,1,1,1.0
group_kfold_DT_fold1,full,DT,V_raw,A0,T_main,0.000269,0,group_kfold,1,test,217,54,1,1,1.0
group_kfold_DT_fold1,full,DT,V_raw,A0,T_main,0.000269,0,group_kfold,1,test,218,54,1,1,1.0
group_kfold_DT_fold1,full,DT,V_raw,A0,T_main,0.000269,0,group_kfold,1,test,219,54,0,1,1.0
group_kfold_DT_fold1,full,DT,V_raw,A0,T_main,0.000269,0,group_kfold,1,test,220,54,0,1,1.0
group_kfold_DT_fold1,full,DT,V_raw,A0,T_main,0.000269,0,group_kfold,1,test,221,54,0,1,1.0
group_kfold_DT_fold1,full,DT,V_raw,A0,T_main,0.000269,0,group_kfold,1,test,222,54,0,1,1.0
group_kfold_DT_fold1,full,DT,V_raw,A0,T_main,0.000269,0,group_kfold,1,test,223,54,1,1,1.0
group_kfold_DT_fold1,full,DT,V_raw,A0,T_main,0.000269,0,group_kfold,1,test,224,54,1,1,1.0
group_kfold_RF_fold1,full,RF,V_raw,A0,T_main,0.000269,0,group_kfold,1,test,2,1,0,0,0.04
group_kfold_RF_fold1,full,RF,V_raw,A0,T_main,0.000269,0,group_kfold,1,test,3,1,1,1,0.531277777777778
group_kfold_RF_fold1,full,RF,V_raw,A0,T_main,0.000269,0,group_kfold,1,test,4,1,1,1,0.6216111111111111
group_kfold_RF_fold1,full,RF,V_raw,A0,T_main,0.000269,0,group_kfold,1,test,5,1,1,1,0.5169722222222223
group_kfold_RF_fold1,full,RF,V_raw,A0,T_main,0.000269,0,group_kfold,1,test,6,1,1,0,0.3857499999999999
group_kfold_RF_fold1,full,RF,V_raw,A0,T_main,0.000269,0,group_kfold,1,test,7,1,1,0,0.2989166666666666
group_kfold_RF_fold1,full,RF,V_raw,A0,T_main,0.000269,0,group_kfold,1,test,11,4,0,0,0.2997222222222222
group_kfold_RF_fold1,full,RF,V_raw,A0,T_main,0.000269,0,group_kfold,1,test,12,4,0,0,0.0444444444444444
group_kfold_RF_fold1,full,RF,V_raw,A0,T_main,0.000269,0,group_kfold,1,test,13,4,0,0,0.0944444444444444
group_kfold_RF_fold1,full,RF,V_raw,A0,T_main,0.000269,0,group_kfold,1,test,14,4,0,0,0.3327777777777778
group_kfold_RF_fold1,full,RF,V_raw,A0,T_main,0.000269,0,group_kfold,1,test,15,4,0,0,0.3194444444444444
group_kfold_RF_fold1,full,RF,V_raw,A0,T_main,0.000269,0,group_kfold,1,test,20,8,1,1,0.8033333333333333
group_kfold_RF_fold1,full,RF,V_raw,A0,T_main,0.000269,0,group_kfold,1,test,33,15,0,0,0.2711111111111111
group_kfold_RF_fold1,full,RF,V_raw,A0,T_main,0.000269,0,group_kfold,1,test,34,15,0,0,0.0211111111111111
group_kfold_RF_fold1,full,RF,V_raw,A0,T_main,0.000269,0,group_kfold,1,test,61,24,0,0,0.4
group_kfold_RF_fold1,full,RF,V_raw,A0,T_main,0.000269,0,group_kfold,1,test,62,24,0,0,0.46
group_kfold_RF_fold1,full,RF,V_raw,A0,T_main,0.000269,0,group_kfold,1,test,63,24,1,0,0.3666666666666666
group_kfold_RF_fold1,full,RF,V_raw,A0,T_main,0.000269,0,group_kfold,1,test,64,24,1,1,0.5627777777777777
group_kfold_RF_fold1,full,RF,V_raw,A0,T_main,0.000269,0,group_kfold,1,test,73,27,0,0,0.4316666666666666
group_kfold_RF_fold1,full,RF,V_raw,A0,T_main,0.000269,0,group_kfold,1,test,74,27,0,0,0.3966666666666666
group_kfold_RF_fold1,full,RF,V_raw,A0,T_main,0.000269,0,group_kfold,1,test,75,27,0,0,0.4
group_kfold_RF_fold1,full,RF,V_raw,A0,T_main,0.000269,0,group_kfold,1,test,76,27,0,0,0.0966666666666666
group_kfold_RF_fold1,full,RF,V_raw,A0,T_main,0.000269,0,group_kfold,1,test,82,29,1,1,0.5952777777777777
group_kfold_RF_fold1,full,RF,V_raw,A0,T_main,0.000269,0,group_kfold,1,test,175,44,1,1,0.635
group_kfold_RF_fold1,full,RF,V_raw,A0,T_main,0.000269,0,group_kfold,1,test,176,44,1,1,0.7708333333333334
group_kfold_RF_fold1,full,RF,V_raw,A0,T_main,0.000269,0,group_kfold,1,test,177,44,1,1,0.7825
group_kfold_RF_fold1,full,RF,V_raw,A0,T_main,0.000269,0,group_kfold,1,test,207,54,0,1,0.6433333333333333
group_kfold_RF_fold1,full,RF,V_raw,A0,T_main,0.000269,0,group_kfold,1,test,208,54,0,1,0.7266666666666667
group_kfold_RF_fold1,full,RF,V_raw,A0,T_main,0.000269,0,group_kfold,1,test,209,54,0,1,0.7433333333333333
group_kfold_RF_fold1,full,RF,V_raw,A0,T_main,0.000269,0,group_kfold,1,test,210,54,0,1,0.8233333333333334
group_kfold_RF_fold1,full,RF,V_raw,A0,T_main,0.000269,0,group_kfold,1,test,211,54,1,1,0.8966666666666666
group_kfold_RF_fold1,full,RF,V_raw,A0,T_main,0.000269,0,group_kfold,1,test,212,54,1,1,0.8866666666666667
group_kfold_RF_fold1,full,RF,V_raw,A0,T_main,0.000269,0,group_kfold,1,test,213,54,0,1,0.6433333333333333
group_kfold_RF_fold1,full,RF,V_raw,A0,T_main,0.000269,0,group_kfold,1,test,214,54,0,1,0.7266666666666667
group_kfold_RF_fold1,full,RF,V_raw,A0,T_main,0.000269,0,group_kfold,1,test,215,54,0,1,0.7433333333333333
group_kfold_RF_fold1,full,RF,V_raw,A0,T_main,0.000269,0,group_kfold,1,test,216,54,1,1,0.8233333333333334
group_kfold_RF_fold1,full,RF,V_raw,A0,T_main,0.000269,0,group_kfold,1,test,217,54,1,1,0.8966666666666666
group_kfold_RF_fold1,full,RF,V_raw,A0,T_main,0.000269,0,group_kfold,1,test,218,54,1,1,0.8866666666666667
group_kfold_RF_fold1,full,RF,V_raw,A0,T_main,0.000269,0,group_kfold,1,test,219,54,0,1,0.6433333333333333
group_kfold_RF_fold1,full,RF,V_raw,A0,T_main,0.000269,0,group_kfold,1,test,220,54,0,1,0.7266666666666667
group_kfold_RF_fold1,full,RF,V_raw,A0,T_main,0.000269,0,group_kfold,1,test,221,54,0,1,0.7433333333333333
group_kfold_RF_fold1,full,RF,V_raw,A0,T_main,0.000269,0,group_kfold,1,test,222,54,0,1,0.8233333333333334
group_kfold_RF_fold1,full,RF,V_raw,A0,T_main,0.000269,0,group_kfold,1,test,223,54,1,1,0.8966666666666666
group_kfold_RF_fold1,full,RF,V_raw,A0,T_main,0.000269,0,group_kfold,1,test,224,54,1,1,0.8866666666666667
group_kfold_LGBM_fold1,full,LGBM,V_raw,A0,T_main,0.000269,0,group_kfold,1,test,2,1,0,0,0.0002630042287139
group_kfold_LGBM_fold1,full,LGBM,V_raw,A0,T_main,0.000269,0,group_kfold,1,test,3,1,1,1,0.6494187501409305
group_kfold_LGBM_fold1,full,LGBM,V_raw,A0,T_main,0.000269,0,group_kfold,1,test,4,1,1,1,0.9866616480491238
group_kfold_LGBM_fold1,full,LGBM,V_raw,A0,T_main,0.000269,0,group_kfold,1,test,5,1,1,1,0.9840492496031672
group_kfold_LGBM_fold1,full,LGBM,V_raw,A0,T_main,0.000269,0,group_kfold,1,test,6,1,1,0,0.0504541092809396
group_kfold_LGBM_fold1,full,LGBM,V_raw,A0,T_main,0.000269,0,group_kfold,1,test,7,1,1,0,0.0038855824272023
group_kfold_LGBM_fold1,full,LGBM,V_raw,A0,T_main,0.000269,0,group_kfold,1,test,11,4,0,0,2.862791714700428e-05
group_kfold_LGBM_fold1,full,LGBM,V_raw,A0,T_main,0.000269,0,group_kfold,1,test,12,4,0,0,2.0149553861851461e-07
group_kfold_LGBM_fold1,full,LGBM,V_raw,A0,T_main,0.000269,0,group_kfold,1,test,13,4,0,0,1.789339291088568e-07
group_kfold_LGBM_fold1,full,LGBM,V_raw,A0,T_main,0.000269,0,group_kfold,1,test,14,4,0,0,0.0001018144298827
group_kfold_LGBM_fold1,full,LGBM,V_raw,A0,T_main,0.000269,0,group_kfold,1,test,15,4,0,0,0.0002798231740173
group_kfold_LGBM_fold1,full,LGBM,V_raw,A0,T_main,0.000269,0,group_kfold,1,test,20,8,1,1,0.9997714616448152
group_kfold_LGBM_fold1,full,LGBM,V_raw,A0,T_main,0.000269,0,group_kfold,1,test,33,15,0,0,0.0006915646917911
group_kfold_LGBM_fold1,full,LGBM,V_raw,A0,T_main,0.000269,0,group_kfold,1,test,34,15,0,0,2.2173096415578627e-08
group_kfold_LGBM_fold1,full,LGBM,V_raw,A0,T_main,0.000269,0,group_kfold,1,test,61,24,0,1,0.9562720000609678
group_kfold_LGBM_fold1,full,LGBM,V_raw,A0,T_main,0.000269,0,group_kfold,1,test,62,24,0,1,0.9532797611934668
group_kfold_LGBM_fold1,full,LGBM,V_raw,A0,T_main,0.000269,0,group_kfold,1,test,63,24,1,1,0.9312434650950808
group_kfold_LGBM_fold1,full,LGBM,V_raw,A0,T_main,0.000269,0,group_kfold,1,test,64,24,1,1,0.9810159821078744
group_kfold_LGBM_fold1,full,LGBM,V_raw,A0,T_main,0.000269,0,group_kfold,1,test,73,27,0,0,0.2875589974627846
group_kfold_LGBM_fold1,full,LGBM,V_raw,A0,T_main,0.000269,0,group_kfold,1,test,74,27,0,0,0.2499657128284858
group_kfold_LGBM_fold1,full,LGBM,V_raw,A0,T_main,0.000269,0,group_kfold,1,test,75,27,0,0,0.266485281450446
group_kfold_LGBM_fold1,full,LGBM,V_raw,A0,T_main,0.000269,0,group_kfold,1,test,76,27,0,0,0.0001118979540068
group_kfold_LGBM_fold1,full,LGBM,V_raw,A0,T_main,0.000269,0,group_kfold,1,test,82,29,1,1,0.9914096354935092
group_kfold_LGBM_fold1,full,LGBM,V_raw,A0,T_main,0.000269,0,group_kfold,1,test,175,44,1,0,0.0998576496895973
group_kfold_LGBM_fold1,full,LGBM,V_raw,A0,T_main,0.000269,0,group_kfold,1,test,176,44,1,1,0.9389014938327912
group_kfold_LGBM_fold1,full,LGBM,V_raw,A0,T_main,0.000269,0,group_kfold,1,test,177,44,1,1,0.998932732538905
group_kfold_LGBM_fold1,full,LGBM,V_raw,A0,T_main,0.000269,0,group_kfold,1,test,207,54,0,1,0.9086944360811392
group_kfold_LGBM_fold1,full,LGBM,V_raw,A0,T_main,0.000269,0,group_kfold,1,test,208,54,0,1,0.9985252414844475
group_kfold_LGBM_fold1,full,LGBM,V_raw,A0,T_main,0.000269,0,group_kfold,1,test,209,54,0,1,0.9989511655700262
group_kfold_LGBM_fold1,full,LGBM,V_raw,A0,T_main,0.000269,0,group_kfold,1,test,210,54,0,1,0.9993819301040728
group_kfold_LGBM_fold1,full,LGBM,V_raw,A0,T_main,0.000269,0,group_kfold,1,test,211,54,1,1,0.9999971322354486
group_kfold_LGBM_fold1,full,LGBM,V_raw,A0,T_main,0.000269,0,group_kfold,1,test,212,54,1,1,0.999997034477951
group_kfold_LGBM_fold1,full,LGBM,V_raw,A0,T_main,0.000269,0,group_kfold,1,test,213,54,0,1,0.9086944360811392
group_kfold_LGBM_fold1,full,LGBM,V_raw,A0,T_main,0.000269,0,group_kfold,1,test,214,54,0,1,0.9985252414844475
group_kfold_LGBM_fold1,full,LGBM,V_raw,A0,T_main,0.000269,0,group_kfold,1,test,215,54,0,1,0.9989511655700262
group_kfold_LGBM_fold1,full,LGBM,V_raw,A0,T_main,0.000269,0,group_kfold,1,test,216,54,1,1,0.9993819301040728
group_kfold_LGBM_fold1,full,LGBM,V_raw,A0,T_main,0.000269,0,group_kfold,1,test,217,54,1,1,0.9999971322354486
group_kfold_LGBM_fold1,full,LGBM,V_raw,A0,T_main,0.000269,0,group_kfold,1,test,218,54,1,1,0.999997034477951
group_kfold_LGBM_fold1,full,LGBM,V_raw,A0,T_main,0.000269,0,group_kfold,1,test,219,54,0,1,0.9086944360811392
group_kfold_LGBM_fold1,full,LGBM,V_raw,A0,T_main,0.000269,0,group_kfold,1,test,220,54,0,1,0.9985252414844475
group_kfold_LGBM_fold1,full,LGBM,V_raw,A0,T_main,0.000269,0,group_kfold,1,test,221,54,0,1,0.9989511655700262
group_kfold_LGBM_fold1,full,LGBM,V_raw,A0,T_main,0.000269,0,group_kfold,1,test,222,54,0,1,0.9993819301040728
group_kfold_LGBM_fold1,full,LGBM,V_raw,A0,T_main,0.000269,0,group_kfold,1,test,223,54,1,1,0.9999971322354486
group_kfold_LGBM_fold1,full,LGBM,V_raw,A0,T_main,0.000269,0,group_kfold,1,test,224,54,1,1,0.999997034477951
group_kfold_CB_fold1,full,CB,V_raw,A0,T_main,0.000269,0,group_kfold,1,test,2,1,0,0,0.0049051261341235
group_kfold_CB_fold1,full,CB,V_raw,A0,T_main,0.000269,0,group_kfold,1,test,3,1,1,1,0.517975232588607
group_kfold_CB_fold1,full,CB,V_raw,A0,T_main,0.000269,0,group_kfold,1,test,4,1,1,1,0.9042596176691634
group_kfold_CB_fold1,full,CB,V_raw,A0,T_main,0.000269,0,group_kfold,1,test,5,1,1,1,0.6853516469791142
group_kfold_CB_fold1,full,CB,V_raw,A0,T_main,0.000269,0,group_kfold,1,test,6,1,1,0,0.1663313034268183
group_kfold_CB_fold1,full,CB,V_raw,A0,T_main,0.000269,0,group_kfold,1,test,7,1,1,0,0.1317362241792699
group_kfold_CB_fold1,full,CB,V_raw,A0,T_main,0.000269,0,group_kfold,1,test,11,4,0,0,0.0215310960810468
group_kfold_CB_fold1,full,CB,V_raw,A0,T_main,0.000269,0,group_kfold,1,test,12,4,0,0,0.0050129606106509
group_kfold_CB_fold1,full,CB,V_raw,A0,T_main,0.000269,0,group_kfold,1,test,13,4,0,0,0.0103179944968947
group_kfold_CB_fold1,full,CB,V_raw,A0,T_main,0.000269,0,group_kfold,1,test,14,4,0,0,0.0454410745184289
group_kfold_CB_fold1,full,CB,V_raw,A0,T_main,0.000269,0,group_kfold,1,test,15,4,0,0,0.0440003278161123
group_kfold_CB_fold1,full,CB,V_raw,A0,T_main,0.000269,0,group_kfold,1,test,20,8,1,1,0.9147730213799372
group_kfold_CB_fold1,full,CB,V_raw,A0,T_main,0.000269,0,group_kfold,1,test,33,15,0,0,0.0459845689692321
group_kfold_CB_fold1,full,CB,V_raw,A0,T_main,0.000269,0,group_kfold,1,test,34,15,0,0,0.0008429687172754
group_kfold_CB_fold1,full,CB,V_raw,A0,T_main,0.000269,0,group_kfold,1,test,61,24,0,1,0.5810267383694306
group_kfold_CB_fold1,full,CB,V_raw,A0,T_main,0.000269,0,group_kfold,1,test,62,24,0,1,0.7092378065236428
group_kfold_CB_fold1,full,CB,V_raw,A0,T_main,0.000269,0,group_kfold,1,test,63,24,1,0,0.2312675498598217
group_kfold_CB_fold1,full,CB,V_raw,A0,T_main,0.000269,0,group_kfold,1,test,64,24,1,1,0.8874469393070716
group_kfold_CB_fold1,full,CB,V_raw,A0,T_main,0.000269,0,group_kfold,1,test,73,27,0,0,0.1581651526206798
group_kfold_CB_fold1,full,CB,V_raw,A0,T_main,0.000269,0,group_kfold,1,test,74,27,0,0,0.1008142125169806
group_kfold_CB_fold1,full,CB,V_raw,A0,T_main,0.000269,0,group_kfold,1,test,75,27,0,0,0.0819985991412642
group_kfold_CB_fold1,full,CB,V_raw,A0,T_main,0.000269,0,group_kfold,1,test,76,27,0,0,0.0032935854796655
group_kfold_CB_fold1,full,CB,V_raw,A0,T_main,0.000269,0,group_kfold,1,test,82,29,1,1,0.720679960701599
group_kfold_CB_fold1,full,CB,V_raw,A0,T_main,0.000269,0,group_kfold,1,test,175,44,1,0,0.2972756732318492
group_kfold_CB_fold1,full,CB,V_raw,A0,T_main,0.000269,0,group_kfold,1,test,176,44,1,1,0.6263140693478786
group_kfold_CB_fold1,full,CB,V_raw,A0,T_main,0.000269,0,group_kfold,1,test,177,44,1,1,0.7516449488569233
group_kfold_CB_fold1,full,CB,V_raw,A0,T_main,0.000269,0,group_kfold,1,test,207,54,0,1,0.8294121939858831
group_kfold_CB_fold1,full,CB,V_raw,A0,T_main,0.000269,0,group_kfold,1,test,208,54,0,1,0.9671841451458184
group_kfold_CB_fold1,full,CB,V_raw,A0,T_main,0.000269,0,group_kfold,1,test,209,54,0,1,0.973849087770584
group_kfold_CB_fold1,full,CB,V_raw,A0,T_main,0.000269,0,group_kfold,1,test,210,54,0,1,0.9168930065947452
group_kfold_CB_fold1,full,CB,V_raw,A0,T_main,0.000269,0,group_kfold,1,test,211,54,1,1,0.9921631654750188
group_kfold_CB_fold1,full,CB,V_raw,A0,T_main,0.000269,0,group_kfold,1,test,212,54,1,1,0.9926515683492816
group_kfold_CB_fold1,full,CB,V_raw,A0,T_main,0.000269,0,group_kfold,1,test,213,54,0,1,0.8294121939858831
group_kfold_CB_fold1,full,CB,V_raw,A0,T_main,0.000269,0,group_kfold,1,test,214,54,0,1,0.9671841451458184
group_kfold_CB_fold1,full,CB,V_raw,A0,T_main,0.000269,0,group_kfold,1,test,215,54,0,1,0.973849087770584
group_kfold_CB_fold1,full,CB,V_raw,A0,T_main,0.000269,0,group_kfold,1,test,216,54,1,1,0.9168930065947452
group_kfold_CB_fold1,full,CB,V_raw,A0,T_main,0.000269,0,group_kfold,1,test,217,54,1,1,0.9921631654750188
group_kfold_CB_fold1,full,CB,V_raw,A0,T_main,0.000269,0,group_kfold,1,test,218,54,1,1,0.9926515683492816
group_kfold_CB_fold1,full,CB,V_raw,A0,T_main,0.000269,0,group_kfold,1,test,219,54,0,1,0.8294121939858831
group_kfold_CB_fold1,full,CB,V_raw,A0,T_main,0.000269,0,group_kfold,1,test,220,54,0,1,0.9671841451458184
group_kfold_CB_fold1,full,CB,V_raw,A0,T_main,0.000269,0,group_kfold,1,test,221,54,0,1,0.973849087770584
group_kfold_CB_fold1,full,CB,V_raw,A0,T_main,0.000269,0,group_kfold,1,test,222,54,0,1,0.9168930065947452
group_kfold_CB_fold1,full,CB,V_raw,A0,T_main,0.000269,0,group_kfold,1,test,223,54,1,1,0.9921631654750188
group_kfold_CB_fold1,full,CB,V_raw,A0,T_main,0.000269,0,group_kfold,1,test,224,54,1,1,0.9926515683492816
group_kfold_DT_fold2,full,DT,V_raw,A0,T_main,0.000269,0,group_kfold,2,test,9,3,0,0,0.0
group_kfold_DT_fold2,full,DT,V_raw,A0,T_main,0.000269,0,group_kfold,2,test,10,3,0,1,1.0
group_kfold_DT_fold2,full,DT,V_raw,A0,T_main,0.000269,0,group_kfold,2,test,19,7,0,0,0.0
group_kfold_DT_fold2,full,DT,V_raw,A0,T_main,0.000269,0,group_kfold,2,test,23,11,0,0,0.0
group_kfold_DT_fold2,full,DT,V_raw,A0,T_main,0.000269,0,group_kfold,2,test,24,11,0,0,0.0
group_kfold_DT_fold2,full,DT,V_raw,A0,T_main,0.000269,0,group_kfold,2,test,25,11,1,1,1.0
group_kfold_DT_fold2,full,DT,V_raw,A0,T_main,0.000269,0,group_kfold,2,test,26,11,1,1,1.0
group_kfold_DT_fold2,full,DT,V_raw,A0,T_main,0.000269,0,group_kfold,2,test,27,11,1,1,1.0
group_kfold_DT_fold2,full,DT,V_raw,A0,T_main,0.000269,0,group_kfold,2,test,28,11,1,1,1.0
group_kfold_DT_fold2,full,DT,V_raw,A0,T_main,0.000269,0,group_kfold,2,test,29,11,1,1,1.0
group_kfold_DT_fold2,full,DT,V_raw,A0,T_main,0.000269,0,group_kfold,2,test,31,13,0,1,1.0
group_kfold_DT_fold2,full,DT,V_raw,A0,T_main,0.000269,0,group_kfold,2,test,39,18,0,1,1.0
group_kfold_DT_fold2,full,DT,V_raw,A0,T_main,0.000269,0,group_kfold,2,test,40,18,0,1,1.0
group_kfold_DT_fold2,full,DT,V_raw,A0,T_main,0.000269,0,group_kfold,2,test,41,18,1,1,1.0
group_kfold_DT_fold2,full,DT,V_raw,A0,T_main,0.000269,0,group_kfold,2,test,46,20,0,1,1.0
group_kfold_DT_fold2,full,DT,V_raw,A0,T_main,0.000269,0,group_kfold,2,test,47,20,0,1,1.0
group_kfold_DT_fold2,full,DT,V_raw,A0,T_main,0.000269,0,group_kfold,2,test,48,20,0,1,1.0
group_kfold_DT_fold2,full,DT,V_raw,A0,T_main,0.000269,0,group_kfold,2,test,49,20,0,1,1.0
group_kfold_DT_fold2,full,DT,V_raw,A0,T_main,0.000269,0,group_kfold,2,test,50,20,0,1,1.0
group_kfold_DT_fold2,full,DT,V_raw,A0,T_main,0.000269,0,group_kfold,2,test,89,31,0,0,0.0
group_kfold_DT_fold2,full,DT,V_raw,A0,T_main,0.000269,0,group_kfold,2,test,90,31,0,0,0.0
group_kfold_DT_fold2,full,DT,V_raw,A0,T_main,0.000269,0,group_kfold,2,test,91,31,0,1,1.0
group_kfold_DT_fold2,full,DT,V_raw,A0,T_main,0.000269,0,group_kfold,2,test,92,31,1,1,1.0
group_kfold_DT_fold2,full,DT,V_raw,A0,T_main,0.000269,0,group_kfold,2,test,93,31,1,1,1.0
group_kfold_DT_fold2,full,DT,V_raw,A0,T_main,0.000269,0,group_kfold,2,test,94,31,1,1,1.0
group_kfold_DT_fold2,full,DT,V_raw,A0,T_main,0.000269,0,group_kfold,2,test,95,31,1,1,1.0
group_kfold_DT_fold2,full,DT,V_raw,A0,T_main,0.000269,0,group_kfold,2,test,96,31,1,1,1.0
group_kfold_DT_fold2,full,DT,V_raw,A0,T_main,0.000269,0,group_kfold,2,test,97,31,1,1,1.0
group_kfold_DT_fold2,full,DT,V_raw,A0,T_main,0.000269,0,group_kfold,2,test,98,31,1,1,1.0
group_kfold_DT_fold2,full,DT,V_raw,A0,T_main,0.000269,0,group_kfold,2,test,123,34,0,0,0.0
group_kfold_DT_fold2,full,DT,V_raw,A0,T_main,0.000269,0,group_kfold,2,test,124,34,0,1,1.0
group_kfold_DT_fold2,full,DT,V_raw,A0,T_main,0.000269,0,group_kfold,2,test,125,34,1,1,1.0
group_kfold_DT_fold2,full,DT,V_raw,A0,T_main,0.000269,0,group_kfold,2,test,126,34,1,1,1.0
group_kfold_DT_fold2,full,DT,V_raw,A0,T_main,0.000269,0,group_kfold,2,test,127,34,1,1,1.0
group_kfold_DT_fold2,full,DT,V_raw,A0,T_main,0.000269,0,group_kfold,2,test,128,34,0,1,1.0
group_kfold_DT_fold2,full,DT,V_raw,A0,T_main,0.000269,0,group_kfold,2,test,142,37,1,1,1.0
group_kfold_DT_fold2,full,DT,V_raw,A0,T_main,0.000269,0,group_kfold,2,test,143,37,1,1,1.0
group_kfold_DT_fold2,full,DT,V_raw,A0,T_main,0.000269,0,group_kfold,2,test,144,37,1,1,1.0
group_kfold_DT_fold2,full,DT,V_raw,A0,T_main,0.000269,0,group_kfold,2,test,145,37,1,0,0.0
group_kfold_DT_fold2,full,DT,V_raw,A0,T_main,0.000269,0,group_kfold,2,test,182,46,1,1,1.0
group_kfold_DT_fold2,full,DT,V_raw,A0,T_main,0.000269,0,group_kfold,2,test,199,50,1,1,1.0
group_kfold_DT_fold2,full,DT,V_raw,A0,T_main,0.000269,0,group_kfold,2,test,200,50,0,1,1.0
group_kfold_DT_fold2,full,DT,V_raw,A0,T_main,0.000269,0,group_kfold,2,test,201,50,0,1,1.0
group_kfold_DT_fold2,full,DT,V_raw,A0,T_main,0.000269,0,group_kfold,2,test,202,50,0,0,0.0
group_kfold_RF_fold2,full,RF,V_raw,A0,T_main,0.000269,0,group_kfold,2,test,9,3,0,0,0.05
group_kfold_RF_fold2,full,RF,V_raw,A0,T_main,0.000269,0,group_kfold,2,test,10,3,0,1,0.6133333333333333
group_kfold_RF_fold2,full,RF,V_raw,A0,T_main,0.000269,0,group_kfold,2,test,19,7,0,0,0.3766666666666666
group_kfold_RF_fold2,full,RF,V_raw,A0,T_main,0.000269,0,group_kfold,2,test,23,11,0,0,0.4333333333333333
group_kfold_RF_fold2,full,RF,V_raw,A0,T_main,0.000269,0,group_kfold,2,test,24,11,0,0,0.4833333333333333
group_kfold_RF_fold2,full,RF,V_raw,A0,T_main,0.000269,0,group_kfold,2,test,25,11,1,1,0.8819603174603173
group_kfold_RF_fold2,full,RF,V_raw,A0,T_main,0.000269,0,group_kfold,2,test,26,11,1,1,0.8850158730158729
group_kfold_RF_fold2,full,RF,V_raw,A0,T_main,0.000269,0,group_kfold,2,test,27,11,1,1,0.774420634920635
group_kfold_RF_fold2,full,RF,V_raw,A0,T_main,0.000269,0,group_kfold,2,test,28,11,1,1,0.7510873015873016
group_kfold_RF_fold2,full,RF,V_raw,A0,T_main,0.000269,0,group_kfold,2,test,29,11,1,1,0.7510873015873016
group_kfold_RF_fold2,full,RF,V_raw,A0,T_main,0.000269,0,group_kfold,2,test,31,13,0,1,0.7736666666666666
group_kfold_RF_fold2,full,RF,V_raw,A0,T_main,0.000269,0,group_kfold,2,test,39,18,0,1,0.9133333333333332
group_kfold_RF_fold2,full,RF,V_raw,A0,T_main,0.000269,0,group_kfold,2,test,40,18,0,1,0.9133333333333332
group_kfold_RF_fold2,full,RF,V_raw,A0,T_main,0.000269,0,group_kfold,2,test,41,18,1,1,0.9133333333333332
group_kfold_RF_fold2,full,RF,V_raw,A0,T_main,0.000269,0,group_kfold,2,test,46,20,0,1,0.61
group_kfold_RF_fold2,full,RF,V_raw,A0,T_main,0.000269,0,group_kfold,2,test,47,20,0,1,0.7033333333333334
group_kfold_RF_fold2,full,RF,V_raw,A0,T_main,0.000269,0,group_kfold,2,test,48,20,0,1,0.902873015873016
group_kfold_RF_fold2,full,RF,V_raw,A0,T_main,0.000269,0,group_kfold,2,test,49,20,0,1,0.8964285714285715
group_kfold_RF_fold2,full,RF,V_raw,A0,T_main,0.000269,0,group_kfold,2,test,50,20,0,1,0.855
group_kfold_RF_fold2,full,RF,V_raw,A0,T_main,0.000269,0,group_kfold,2,test,89,31,0,0,0.09
group_kfold_RF_fold2,full,RF,V_raw,A0,T_main,0.000269,0,group_kfold,2,test,90,31,0,0,0.3166666666666666
group_kfold_RF_fold2,full,RF,V_raw,A0,T_main,0.000269,0,group_kfold,2,test,91,31,0,1,0.55
group_kfold_RF_fold2,full,RF,V_raw,A0,T_main,0.000269,0,group_kfold,2,test,92,31,1,1,0.6333333333333333
group_kfold_RF_fold2,full,RF,V_raw,A0,T_main,0.000269,0,group_kfold,2,test,93,31,1,1,0.7891190476190477
group_kfold_RF_fold2,full,RF,V_raw,A0,T_main,0.000269,0,group_kfold,2,test,94,31,1,1,0.7973333333333333
group_kfold_RF_fold2,full,RF,V_raw,A0,T_main,0.000269,0,group_kfold,2,test,95,31,1,1,0.7323333333333334
group_kfold_RF_fold2,full,RF,V_raw,A0,T_main,0.000269,0,group_kfold,2,test,96,31,1,1,0.7090000000000001
group_kfold_RF_fold2,full,RF,V_raw,A0,T_main,0.000269,0,group_kfold,2,test,97,31,1,1,0.7090000000000001
group_kfold_RF_fold2,full,RF,V_raw,A0,T_main,0.000269,0,group_kfold,2,test,98,31,1,1,0.7891190476190477
group_kfold_RF_fold2,full,RF,V_raw,A0,T_main,0.000269,0,group_kfold,2,test,123,34,0,0,0.09
group_kfold_RF_fold2,full,RF,V_raw,A0,T_main,0.000269,0,group_kfold,2,test,124,34,0,0,0.4266666666666667
group_kfold_RF_fold2,full,RF,V_raw,A0,T_main,0.000269,0,group_kfold,2,test,125,34,1,1,0.94
group_kfold_RF_fold2,full,RF,V_raw,A0,T_main,0.000269,0,group_kfold,2,test,126,34,1,1,0.9733333333333334
group_kfold_RF_fold2,full,RF,V_raw,A0,T_main,0.000269,0,group_kfold,2,test,127,34,1,1,0.94
group_kfold_RF_fold2,full,RF,V_raw,A0,T_main,0.000269,0,group_kfold,2,test,128,34,0,1,0.6466666666666666
group_kfold_RF_fold2,full,RF,V_raw,A0,T_main,0.000269,0,group_kfold,2,test,142,37,1,1,0.8942063492063493
group_kfold_RF_fold2,full,RF,V_raw,A0,T_main,0.000269,0,group_kfold,2,test,143,37,1,1,0.8392063492063493
group_kfold_RF_fold2,full,RF,V_raw,A0,T_main,0.000269,0,group_kfold,2,test,144,37,1,1,0.7744444444444445
group_kfold_RF_fold2,full,RF,V_raw,A0,T_main,0.000269,0,group_kfold,2,test,145,37,1,1,0.6411111111111111
group_kfold_RF_fold2,full,RF,V_raw,A0,T_main,0.000269,0,group_kfold,2,test,182,46,1,1,0.5633333333333334
group_kfold_RF_fold2,full,RF,V_raw,A0,T_main,0.000269,0,group_kfold,2,test,199,50,1,0,0.41
group_kfold_RF_fold2,full,RF,V_raw,A0,T_main,0.000269,0,group_kfold,2,test,200,50,0,0,0.4718888888888888
group_kfold_RF_fold2,full,RF,V_raw,A0,T_main,0.000269,0,group_kfold,2,test,201,50,0,0,0.4785555555555555
group_kfold_RF_fold2,full,RF,V_raw,A0,T_main,0.000269,0,group_kfold,2,test,202,50,0,0,0.3511111111111111
group_kfold_LGBM_fold2,full,LGBM,V_raw,A0,T_main,0.000269,0,group_kfold,2,test,9,3,0,0,9.927837694385998e-05
group_kfold_LGBM_fold2,full,LGBM,V_raw,A0,T_main,0.000269,0,group_kfold,2,test,10,3,0,1,0.8759125081609641
group_kfold_LGBM_fold2,full,LGBM,V_raw,A0,T_main,0.000269,0,group_kfold,2,test,19,7,0,0,0.1264483084654721
group_kfold_LGBM_fold2,full,LGBM,V_raw,A0,T_main,0.000269,0,group_kfold,2,test,23,11,0,1,0.6208185853265239
group_kfold_LGBM_fold2,full,LGBM,V_raw,A0,T_main,0.000269,0,group_kfold,2,test,24,11,0,1,0.8362391609016001
group_kfold_LGBM_fold2,full,LGBM,V_raw,A0,T_main,0.000269,0,group_kfold,2,test,25,11,1,1,0.999960543702201
group_kfold_LGBM_fold2,full,LGBM,V_raw,A0,T_main,0.000269,0,group_kfold,2,test,26,11,1,1,0.9998941360664698
group_kfold_LGBM_fold2,full,LGBM,V_raw,A0,T_main,0.000269,0,group_kfold,2,test,27,11,1,1,0.9458539258634188
group_kfold_LGBM_fold2,full,LGBM,V_raw,A0,T_main,0.000269,0,group_kfold,2,test,28,11,1,1,0.7066499844468848
group_kfold_LGBM_fold2,full,LGBM,V_raw,A0,T_main,0.000269,0,group_kfold,2,test,29,11,1,1,0.7066499844468848
group_kfold_LGBM_fold2,full,LGBM,V_raw,A0,T_main,0.000269,0,group_kfold,2,test,31,13,0,1,0.997794882450641
group_kfold_LGBM_fold2,full,LGBM,V_raw,A0,T_main,0.000269,0,group_kfold,2,test,39,18,0,1,0.999967573958092
group_kfold_LGBM_fold2,full,LGBM,V_raw,A0,T_main,0.000269,0,group_kfold,2,test,40,18,0,1,0.999967573958092
group_kfold_LGBM_fold2,full,LGBM,V_raw,A0,T_main,0.000269,0,group_kfold,2,test,41,18,1,1,0.999967573958092
group_kfold_LGBM_fold2,full,LGBM,V_raw,A0,T_main,0.000269,0,group_kfold,2,test,46,20,0,1,0.982378958124464
group_kfold_LGBM_fold2,full,LGBM,V_raw,A0,T_main,0.000269,0,group_kfold,2,test,47,20,0,1,0.9956059399850334
group_kfold_LGBM_fold2,full,LGBM,V_raw,A0,T_main,0.000269,0,group_kfold,2,test,48,20,0,1,0.999994350884639
group_kfold_LGBM_fold2,full,LGBM,V_raw,A0,T_main,0.000269,0,group_kfold,2,test,49,20,0,1,0.9999852837062536
group_kfold_LGBM_fold2,full,LGBM,V_raw,A0,T_main,0.000269,0,group_kfold,2,test,50,20,0,1,0.9860237070770148
group_kfold_LGBM_fold2,full,LGBM,V_raw,A0,T_main,0.000269,0,group_kfold,2,test,89,31,0,0,0.0002860289959451
group_kfold_LGBM_fold2,full,LGBM,V_raw,A0,T_main,0.000269,0,group_kfold,2,test,90,31,0,0,0.0102945319890745
group_kfold_LGBM_fold2,full,LGBM,V_raw,A0,T_main,0.000269,0,group_kfold,2,test,91,31,0,1,0.7275868742978551
group_kfold_LGBM_fold2,full,LGBM,V_raw,A0,T_main,0.000269,0,group_kfold,2,test,92,31,1,1,0.9605194566200864
group_kfold_LGBM_fold2,full,LGBM,V_raw,A0,T_main,0.000269,0,group_kfold,2,test,93,31,1,1,0.9999736790270796
group_kfold_LGBM_fold2,full,LGBM,V_raw,A0,T_main,0.000269,0,group_kfold,2,test,94,31,1,1,0.9999814317999928
group_kfold_LGBM_fold2,full,LGBM,V_raw,A0,T_main,0.000269,0,group_kfold,2,test,95,31,1,1,0.9727555853771672
group_kfold_LGBM_fold2,full,LGBM,V_raw,A0,T_main,0.000269,0,group_kfold,2,test,96,31,1,1,0.7613065922823156
group_kfold_LGBM_fold2,full,LGBM,V_raw,A0,T_main,0.000269,0,group_kfold,2,test,97,31,1,1,0.7613065922823156
group_kfold_LGBM_fold2,full,LGBM,V_raw,A0,T_main,0.000269,0,group_kfold,2,test,98,31,1,1,0.9999736790270796
group_kfold_LGBM_fold2,full,LGBM,V_raw,A0,T_main,0.000269,0,group_kfold,2,test,123,34,0,0,1.1895447575654206e-05
group_kfold_LGBM_fold2,full,LGBM,V_raw,A0,T_main,0.000269,0,group_kfold,2,test,124,34,0,0,0.0361277753294273
group_kfold_LGBM_fold2,full,LGBM,V_raw,A0,T_main,0.000269,0,group_kfold,2,test,125,34,1,1,0.9999683948648512
group_kfold_LGBM_fold2,full,LGBM,V_raw,A0,T_main,0.000269,0,group_kfold,2,test,126,34,1,1,0.9999994460342008
group_kfold_LGBM_fold2,full,LGBM,V_raw,A0,T_main,0.000269,0,group_kfold,2,test,127,34,1,1,0.9999991035633417
group_kfold_LGBM_fold2,full,LGBM,V_raw,A0,T_main,0.000269,0,group_kfold,2,test,128,34,0,1,0.8340828333023151
group_kfold_LGBM_fold2,full,LGBM,V_raw,A0,T_main,0.000269,0,group_kfold,2,test,142,37,1,1,0.9999813616682942
group_kfold_LGBM_fold2,full,LGBM,V_raw,A0,T_main,0.000269,0,group_kfold,2,test,143,37,1,1,0.9999487545749663
group_kfold_LGBM_fold2,full,LGBM,V_raw,A0,T_main,0.000269,0,group_kfold,2,test,144,37,1,1,0.9738613298777408
group_kfold_LGBM_fold2,full,LGBM,V_raw,A0,T_main,0.000269,0,group_kfold,2,test,145,37,1,0,0.1854129585773321
group_kfold_LGBM_fold2,full,LGBM,V_raw,A0,T_main,0.000269,0,group_kfold,2,test,182,46,1,1,0.9998434638235624
group_kfold_LGBM_fold2,full,LGBM,V_raw,A0,T_main,0.000269,0,group_kfold,2,test,199,50,1,0,0.3318428098868208
group_kfold_LGBM_fold2,full,LGBM,V_raw,A0,T_main,0.000269,0,group_kfold,2,test,200,50,0,0,0.0015533300285583
group_kfold_LGBM_fold2,full,LGBM,V_raw,A0,T_main,0.000269,0,group_kfold,2,test,201,50,0,0,0.0079892676386332
group_kfold_LGBM_fold2,full,LGBM,V_raw,A0,T_main,0.000269,0,group_kfold,2,test,202,50,0,0,0.0034140499297212
group_kfold_CB_fold2,full,CB,V_raw,A0,T_main,0.000269,0,group_kfold,2,test,9,3,0,0,0.020510102773276
group_kfold_CB_fold2,full,CB,V_raw,A0,T_main,0.000269,0,group_kfold,2,test,10,3,0,1,0.922735727207916
group_kfold_CB_fold2,full,CB,V_raw,A0,T_main,0.000269,0,group_kfold,2,test,19,7,0,0,0.4110580658315634
group_kfold_CB_fold2,full,CB,V_raw,A0,T_main,0.000269,0,group_kfold,2,test,23,11,0,1,0.7234926176161391
group_kfold_CB_fold2,full,CB,V_raw,A0,T_main,0.000269,0,group_kfold,2,test,24,11,0,1,0.7470437324957997
group_kfold_CB_fold2,full,CB,V_raw,A0,T_main,0.000269,0,group_kfold,2,test,25,11,1,1,0.9866574081438793
group_kfold_CB_fold2,full,CB,V_raw,A0,T_main,0.000269,0,group_kfold,2,test,26,11,1,1,0.9644860921488694
group_kfold_CB_fold2,full,CB,V_raw,A0,T_main,0.000269,0,group_kfold,2,test,27,11,1,1,0.8745155567482713
group_kfold_CB_fold2,full,CB,V_raw,A0,T_main,0.000269,0,group_kfold,2,test,28,11,1,1,0.8324842857012594
group_kfold_CB_fold2,full,CB,V_raw,A0,T_main,0.000269,0,group_kfold,2,test,29,11,1,1,0.8324842857012594
group_kfold_CB_fold2,full,CB,V_raw,A0,T_main,0.000269,0,group_kfold,2,test,31,13,0,1,0.987491511506196
group_kfold_CB_fold2,full,CB,V_raw,A0,T_main,0.000269,0,group_kfold,2,test,39,18,0,1,0.9461949981344624
group_kfold_CB_fold2,full,CB,V_raw,A0,T_main,0.000269,0,group_kfold,2,test,40,18,0,1,0.9461949981344624
group_kfold_CB_fold2,full,CB,V_raw,A0,T_main,0.000269,0,group_kfold,2,test,41,18,1,1,0.9461949981344624
group_kfold_CB_fold2,full,CB,V_raw,A0,T_main,0.000269,0,group_kfold,2,test,46,20,0,1,0.8751286525300919
group_kfold_CB_fold2,full,CB,V_raw,A0,T_main,0.000269,0,group_kfold,2,test,47,20,0,1,0.8852752794449645
group_kfold_CB_fold2,full,CB,V_raw,A0,T_main,0.000269,0,group_kfold,2,test,48,20,0,1,0.989039566875431
group_kfold_CB_fold2,full,CB,V_raw,A0,T_main,0.000269,0,group_kfold,2,test,49,20,0,1,0.9686197653269606
group_kfold_CB_fold2,full,CB,V_raw,A0,T_main,0.000269,0,group_kfold,2,test,50,20,0,1,0.8998114216866465
group_kfold_CB_fold2,full,CB,V_raw,A0,T_main,0.000269,0,group_kfold,2,test,89,31,0,0,0.0060818160593832
group_kfold_CB_fold2,full,CB,V_raw,A0,T_main,0.000269,0,group_kfold,2,test,90,31,0,0,0.0533497791742665
group_kfold_CB_fold2,full,CB,V_raw,A0,T_main,0.000269,0,group_kfold,2,test,91,31,0,1,0.6251199095160697
group_kfold_CB_fold2,full,CB,V_raw,A0,T_main,0.000269,0,group_kfold,2,test,92,31,1,1,0.6752366806201275
group_kfold_CB_fold2,full,CB,V_raw,A0,T_main,0.000269,0,group_kfold,2,test,93,31,1,1,0.9679818794530722
group_kfold_CB_fold2,full,CB,V_raw,A0,T_main,0.000269,0,group_kfold,2,test,94,31,1,1,0.9170561787921953
group_kfold_CB_fold2,full,CB,V_raw,A0,T_main,0.000269,0,group_kfold,2,test,95,31,1,1,0.7685446244509444
group_kfold_CB_fold2,full,CB,V_raw,A0,T_main,0.000269,0,group_kfold,2,test,96,31,1,1,0.6722885227567332
group_kfold_CB_fold2,full,CB,V_raw,A0,T_main,0.000269,0,group_kfold,2,test,97,31,1,1,0.6722885227567332
group_kfold_CB_fold2,full,CB,V_raw,A0,T_main,0.000269,0,group_kfold,2,test,98,31,1,1,0.9679818794530722
group_kfold_CB_fold2,full,CB,V_raw,A0,T_main,0.000269,0,group_kfold,2,test,123,34,0,0,0.0122432931019722
group_kfold_CB_fold2,full,CB,V_raw,A0,T_main,0.000269,0,group_kfold,2,test,124,34,0,0,0.1400267093404653
group_kfold_CB_fold2,full,CB,V_raw,A0,T_main,0.000269,0,group_kfold,2,test,125,34,1,1,0.9851717933073448
group_kfold_CB_fold2,full,CB,V_raw,A0,T_main,0.000269,0,group_kfold,2,test,126,34,1,1,0.9899954626603292
group_kfold_CB_fold2,full,CB,V_raw,A0,T_main,0.000269,0,group_kfold,2,test,127,34,1,1,0.9965771257716278
group_kfold_CB_fold2,full,CB,V_raw,A0,T_main,0.000269,0,group_kfold,2,test,128,34,0,0,0.3486766848876614
group_kfold_CB_fold2,full,CB,V_raw,A0,T_main,0.000269,0,group_kfold,2,test,142,37,1,1,0.992978512456077
group_kfold_CB_fold2,full,CB,V_raw,A0,T_main,0.000269,0,group_kfold,2,test,143,37,1,1,0.995729910209214
group_kfold_CB_fold2,full,CB,V_raw,A0,T_main,0.000269,0,group_kfold,2,test,144,37,1,1,0.9896816422180108
group_kfold_CB_fold2,full,CB,V_raw,A0,T_main,0.000269,0,group_kfold,2,test,145,37,1,1,0.7228257524072158
group_kfold_CB_fold2,full,CB,V_raw,A0,T_main,0.000269,0,group_kfold,2,test,182,46,1,1,0.6660617710724697
group_kfold_CB_fold2,full,CB,V_raw,A0,T_main,0.000269,0,group_kfold,2,test,199,50,1,1,0.6264961898208984
group_kfold_CB_fold2,full,CB,V_raw,A0,T_main,0.000269,0,group_kfold,2,test,200,50,0,0,0.3530460198027426
group_kfold_CB_fold2,full,CB,V_raw,A0,T_main,0.000269,0,group_kfold,2,test,201,50,0,0,0.4435943722738262
group_kfold_CB_fold2,full,CB,V_raw,A0,T_main,0.000269,0,group_kfold,2,test,202,50,0,0,0.122516950372393
group_kfold_DT_fold3,full,DT,V_raw,A0,T_main,0.000269,0,group_kfold,3,test,17,6,1,0,0.0
group_kfold_DT_fold3,full,DT,V_raw,A0,T_main,0.000269,0,group_kfold,3,test,18,6,1,0,0.0
group_kfold_DT_fold3,full,DT,V_raw,A0,T_main,0.000269,0,group_kfold,3,test,30,12,0,0,0.0
group_kfold_DT_fold3,full,DT,V_raw,A0,T_main,0.000269,0,group_kfold,3,test,65,25,1,0,0.0
group_kfold_DT_fold3,full,DT,V_raw,A0,T_main,0.000269,0,group_kfold,3,test,66,25,0,0,0.0
group_kfold_DT_fold3,full,DT,V_raw,A0,T_main,0.000269,0,group_kfold,3,test,67,25,0,0,0.0
group_kfold_DT_fold3,full,DT,V_raw,A0,T_main,0.000269,0,group_kfold,3,test,68,25,0,0,0.0
group_kfold_DT_fold3,full,DT,V_raw,A0,T_main,0.000269,0,group_kfold,3,test,69,25,0,0,0.0
group_kfold_DT_fold3,full,DT,V_raw,A0,T_main,0.000269,0,group_kfold,3,test,70,25,0,0,0.0
group_kfold_DT_fold3,full,DT,V_raw,A0,T_main,0.000269,0,group_kfold,3,test,129,35,0,0,0.0
group_kfold_DT_fold3,full,DT,V_raw,A0,T_main,0.000269,0,group_kfold,3,test,130,35,0,1,1.0
group_kfold_DT_fold3,full,DT,V_raw,A0,T_main,0.000269,0,group_kfold,3,test,131,35,0,1,1.0
group_kfold_DT_fold3,full,DT,V_raw,A0,T_main,0.000269,0,group_kfold,3,test,132,35,0,1,1.0
group_kfold_DT_fold3,full,DT,V_raw,A0,T_main,0.000269,0,group_kfold,3,test,133,35,0,0,0.0
group_kfold_DT_fold3,full,DT,V_raw,A0,T_main,0.000269,0,group_kfold,3,test,146,38,1,1,1.0
group_kfold_DT_fold3,full,DT,V_raw,A0,T_main,0.000269,0,group_kfold,3,test,147,38,1,0,0.3333333333333333
group_kfold_DT_fold3,full,DT,V_raw,A0,T_main,0.000269,0,group_kfold,3,test,148,38,1,0,0.3333333333333333
group_kfold_DT_fold3,full,DT,V_raw,A0,T_main,0.000269,0,group_kfold,3,test,149,38,1,0,0.3333333333333333
group_kfold_DT_fold3,full,DT,V_raw,A0,T_main,0.000269,0,group_kfold,3,test,150,38,1,0,0.3333333333333333
group_kfold_DT_fold3,full,DT,V_raw,A0,T_main,0.000269,0,group_kfold,3,test,151,38,1,0,0.3333333333333333
group_kfold_DT_fold3,full,DT,V_raw,A0,T_main,0.000269,0,group_kfold,3,test,152,39,0,0,0.0
group_kfold_DT_fold3,full,DT,V_raw,A0,T_main,0.000269,0,group_kfold,3,test,153,40,1,1,1.0
group_kfold_DT_fold3,full,DT,V_raw,A0,T_main,0.000269,0,group_kfold,3,test,154,40,1,1,1.0
group_kfold_DT_fold3,full,DT,V_raw,A0,T_main,0.000269,0,group_kfold,3,test,155,40,1,1,1.0
group_kfold_DT_fold3,full,DT,V_raw,A0,T_main,0.000269,0,group_kfold,3,test,156,40,1,1,1.0
group_kfold_DT_fold3,full,DT,V_raw,A0,T_main,0.000269,0,group_kfold,3,test,157,40,1,1,1.0
group_kfold_DT_fold3,full,DT,V_raw,A0,T_main,0.000269,0,group_kfold,3,test,158,40,1,1,1.0
group_kfold_DT_fold3,full,DT,V_raw,A0,T_main,0.000269,0,group_kfold,3,test,159,40,1,1,1.0
group_kfold_DT_fold3,full,DT,V_raw,A0,T_main,0.000269,0,group_kfold,3,test,160,40,1,1,1.0
group_kfold_DT_fold3,full,DT,V_raw,A0,T_main,0.000269,0,group_kfold,3,test,161,40,1,1,1.0
group_kfold_DT_fold3,full,DT,V_raw,A0,T_main,0.000269,0,group_kfold,3,test,162,40,1,1,1.0
group_kfold_DT_fold3,full,DT,V_raw,A0,T_main,0.000269,0,group_kfold,3,test,183,47,0,0,0.0
group_kfold_DT_fold3,full,DT,V_raw,A0,T_main,0.000269,0,group_kfold,3,test,184,47,1,0,0.0
group_kfold_DT_fold3,full,DT,V_raw,A0,T_main,0.000269,0,group_kfold,3,test,185,47,1,0,0.0
group_kfold_DT_fold3,full,DT,V_raw,A0,T_main,0.000269,0,group_kfold,3,test,186,47,1,0,0.0
group_kfold_DT_fold3,full,DT,V_raw,A0,T_main,0.000269,0,group_kfold,3,test,187,47,0,0,0.0
group_kfold_DT_fold3,full,DT,V_raw,A0,T_main,0.000269,0,group_kfold,3,test,203,51,1,1,1.0
group_kfold_DT_fold3,full,DT,V_raw,A0,T_main,0.000269,0,group_kfold,3,test,204,51,0,1,1.0
group_kfold_DT_fold3,full,DT,V_raw,A0,T_main,0.000269,0,group_kfold,3,test,205,51,1,0,0.0
group_kfold_DT_fold3,full,DT,V_raw,A0,T_main,0.000269,0,group_kfold,3,test,225,55,1,1,1.0
group_kfold_DT_fold3,full,DT,V_raw,A0,T_main,0.000269,0,group_kfold,3,test,226,55,1,1,1.0
group_kfold_DT_fold3,full,DT,V_raw,A0,T_main,0.000269,0,group_kfold,3,test,227,55,1,1,1.0
group_kfold_DT_fold3,full,DT,V_raw,A0,T_main,0.000269,0,group_kfold,3,test,228,55,1,1,1.0
group_kfold_RF_fold3,full,RF,V_raw,A0,T_main,0.000269,0,group_kfold,3,test,17,6,1,1,0.6533333333333333
group_kfold_RF_fold3,full,RF,V_raw,A0,T_main,0.000269,0,group_kfold,3,test,18,6,1,1,0.6533333333333333
group_kfold_RF_fold3,full,RF,V_raw,A0,T_main,0.000269,0,group_kfold,3,test,30,12,0,0,0.2266666666666666
group_kfold_RF_fold3,full,RF,V_raw,A0,T_main,0.000269,0,group_kfold,3,test,65,25,1,0,0.0933333333333333
group_kfold_RF_fold3,full,RF,V_raw,A0,T_main,0.000269,0,group_kfold,3,test,66,25,0,0,0.0966666666666666
group_kfold_RF_fold3,full,RF,V_raw,A0,T_main,0.000269,0,group_kfold,3,test,67,25,0,0,0.1
group_kfold_RF_fold3,full,RF,V_raw,A0,T_main,0.000269,0,group_kfold,3,test,68,25,0,0,0.0966666666666666
group_kfold_RF_fold3,full,RF,V_raw,A0,T_main,0.000269,0,group_kfold,3,test,69,25,0,0,0.0666666666666666
group_kfold_RF_fold3,full,RF,V_raw,A0,T_main,0.000269,0,group_kfold,3,test,70,25,0,0,0.07
group_kfold_RF_fold3,full,RF,V_raw,A0,T_main,0.000269,0,group_kfold,3,test,129,35,0,0,0.0166666666666666
group_kfold_RF_fold3,full,RF,V_raw,A0,T_main,0.000269,0,group_kfold,3,test,130,35,0,1,0.5083333333333333
group_kfold_RF_fold3,full,RF,V_raw,A0,T_main,0.000269,0,group_kfold,3,test,131,35,0,0,0.4016666666666666
group_kfold_RF_fold3,full,RF,V_raw,A0,T_main,0.000269,0,group_kfold,3,test,132,35,0,0,0.3511111111111111
group_kfold_RF_fold3,full,RF,V_raw,A0,T_main,0.000269,0,group_kfold,3,test,133,35,0,0,0.16
group_kfold_RF_fold3,full,RF,V_raw,A0,T_main,0.000269,0,group_kfold,3,test,146,38,1,1,0.9505555555555556
group_kfold_RF_fold3,full,RF,V_raw,A0,T_main,0.000269,0,group_kfold,3,test,147,38,1,1,0.5837830687830686
group_kfold_RF_fold3,full,RF,V_raw,A0,T_main,0.000269,0,group_kfold,3,test,148,38,1,1,0.5837830687830686
group_kfold_RF_fold3,full,RF,V_raw,A0,T_main,0.000269,0,group_kfold,3,test,149,38,1,1,0.5837830687830686
group_kfold_RF_fold3,full,RF,V_raw,A0,T_main,0.000269,0,group_kfold,3,test,150,38,1,1,0.5837830687830686
group_kfold_RF_fold3,full,RF,V_raw,A0,T_main,0.000269,0,group_kfold,3,test,151,38,1,1,0.5594021164021162
group_kfold_RF_fold3,full,RF,V_raw,A0,T_main,0.000269,0,group_kfold,3,test,152,39,0,0,0.07
group_kfold_RF_fold3,full,RF,V_raw,A0,T_main,0.000269,0,group_kfold,3,test,153,40,1,0,0.4377777777777777
group_kfold_RF_fold3,full,RF,V_raw,A0,T_main,0.000269,0,group_kfold,3,test,154,40,1,1,0.5011111111111112
group_kfold_RF_fold3,full,RF,V_raw,A0,T_main,0.000269,0,group_kfold,3,test,155,40,1,1,0.5044444444444445
group_kfold_RF_fold3,full,RF,V_raw,A0,T_main,0.000269,0,group_kfold,3,test,156,40,1,1,0.5033333333333333
group_kfold_RF_fold3,full,RF,V_raw,A0,T_main,0.000269,0,group_kfold,3,test,157,40,1,1,0.51
group_kfold_RF_fold3,full,RF,V_raw,A0,T_main,0.000269,0,group_kfold,3,test,158,40,1,0,0.4444444444444443
group_kfold_RF_fold3,full,RF,V_raw,A0,T_main,0.000269,0,group_kfold,3,test,159,40,1,0,0.4944444444444444
group_kfold_RF_fold3,full,RF,V_raw,A0,T_main,0.000269,0,group_kfold,3,test,160,40,1,0,0.4911111111111111
group_kfold_RF_fold3,full,RF,V_raw,A0,T_main,0.000269,0,group_kfold,3,test,161,40,1,0,0.4877777777777778
group_kfold_RF_fold3,full,RF,V_raw,A0,T_main,0.000269,0,group_kfold,3,test,162,40,1,0,0.4911111111111111
group_kfold_RF_fold3,full,RF,V_raw,A0,T_main,0.000269,0,group_kfold,3,test,183,47,0,0,0.0588888888888888
group_kfold_RF_fold3,full,RF,V_raw,A0,T_main,0.000269,0,group_kfold,3,test,184,47,1,0,0.17
group_kfold_RF_fold3,full,RF,V_raw,A0,T_main,0.000269,0,group_kfold,3,test,185,47,1,0,0.3517222222222222
group_kfold_RF_fold3,full,RF,V_raw,A0,T_main,0.000269,0,group_kfold,3,test,186,47,1,0,0.196515873015873
group_kfold_RF_fold3,full,RF,V_raw,A0,T_main,0.000269,0,group_kfold,3,test,187,47,0,0,0.1212380952380952
group_kfold_RF_fold3,full,RF,V_raw,A0,T_main,0.000269,0,group_kfold,3,test,203,51,1,1,0.894206349206349
group_kfold_RF_fold3,full,RF,V_raw,A0,T_main,0.000269,0,group_kfold,3,test,204,51,0,1,0.6707777777777777
group_kfold_RF_fold3,full,RF,V_raw,A0,T_main,0.000269,0,group_kfold,3,test,205,51,1,0,0.1166666666666666
group_kfold_RF_fold3,full,RF,V_raw,A0,T_main,0.000269,0,group_kfold,3,test,225,55,1,1,0.6888333333333333
group_kfold_RF_fold3,full,RF,V_raw,A0,T_main,0.000269,0,group_kfold,3,test,226,55,1,1,0.6821666666666667
group_kfold_RF_fold3,full,RF,V_raw,A0,T_main,0.000269,0,group_kfold,3,test,227,55,1,1,0.6655
group_kfold_RF_fold3,full,RF,V_raw,A0,T_main,0.000269,0,group_kfold,3,test,228,55,1,1,0.5901428571428572
group_kfold_LGBM_fold3,full,LGBM,V_raw,A0,T_main,0.000269,0,group_kfold,3,test,17,6,1,1,0.9513250507605836
group_kfold_LGBM_fold3,full,LGBM,V_raw,A0,T_main,0.000269,0,group_kfold,3,test,18,6,1,1,0.9513250507605836
group_kfold_LGBM_fold3,full,LGBM,V_raw,A0,T_main,0.000269,0,group_kfold,3,test,30,12,0,1,0.5726382095386003
group_kfold_LGBM_fold3,full,LGBM,V_raw,A0,T_main,0.000269,0,group_kfold,3,test,65,25,1,0,0.0085776261030136
group_kfold_LGBM_fold3,full,LGBM,V_raw,A0,T_main,0.000269,0,group_kfold,3,test,66,25,0,0,0.0085776261030136
group_kfold_LGBM_fold3,full,LGBM,V_raw,A0,T_main,0.000269,0,group_kfold,3,test,67,25,0,0,0.0092775088025834
group_kfold_LGBM_fold3,full,LGBM,V_raw,A0,T_main,0.000269,0,group_kfold,3,test,68,25,0,0,0.0085776261030136
group_kfold_LGBM_fold3,full,LGBM,V_raw,A0,T_main,0.000269,0,group_kfold,3,test,69,25,0,0,0.0011492124497281
group_kfold_LGBM_fold3,full,LGBM,V_raw,A0,T_main,0.000269,0,group_kfold,3,test,70,25,0,0,0.0012584445567573
group_kfold_LGBM_fold3,full,LGBM,V_raw,A0,T_main,0.000269,0,group_kfold,3,test,129,35,0,0,0.0001318294908361
group_kfold_LGBM_fold3,full,LGBM,V_raw,A0,T_main,0.000269,0,group_kfold,3,test,130,35,0,0,0.183419526544661
group_kfold_LGBM_fold3,full,LGBM,V_raw,A0,T_main,0.000269,0,group_kfold,3,test,131,35,0,0,0.0929183433998379
group_kfold_LGBM_fold3,full,LGBM,V_raw,A0,T_main,0.000269,0,group_kfold,3,test,132,35,0,0,0.1313755892852035
group_kfold_LGBM_fold3,full,LGBM,V_raw,A0,T_main,0.000269,0,group_kfold,3,test,133,35,0,0,0.0032312982805874
group_kfold_LGBM_fold3,full,LGBM,V_raw,A0,T_main,0.000269,0,group_kfold,3,test,146,38,1,1,0.9777187451516256
group_kfold_LGBM_fold3,full,LGBM,V_raw,A0,T_main,0.000269,0,group_kfold,3,test,147,38,1,0,0.3617114306378928
group_kfold_LGBM_fold3,full,LGBM,V_raw,A0,T_main,0.000269,0,group_kfold,3,test,148,38,1,0,0.3617114306378928
group_kfold_LGBM_fold3,full,LGBM,V_raw,A0,T_main,0.000269,0,group_kfold,3,test,149,38,1,0,0.3617114306378928
group_kfold_LGBM_fold3,full,LGBM,V_raw,A0,T_main,0.000269,0,group_kfold,3,test,150,38,1,0,0.3617114306378928
group_kfold_LGBM_fold3,full,LGBM,V_raw,A0,T_main,0.000269,0,group_kfold,3,test,151,38,1,0,0.3617114306378928
group_kfold_LGBM_fold3,full,LGBM,V_raw,A0,T_main,0.000269,0,group_kfold,3,test,152,39,0,0,0.0045494937819091
group_kfold_LGBM_fold3,full,LGBM,V_raw,A0,T_main,0.000269,0,group_kfold,3,test,153,40,1,0,0.0461958055564038
group_kfold_LGBM_fold3,full,LGBM,V_raw,A0,T_main,0.000269,0,group_kfold,3,test,154,40,1,0,0.2863532416482548
group_kfold_LGBM_fold3,full,LGBM,V_raw,A0,T_main,0.000269,0,group_kfold,3,test,155,40,1,0,0.4966941759250458
group_kfold_LGBM_fold3,full,LGBM,V_raw,A0,T_main,0.000269,0,group_kfold,3,test,156,40,1,0,0.4966941759250458
group_kfold_LGBM_fold3,full,LGBM,V_raw,A0,T_main,0.000269,0,group_kfold,3,test,157,40,1,0,0.4966941759250458
group_kfold_LGBM_fold3,full,LGBM,V_raw,A0,T_main,0.000269,0,group_kfold,3,test,158,40,1,0,0.1345893700597786
group_kfold_LGBM_fold3,full,LGBM,V_raw,A0,T_main,0.000269,0,group_kfold,3,test,159,40,1,0,0.4273114828465848
group_kfold_LGBM_fold3,full,LGBM,V_raw,A0,T_main,0.000269,0,group_kfold,3,test,160,40,1,0,0.4933952123652235
group_kfold_LGBM_fold3,full,LGBM,V_raw,A0,T_main,0.000269,0,group_kfold,3,test,161,40,1,0,0.4933952123652235
group_kfold_LGBM_fold3,full,LGBM,V_raw,A0,T_main,0.000269,0,group_kfold,3,test,162,40,1,0,0.4933952123652235
group_kfold_LGBM_fold3,full,LGBM,V_raw,A0,T_main,0.000269,0,group_kfold,3,test,183,47,0,0,0.0031373771254907
group_kfold_LGBM_fold3,full,LGBM,V_raw,A0,T_main,0.000269,0,group_kfold,3,test,184,47,1,0,0.0149513705364216
group_kfold_LGBM_fold3,full,LGBM,V_raw,A0,T_main,0.000269,0,group_kfold,3,test,185,47,1,0,0.2592082281860368
group_kfold_LGBM_fold3,full,LGBM,V_raw,A0,T_main,0.000269,0,group_kfold,3,test,186,47,1,0,0.0479035995358828
group_kfold_LGBM_fold3,full,LGBM,V_raw,A0,T_main,0.000269,0,group_kfold,3,test,187,47,0,0,0.0021651211216867
group_kfold_LGBM_fold3,full,LGBM,V_raw,A0,T_main,0.000269,0,group_kfold,3,test,203,51,1,1,0.9944105846793048
group_kfold_LGBM_fold3,full,LGBM,V_raw,A0,T_main,0.000269,0,group_kfold,3,test,204,51,0,0,0.3418990534994138
group_kfold_LGBM_fold3,full,LGBM,V_raw,A0,T_main,0.000269,0,group_kfold,3,test,205,51,1,0,0.0129416977460271
group_kfold_LGBM_fold3,full,LGBM,V_raw,A0,T_main,0.000269,0,group_kfold,3,test,225,55,1,1,0.9457895586935802
group_kfold_LGBM_fold3,full,LGBM,V_raw,A0,T_main,0.000269,0,group_kfold,3,test,226,55,1,1,0.9457895586935802
group_kfold_LGBM_fold3,full,LGBM,V_raw,A0,T_main,0.000269,0,group_kfold,3,test,227,55,1,1,0.8902278483645395
group_kfold_LGBM_fold3,full,LGBM,V_raw,A0,T_main,0.000269,0,group_kfold,3,test,228,55,1,1,0.6579714970384158
group_kfold_CB_fold3,full,CB,V_raw,A0,T_main,0.000269,0,group_kfold,3,test,17,6,1,1,0.7689316322735308
group_kfold_CB_fold3,full,CB,V_raw,A0,T_main,0.000269,0,group_kfold,3,test,18,6,1,1,0.7689316322735308
group_kfold_CB_fold3,full,CB,V_raw,A0,T_main,0.000269,0,group_kfold,3,test,30,12,0,0,0.1985173165785669
group_kfold_CB_fold3,full,CB,V_raw,A0,T_main,0.000269,0,group_kfold,3,test,65,25,1,0,0.0067842552193233
group_kfold_CB_fold3,full,CB,V_raw,A0,T_main,0.000269,0,group_kfold,3,test,66,25,0,0,0.0080772129116009
group_kfold_CB_fold3,full,CB,V_raw,A0,T_main,0.000269,0,group_kfold,3,test,67,25,0,0,0.0077355533720513
group_kfold_CB_fold3,full,CB,V_raw,A0,T_main,0.000269,0,group_kfold,3,test,68,25,0,0,0.0090951517076451
group_kfold_CB_fold3,full,CB,V_raw,A0,T_main,0.000269,0,group_kfold,3,test,69,25,0,0,0.0043864178760867
group_kfold_CB_fold3,full,CB,V_raw,A0,T_main,0.000269,0,group_kfold,3,test,70,25,0,0,0.0048648535287496
group_kfold_CB_fold3,full,CB,V_raw,A0,T_main,0.000269,0,group_kfold,3,test,129,35,0,0,0.0035754799933482
group_kfold_CB_fold3,full,CB,V_raw,A0,T_main,0.000269,0,group_kfold,3,test,130,35,0,0,0.3397150572826818
group_kfold_CB_fold3,full,CB,V_raw,A0,T_main,0.000269,0,group_kfold,3,test,131,35,0,0,0.170936807327127
group_kfold_CB_fold3,full,CB,V_raw,A0,T_main,0.000269,0,group_kfold,3,test,132,35,0,0,0.1259526797513255
group_kfold_CB_fold3,full,CB,V_raw,A0,T_main,0.000269,0,group_kfold,3,test,133,35,0,0,0.019058280673378
group_kfold_CB_fold3,full,CB,V_raw,A0,T_main,0.000269,0,group_kfold,3,test,146,38,1,1,0.970309610058926
group_kfold_CB_fold3,full,CB,V_raw,A0,T_main,0.000269,0,group_kfold,3,test,147,38,1,1,0.6077483879553246
group_kfold_CB_fold3,full,CB,V_raw,A0,T_main,0.000269,0,group_kfold,3,test,148,38,1,1,0.6077483879553246
group_kfold_CB_fold3,full,CB,V_raw,A0,T_main,0.000269,0,group_kfold,3,test,149,38,1,1,0.6077483879553246
group_kfold_CB_fold3,full,CB,V_raw,A0,T_main,0.000269,0,group_kfold,3,test,150,38,1,1,0.6077483879553246
group_kfold_CB_fold3,full,CB,V_raw,A0,T_main,0.000269,0,group_kfold,3,test,151,38,1,1,0.6077483879553246
group_kfold_CB_fold3,full,CB,V_raw,A0,T_main,0.000269,0,group_kfold,3,test,152,39,0,0,0.015063133460845
group_kfold_CB_fold3,full,CB,V_raw,A0,T_main,0.000269,0,group_kfold,3,test,153,40,1,0,0.2081579238356993
group_kfold_CB_fold3,full,CB,V_raw,A0,T_main,0.000269,0,group_kfold,3,test,154,40,1,0,0.4409386087131821
group_kfold_CB_fold3,full,CB,V_raw,A0,T_main,0.000269,0,group_kfold,3,test,155,40,1,0,0.4851420426423759
group_kfold_CB_fold3,full,CB,V_raw,A0,T_main,0.000269,0,group_kfold,3,test,156,40,1,0,0.4784969898678279
group_kfold_CB_fold3,full,CB,V_raw,A0,T_main,0.000269,0,group_kfold,3,test,157,40,1,0,0.4801995792373471
group_kfold_CB_fold3,full,CB,V_raw,A0,T_main,0.000269,0,group_kfold,3,test,158,40,1,0,0.2148629855284625
group_kfold_CB_fold3,full,CB,V_raw,A0,T_main,0.000269,0,group_kfold,3,test,159,40,1,0,0.4795727971536898
group_kfold_CB_fold3,full,CB,V_raw,A0,T_main,0.000269,0,group_kfold,3,test,160,40,1,1,0.550921348700292
group_kfold_CB_fold3,full,CB,V_raw,A0,T_main,0.000269,0,group_kfold,3,test,161,40,1,1,0.5601070032947751
group_kfold_CB_fold3,full,CB,V_raw,A0,T_main,0.000269,0,group_kfold,3,test,162,40,1,0,0.4763309008156394
group_kfold_CB_fold3,full,CB,V_raw,A0,T_main,0.000269,0,group_kfold,3,test,183,47,0,0,0.0135588254433452
group_kfold_CB_fold3,full,CB,V_raw,A0,T_main,0.000269,0,group_kfold,3,test,184,47,1,0,0.0538929745756695
group_kfold_CB_fold3,full,CB,V_raw,A0,T_main,0.000269,0,group_kfold,3,test,185,47,1,0,0.2771506872218772
group_kfold_CB_fold3,full,CB,V_raw,A0,T_main,0.000269,0,group_kfold,3,test,186,47,1,0,0.0584483795301006
group_kfold_CB_fold3,full,CB,V_raw,A0,T_main,0.000269,0,group_kfold,3,test,187,47,0,0,0.0108540195005499
group_kfold_CB_fold3,full,CB,V_raw,A0,T_main,0.000269,0,group_kfold,3,test,203,51,1,1,0.982391263241378
group_kfold_CB_fold3,full,CB,V_raw,A0,T_main,0.000269,0,group_kfold,3,test,204,51,0,1,0.8874957486569991
group_kfold_CB_fold3,full,CB,V_raw,A0,T_main,0.000269,0,group_kfold,3,test,205,51,1,0,0.0368112043631083
group_kfold_CB_fold3,full,CB,V_raw,A0,T_main,0.000269,0,group_kfold,3,test,225,55,1,1,0.6015412659980952
group_kfold_CB_fold3,full,CB,V_raw,A0,T_main,0.000269,0,group_kfold,3,test,226,55,1,1,0.585975075220296
group_kfold_CB_fold3,full,CB,V_raw,A0,T_main,0.000269,0,group_kfold,3,test,227,55,1,1,0.5623902700143346
group_kfold_CB_fold3,full,CB,V_raw,A0,T_main,0.000269,0,group_kfold,3,test,228,55,1,0,0.3674813508955333
group_kfold_DT_fold4,full,DT,V_raw,A0,T_main,0.000269,0,group_kfold,4,test,16,5,1,1,1.0
group_kfold_DT_fold4,full,DT,V_raw,A0,T_main,0.000269,0,group_kfold,4,test,22,10,1,1,1.0
group_kfold_DT_fold4,full,DT,V_raw,A0,T_main,0.000269,0,group_kfold,4,test,42,19,0,0,0.0
group_kfold_DT_fold4,full,DT,V_raw,A0,T_main,0.000269,0,group_kfold,4,test,43,19,0,0,0.0
group_kfold_DT_fold4,full,DT,V_raw,A0,T_main,0.000269,0,group_kfold,4,test,44,19,0,0,0.0
group_kfold_DT_fold4,full,DT,V_raw,A0,T_main,0.000269,0,group_kfold,4,test,45,19,1,0,0.0
group_kfold_DT_fold4,full,DT,V_raw,A0,T_main,0.000269,0,group_kfold,4,test,56,22,1,1,1.0
group_kfold_DT_fold4,full,DT,V_raw,A0,T_main,0.000269,0,group_kfold,4,test,57,22,1,1,1.0
group_kfold_DT_fold4,full,DT,V_raw,A0,T_main,0.000269,0,group_kfold,4,test,58,22,1,1,1.0
group_kfold_DT_fold4,full,DT,V_raw,A0,T_main,0.000269,0,group_kfold,4,test,59,22,0,1,1.0
group_kfold_DT_fold4,full,DT,V_raw,A0,T_main,0.000269,0,group_kfold,4,test,60,22,0,1,1.0
group_kfold_DT_fold4,full,DT,V_raw,A0,T_main,0.000269,0,group_kfold,4,test,71,26,1,1,0.918918918918919
group_kfold_DT_fold4,full,DT,V_raw,A0,T_main,0.000269,0,group_kfold,4,test,72,26,0,0,0.5
group_kfold_DT_fold4,full,DT,V_raw,A0,T_main,0.000269,0,group_kfold,4,test,83,30,0,1,0.918918918918919
group_kfold_DT_fold4,full,DT,V_raw,A0,T_main,0.000269,0,group_kfold,4,test,84,30,0,1,0.918918918918919
group_kfold_DT_fold4,full,DT,V_raw,A0,T_main,0.000269,0,group_kfold,4,test,85,30,0,1,0.918918918918919
group_kfold_DT_fold4,full,DT,V_raw,A0,T_main,0.000269,0,group_kfold,4,test,86,30,1,1,0.918918918918919
group_kfold_DT_fold4,full,DT,V_raw,A0,T_main,0.000269,0,group_kfold,4,test,87,30,1,1,0.918918918918919
group_kfold_DT_fold4,full,DT,V_raw,A0,T_main,0.000269,0,group_kfold,4,test,88,30,1,1,0.918918918918919
group_kfold_DT_fold4,full,DT,V_raw,A0,T_main,0.000269,0,group_kfold,4,test,134,36,1,1,0.6153846153846154
group_kfold_DT_fold4,full,DT,V_raw,A0,T_main,0.000269,0,group_kfold,4,test,135,36,1,1,0.6153846153846154
group_kfold_DT_fold4,full,DT,V_raw,A0,T_main,0.000269,0,group_kfold,4,test,136,36,1,1,0.6153846153846154
group_kfold_DT_fold4,full,DT,V_raw,A0,T_main,0.000269,0,group_kfold,4,test,137,36,0,1,0.6153846153846154
group_kfold_DT_fold4,full,DT,V_raw,A0,T_main,0.000269,0,group_kfold,4,test,138,36,0,1,0.6153846153846154
group_kfold_DT_fold4,full,DT,V_raw,A0,T_main,0.000269,0,group_kfold,4,test,139,36,0,1,0.6153846153846154
group_kfold_DT_fold4,full,DT,V_raw,A0,T_main,0.000269,0,group_kfold,4,test,140,36,0,1,0.6153846153846154
group_kfold_DT_fold4,full,DT,V_raw,A0,T_main,0.000269,0,group_kfold,4,test,141,36,0,1,0.6153846153846154
group_kfold_DT_fold4,full,DT,V_raw,A0,T_main,0.000269,0,group_kfold,4,test,163,41,0,0,0.0833333333333333
group_kfold_DT_fold4,full,DT,V_raw,A0,T_main,0.000269,0,group_kfold,4,test,164,41,1,0,0.0833333333333333
group_kfold_DT_fold4,full,DT,V_raw,A0,T_main,0.000269,0,group_kfold,4,test,165,41,1,0,0.0833333333333333
group_kfold_DT_fold4,full,DT,V_raw,A0,T_main,0.000269,0,group_kfold,4,test,166,41,1,0,0.0833333333333333
group_kfold_DT_fold4,full,DT,V_raw,A0,T_main,0.000269,0,group_kfold,4,test,167,41,1,0,0.0833333333333333
group_kfold_DT_fold4,full,DT,V_raw,A0,T_main,0.000269,0,group_kfold,4,test,168,41,0,0,0.0833333333333333
group_kfold_DT_fold4,full,DT,V_raw,A0,T_main,0.000269,0,group_kfold,4,test,169,41,0,0,0.0
group_kfold_DT_fold4,full,DT,V_raw,A0,T_main,0.000269,0,group_kfold,4,test,171,43,0,0,0.0
group_kfold_DT_fold4,full,DT,V_raw,A0,T_main,0.000269,0,group_kfold,4,test,172,43,0,1,1.0
group_kfold_DT_fold4,full,DT,V_raw,A0,T_main,0.000269,0,group_kfold,4,test,173,43,0,1,1.0
group_kfold_DT_fold4,full,DT,V_raw,A0,T_main,0.000269,0,group_kfold,4,test,174,43,0,1,1.0
group_kfold_DT_fold4,full,DT,V_raw,A0,T_main,0.000269,0,group_kfold,4,test,194,49,0,1,1.0
group_kfold_DT_fold4,full,DT,V_raw,A0,T_main,0.000269,0,group_kfold,4,test,195,49,1,1,1.0
group_kfold_DT_fold4,full,DT,V_raw,A0,T_main,0.000269,0,group_kfold,4,test,196,49,1,1,1.0
group_kfold_DT_fold4,full,DT,V_raw,A0,T_main,0.000269,0,group_kfold,4,test,197,49,1,0,0.0
group_kfold_DT_fold4,full,DT,V_raw,A0,T_main,0.000269,0,group_kfold,4,test,198,49,0,0,0.0
group_kfold_RF_fold4,full,RF,V_raw,A0,T_main,0.000269,0,group_kfold,4,test,16,5,1,1,0.7582512589343731
group_kfold_RF_fold4,full,RF,V_raw,A0,T_main,0.000269,0,group_kfold,4,test,22,10,1,1,0.5824484126984127
group_kfold_RF_fold4,full,RF,V_raw,A0,T_main,0.000269,0,group_kfold,4,test,42,19,0,0,0.0833333333333333
group_kfold_RF_fold4,full,RF,V_raw,A0,T_main,0.000269,0,group_kfold,4,test,43,19,0,0,0.357838603242112
group_kfold_RF_fold4,full,RF,V_raw,A0,T_main,0.000269,0,group_kfold,4,test,44,19,0,0,0.08
group_kfold_RF_fold4,full,RF,V_raw,A0,T_main,0.000269,0,group_kfold,4,test,45,19,1,0,0.34
group_kfold_RF_fold4,full,RF,V_raw,A0,T_main,0.000269,0,group_kfold,4,test,56,22,1,1,0.7877469425879513
group_kfold_RF_fold4,full,RF,V_raw,A0,T_main,0.000269,0,group_kfold,4,test,57,22,1,1,0.8695759469169555
group_kfold_RF_fold4,full,RF,V_raw,A0,T_main,0.000269,0,group_kfold,4,test,58,22,1,1,0.666913609254618
group_kfold_RF_fold4,full,RF,V_raw,A0,T_main,0.000269,0,group_kfold,4,test,59,22,0,1,0.5913155864197531
group_kfold_RF_fold4,full,RF,V_raw,A0,T_main,0.000269,0,group_kfold,4,test,60,22,0,0,0.4483333333333333
group_kfold_RF_fold4,full,RF,V_raw,A0,T_main,0.000269,0,group_kfold,4,test,71,26,1,0,0.4634486166007905
group_kfold_RF_fold4,full,RF,V_raw,A0,T_main,0.000269,0,group_kfold,4,test,72,26,0,0,0.4097622430614758
group_kfold_RF_fold4,full,RF,V_raw,A0,T_main,0.000269,0,group_kfold,4,test,83,30,0,1,0.7789820006341744
group_kfold_RF_fold4,full,RF,V_raw,A0,T_main,0.000269,0,group_kfold,4,test,84,30,0,1,0.8066146259544429
group_kfold_RF_fold4,full,RF,V_raw,A0,T_main,0.000269,0,group_kfold,4,test,85,30,0,1,0.7823090703988873
group_kfold_RF_fold4,full,RF,V_raw,A0,T_main,0.000269,0,group_kfold,4,test,86,30,1,1,0.580308490167186
group_kfold_RF_fold4,full,RF,V_raw,A0,T_main,0.000269,0,group_kfold,4,test,87,30,1,1,0.580308490167186
group_kfold_RF_fold4,full,RF,V_raw,A0,T_main,0.000269,0,group_kfold,4,test,88,30,1,1,0.580308490167186
group_kfold_RF_fold4,full,RF,V_raw,A0,T_main,0.000269,0,group_kfold,4,test,134,36,1,1,0.5418393959435628
group_kfold_RF_fold4,full,RF,V_raw,A0,T_main,0.000269,0,group_kfold,4,test,135,36,1,1,0.605783840388007
group_kfold_RF_fold4,full,RF,V_raw,A0,T_main,0.000269,0,group_kfold,4,test,136,36,1,1,0.6124505070546736
group_kfold_RF_fold4,full,RF,V_raw,A0,T_main,0.000269,0,group_kfold,4,test,137,36,0,1,0.6099505070546737
group_kfold_RF_fold4,full,RF,V_raw,A0,T_main,0.000269,0,group_kfold,4,test,138,36,0,1,0.6099505070546737
group_kfold_RF_fold4,full,RF,V_raw,A0,T_main,0.000269,0,group_kfold,4,test,139,36,0,1,0.5114346340388007
group_kfold_RF_fold4,full,RF,V_raw,A0,T_main,0.000269,0,group_kfold,4,test,140,36,0,0,0.4826190476190476
group_kfold_RF_fold4,full,RF,V_raw,A0,T_main,0.000269,0,group_kfold,4,test,141,36,0,0,0.4396190476190477
group_kfold_RF_fold4,full,RF,V_raw,A0,T_main,0.000269,0,group_kfold,4,test,163,41,0,1,0.5707673159523846
group_kfold_RF_fold4,full,RF,V_raw,A0,T_main,0.000269,0,group_kfold,4,test,164,41,1,1,0.688248797433866
group_kfold_RF_fold4,full,RF,V_raw,A0,T_main,0.000269,0,group_kfold,4,test,165,41,1,1,0.6990180282030968
group_kfold_RF_fold4,full,RF,V_raw,A0,T_main,0.000269,0,group_kfold,4,test,166,41,1,1,0.6933371593643333
group_kfold_RF_fold4,full,RF,V_raw,A0,T_main,0.000269,0,group_kfold,4,test,167,41,1,1,0.6844482704754443
group_kfold_RF_fold4,full,RF,V_raw,A0,T_main,0.000269,0,group_kfold,4,test,168,41,0,1,0.5619482704754444
group_kfold_RF_fold4,full,RF,V_raw,A0,T_main,0.000269,0,group_kfold,4,test,169,41,0,0,0.1741666666666666
group_kfold_RF_fold4,full,RF,V_raw,A0,T_main,0.000269,0,group_kfold,4,test,171,43,0,0,0.0133333333333333
group_kfold_RF_fold4,full,RF,V_raw,A0,T_main,0.000269,0,group_kfold,4,test,172,43,0,1,0.7596491228070176
group_kfold_RF_fold4,full,RF,V_raw,A0,T_main,0.000269,0,group_kfold,4,test,173,43,0,1,0.7629824561403509
group_kfold_RF_fold4,full,RF,V_raw,A0,T_main,0.000269,0,group_kfold,4,test,174,43,0,1,0.7629824561403509
group_kfold_RF_fold4,full,RF,V_raw,A0,T_main,0.000269,0,group_kfold,4,test,194,49,0,0,0.4362415458937198
group_kfold_RF_fold4,full,RF,V_raw,A0,T_main,0.000269,0,group_kfold,4,test,195,49,1,1,0.6116167472228685
group_kfold_RF_fold4,full,RF,V_raw,A0,T_main,0.000269,0,group_kfold,4,test,196,49,1,1,0.5496028583339796
group_kfold_RF_fold4,full,RF,V_raw,A0,T_main,0.000269,0,group_kfold,4,test,197,49,1,0,0.3834820006341745
group_kfold_RF_fold4,full,RF,V_raw,A0,T_main,0.000269,0,group_kfold,4,test,198,49,0,0,0.1497222222222222
group_kfold_LGBM_fold4,full,LGBM,V_raw,A0,T_main,0.000269,0,group_kfold,4,test,16,5,1,1,0.9812567678046312
group_kfold_LGBM_fold4,full,LGBM,V_raw,A0,T_main,0.000269,0,group_kfold,4,test,22,10,1,1,0.9174977389926088
group_kfold_LGBM_fold4,full,LGBM,V_raw,A0,T_main,0.000269,0,group_kfold,4,test,42,19,0,0,0.0004466015372319
group_kfold_LGBM_fold4,full,LGBM,V_raw,A0,T_main,0.000269,0,group_kfold,4,test,43,19,0,0,0.0050516907707566
group_kfold_LGBM_fold4,full,LGBM,V_raw,A0,T_main,0.000269,0,group_kfold,4,test,44,19,0,0,0.0004466015372319
group_kfold_LGBM_fold4,full,LGBM,V_raw,A0,T_main,0.000269,0,group_kfold,4,test,45,19,1,1,0.7410638658302089
group_kfold_LGBM_fold4,full,LGBM,V_raw,A0,T_main,0.000269,0,group_kfold,4,test,56,22,1,1,0.9961363931850308
group_kfold_LGBM_fold4,full,LGBM,V_raw,A0,T_main,0.000269,0,group_kfold,4,test,57,22,1,1,0.9925604278771762
group_kfold_LGBM_fold4,full,LGBM,V_raw,A0,T_main,0.000269,0,group_kfold,4,test,58,22,1,1,0.7691857061671076
group_kfold_LGBM_fold4,full,LGBM,V_raw,A0,T_main,0.000269,0,group_kfold,4,test,59,22,0,1,0.5064673550092867
group_kfold_LGBM_fold4,full,LGBM,V_raw,A0,T_main,0.000269,0,group_kfold,4,test,60,22,0,0,0.1468892622072912
group_kfold_LGBM_fold4,full,LGBM,V_raw,A0,T_main,0.000269,0,group_kfold,4,test,71,26,1,0,0.0005258453477069
group_kfold_LGBM_fold4,full,LGBM,V_raw,A0,T_main,0.000269,0,group_kfold,4,test,72,26,0,0,0.0025526578560604
group_kfold_LGBM_fold4,full,LGBM,V_raw,A0,T_main,0.000269,0,group_kfold,4,test,83,30,0,1,0.9976299804410284
group_kfold_LGBM_fold4,full,LGBM,V_raw,A0,T_main,0.000269,0,group_kfold,4,test,84,30,0,1,0.999622500336984
group_kfold_LGBM_fold4,full,LGBM,V_raw,A0,T_main,0.000269,0,group_kfold,4,test,85,30,0,1,0.9997619338532152
group_kfold_LGBM_fold4,full,LGBM,V_raw,A0,T_main,0.000269,0,group_kfold,4,test,86,30,1,1,0.9986924990510786
group_kfold_LGBM_fold4,full,LGBM,V_raw,A0,T_main,0.000269,0,group_kfold,4,test,87,30,1,1,0.9986924990510786
group_kfold_LGBM_fold4,full,LGBM,V_raw,A0,T_main,0.000269,0,group_kfold,4,test,88,30,1,1,0.9986924990510786
group_kfold_LGBM_fold4,full,LGBM,V_raw,A0,T_main,0.000269,0,group_kfold,4,test,134,36,1,0,0.0774920735431106
group_kfold_LGBM_fold4,full,LGBM,V_raw,A0,T_main,0.000269,0,group_kfold,4,test,135,36,1,0,0.2326556209408493
group_kfold_LGBM_fold4,full,LGBM,V_raw,A0,T_main,0.000269,0,group_kfold,4,test,136,36,1,0,0.2326556209408493
group_kfold_LGBM_fold4,full,LGBM,V_raw,A0,T_main,0.000269,0,group_kfold,4,test,137,36,0,0,0.2404622881476869
group_kfold_LGBM_fold4,full,LGBM,V_raw,A0,T_main,0.000269,0,group_kfold,4,test,138,36,0,0,0.1772922988221271
group_kfold_LGBM_fold4,full,LGBM,V_raw,A0,T_main,0.000269,0,group_kfold,4,test,139,36,0,0,0.0552313222685204
group_kfold_LGBM_fold4,full,LGBM,V_raw,A0,T_main,0.000269,0,group_kfold,4,test,140,36,0,0,0.0344511869524733
group_kfold_LGBM_fold4,full,LGBM,V_raw,A0,T_main,0.000269,0,group_kfold,4,test,141,36,0,0,0.0208982406445165
group_kfold_LGBM_fold4,full,LGBM,V_raw,A0,T_main,0.000269,0,group_kfold,4,test,163,41,0,1,0.8996984630537596
group_kfold_LGBM_fold4,full,LGBM,V_raw,A0,T_main,0.000269,0,group_kfold,4,test,164,41,1,1,0.9709636739660268
group_kfold_LGBM_fold4,full,LGBM,V_raw,A0,T_main,0.000269,0,group_kfold,4,test,165,41,1,1,0.9493168671641912
group_kfold_LGBM_fold4,full,LGBM,V_raw,A0,T_main,0.000269,0,group_kfold,4,test,166,41,1,1,0.9474880980644296
group_kfold_LGBM_fold4,full,LGBM,V_raw,A0,T_main,0.000269,0,group_kfold,4,test,167,41,1,1,0.9474880980644296
group_kfold_LGBM_fold4,full,LGBM,V_raw,A0,T_main,0.000269,0,group_kfold,4,test,168,41,0,1,0.5522256895770898
group_kfold_LGBM_fold4,full,LGBM,V_raw,A0,T_main,0.000269,0,group_kfold,4,test,169,41,0,0,0.0020585884385482
group_kfold_LGBM_fold4,full,LGBM,V_raw,A0,T_main,0.000269,0,group_kfold,4,test,171,43,0,0,1.4705747417565351e-05
group_kfold_LGBM_fold4,full,LGBM,V_raw,A0,T_main,0.000269,0,group_kfold,4,test,172,43,0,0,0.025044653191413
group_kfold_LGBM_fold4,full,LGBM,V_raw,A0,T_main,0.000269,0,group_kfold,4,test,173,43,0,0,0.025044653191413
group_kfold_LGBM_fold4,full,LGBM,V_raw,A0,T_main,0.000269,0,group_kfold,4,test,174,43,0,0,0.025044653191413
group_kfold_LGBM_fold4,full,LGBM,V_raw,A0,T_main,0.000269,0,group_kfold,4,test,194,49,0,1,0.5088536273456058
group_kfold_LGBM_fold4,full,LGBM,V_raw,A0,T_main,0.000269,0,group_kfold,4,test,195,49,1,1,0.9656995374590286
group_kfold_LGBM_fold4,full,LGBM,V_raw,A0,T_main,0.000269,0,group_kfold,4,test,196,49,1,1,0.9048394525463792
group_kfold_LGBM_fold4,full,LGBM,V_raw,A0,T_main,0.000269,0,group_kfold,4,test,197,49,1,1,0.8924655586115207
group_kfold_LGBM_fold4,full,LGBM,V_raw,A0,T_main,0.000269,0,group_kfold,4,test,198,49,0,0,0.0013570047072411
group_kfold_CB_fold4,full,CB,V_raw,A0,T_main,0.000269,0,group_kfold,4,test,16,5,1,1,0.8563886340172198
group_kfold_CB_fold4,full,CB,V_raw,A0,T_main,0.000269,0,group_kfold,4,test,22,10,1,1,0.9526238521149946
group_kfold_CB_fold4,full,CB,V_raw,A0,T_main,0.000269,0,group_kfold,4,test,42,19,0,0,0.0011256054487768
group_kfold_CB_fold4,full,CB,V_raw,A0,T_main,0.000269,0,group_kfold,4,test,43,19,0,0,0.1042440055930323
group_kfold_CB_fold4,full,CB,V_raw,A0,T_main,0.000269,0,group_kfold,4,test,44,19,0,0,0.001166055276972
group_kfold_CB_fold4,full,CB,V_raw,A0,T_main,0.000269,0,group_kfold,4,test,45,19,1,0,0.0514263415771696
group_kfold_CB_fold4,full,CB,V_raw,A0,T_main,0.000269,0,group_kfold,4,test,56,22,1,1,0.9292703731040204
group_kfold_CB_fold4,full,CB,V_raw,A0,T_main,0.000269,0,group_kfold,4,test,57,22,1,1,0.813978316978282
group_kfold_CB_fold4,full,CB,V_raw,A0,T_main,0.000269,0,group_kfold,4,test,58,22,1,1,0.872863792369372
group_kfold_CB_fold4,full,CB,V_raw,A0,T_main,0.000269,0,group_kfold,4,test,59,22,0,1,0.7828823076002887
group_kfold_CB_fold4,full,CB,V_raw,A0,T_main,0.000269,0,group_kfold,4,test,60,22,0,0,0.2576630235453717
group_kfold_CB_fold4,full,CB,V_raw,A0,T_main,0.000269,0,group_kfold,4,test,71,26,1,0,0.203864702637296
group_kfold_CB_fold4,full,CB,V_raw,A0,T_main,0.000269,0,group_kfold,4,test,72,26,0,0,0.1179266408881675
group_kfold_CB_fold4,full,CB,V_raw,A0,T_main,0.000269,0,group_kfold,4,test,83,30,0,1,0.958481886873253
group_kfold_CB_fold4,full,CB,V_raw,A0,T_main,0.000269,0,group_kfold,4,test,84,30,0,1,0.8932297677964328
group_kfold_CB_fold4,full,CB,V_raw,A0,T_main,0.000269,0,group_kfold,4,test,85,30,0,1,0.8726384020287971
group_kfold_CB_fold4,full,CB,V_raw,A0,T_main,0.000269,0,group_kfold,4,test,86,30,1,1,0.8192441566177256
group_kfold_CB_fold4,full,CB,V_raw,A0,T_main,0.000269,0,group_kfold,4,test,87,30,1,1,0.8180920714712542
group_kfold_CB_fold4,full,CB,V_raw,A0,T_main,0.000269,0,group_kfold,4,test,88,30,1,1,0.8180920714712542
group_kfold_CB_fold4,full,CB,V_raw,A0,T_main,0.000269,0,group_kfold,4,test,134,36,1,0,0.0959272854158825
group_kfold_CB_fold4,full,CB,V_raw,A0,T_main,0.000269,0,group_kfold,4,test,135,36,1,0,0.431158452656755
group_kfold_CB_fold4,full,CB,V_raw,A0,T_main,0.000269,0,group_kfold,4,test,136,36,1,0,0.447239384643299
group_kfold_CB_fold4,full,CB,V_raw,A0,T_main,0.000269,0,group_kfold,4,test,137,36,0,0,0.4990001936385263
group_kfold_CB_fold4,full,CB,V_raw,A0,T_main,0.000269,0,group_kfold,4,test,138,36,0,0,0.3267633790411831
group_kfold_CB_fold4,full,CB,V_raw,A0,T_main,0.000269,0,group_kfold,4,test,139,36,0,0,0.1706996007523054
group_kfold_CB_fold4,full,CB,V_raw,A0,T_main,0.000269,0,group_kfold,4,test,140,36,0,0,0.0596092072304722
group_kfold_CB_fold4,full,CB,V_raw,A0,T_main,0.000269,0,group_kfold,4,test,141,36,0,0,0.0577668866082909
group_kfold_CB_fold4,full,CB,V_raw,A0,T_main,0.000269,0,group_kfold,4,test,163,41,0,1,0.7982105630119933
group_kfold_CB_fold4,full,CB,V_raw,A0,T_main,0.000269,0,group_kfold,4,test,164,41,1,1,0.8935511127952663
group_kfold_CB_fold4,full,CB,V_raw,A0,T_main,0.000269,0,group_kfold,4,test,165,41,1,1,0.9309422949267262
group_kfold_CB_fold4,full,CB,V_raw,A0,T_main,0.000269,0,group_kfold,4,test,166,41,1,1,0.921751193922222
group_kfold_CB_fold4,full,CB,V_raw,A0,T_main,0.000269,0,group_kfold,4,test,167,41,1,1,0.933851813379306
group_kfold_CB_fold4,full,CB,V_raw,A0,T_main,0.000269,0,group_kfold,4,test,168,41,0,1,0.7669819159593799
group_kfold_CB_fold4,full,CB,V_raw,A0,T_main,0.000269,0,group_kfold,4,test,169,41,0,0,0.0359926651161133
group_kfold_CB_fold4,full,CB,V_raw,A0,T_main,0.000269,0,group_kfold,4,test,171,43,0,0,0.0016628440651929
group_kfold_CB_fold4,full,CB,V_raw,A0,T_main,0.000269,0,group_kfold,4,test,172,43,0,1,0.7582755276191122
group_kfold_CB_fold4,full,CB,V_raw,A0,T_main,0.000269,0,group_kfold,4,test,173,43,0,1,0.8652096165452914
group_kfold_CB_fold4,full,CB,V_raw,A0,T_main,0.000269,0,group_kfold,4,test,174,43,0,1,0.8771002624162921
group_kfold_CB_fold4,full,CB,V_raw,A0,T_main,0.000269,0,group_kfold,4,test,194,49,0,1,0.7631440774231736
group_kfold_CB_fold4,full,CB,V_raw,A0,T_main,0.000269,0,group_kfold,4,test,195,49,1,1,0.9518690379223488
group_kfold_CB_fold4,full,CB,V_raw,A0,T_main,0.000269,0,group_kfold,4,test,196,49,1,1,0.9036259491917744
group_kfold_CB_fold4,full,CB,V_raw,A0,T_main,0.000269,0,group_kfold,4,test,197,49,1,0,0.4895061988229889
group_kfold_CB_fold4,full,CB,V_raw,A0,T_main,0.000269,0,group_kfold,4,test,198,49,0,0,0.0065169719575133
loso_DT_fold0,full,DT,V_raw,A0,T_main,0.000269,0,loso,0,test,2,1,0,0,0.0
loso_DT_fold0,full,DT,V_raw,A0,T_main,0.000269,0,loso,0,test,3,1,1,0,0.0
loso_DT_fold0,full,DT,V_raw,A0,T_main,0.000269,0,loso,0,test,4,1,1,1,1.0
loso_DT_fold0,full,DT,V_raw,A0,T_main,0.000269,0,loso,0,test,5,1,1,1,1.0
loso_DT_fold0,full,DT,V_raw,A0,T_main,0.000269,0,loso,0,test,6,1,1,1,1.0
loso_DT_fold0,full,DT,V_raw,A0,T_main,0.000269,0,loso,0,test,7,1,1,1,1.0
loso_RF_fold0,full,RF,V_raw,A0,T_main,0.000269,0,loso,0,test,2,1,0,0,0.03
loso_RF_fold0,full,RF,V_raw,A0,T_main,0.000269,0,loso,0,test,3,1,1,0,0.446611111111111
loso_RF_fold0,full,RF,V_raw,A0,T_main,0.000269,0,loso,0,test,4,1,1,1,0.6273888888888889
loso_RF_fold0,full,RF,V_raw,A0,T_main,0.000269,0,loso,0,test,5,1,1,1,0.5232222222222223
loso_RF_fold0,full,RF,V_raw,A0,T_main,0.000269,0,loso,0,test,6,1,1,0,0.3961666666666666
loso_RF_fold0,full,RF,V_raw,A0,T_main,0.000269,0,loso,0,test,7,1,1,0,0.3342222222222222
loso_LGBM_fold0,full,LGBM,V_raw,A0,T_main,0.000269,0,loso,0,test,2,1,0,0,5.2610209931216e-07
loso_LGBM_fold0,full,LGBM,V_raw,A0,T_main,0.000269,0,loso,0,test,3,1,1,0,0.0327829766604365
loso_LGBM_fold0,full,LGBM,V_raw,A0,T_main,0.000269,0,loso,0,test,4,1,1,1,0.9997083492207272
loso_LGBM_fold0,full,LGBM,V_raw,A0,T_main,0.000269,0,loso,0,test,5,1,1,1,0.9978628959295422
loso_LGBM_fold0,full,LGBM,V_raw,A0,T_main,0.000269,0,loso,0,test,6,1,1,0,0.0477411850164859
loso_LGBM_fold0,full,LGBM,V_raw,A0,T_main,0.000269,0,loso,0,test,7,1,1,0,0.0056497429045431
loso_CB_fold0,full,CB,V_raw,A0,T_main,0.000269,0,loso,0,test,2,1,0,0,0.0049258874976159
loso_CB_fold0,full,CB,V_raw,A0,T_main,0.000269,0,loso,0,test,3,1,1,1,0.6853434516082852
loso_CB_fold0,full,CB,V_raw,A0,T_main,0.000269,0,loso,0,test,4,1,1,1,0.9394539998195318
loso_CB_fold0,full,CB,V_raw,A0,T_main,0.000269,0,loso,0,test,5,1,1,1,0.7906585242424617
loso_CB_fold0,full,CB,V_raw,A0,T_main,0.000269,0,loso,0,test,6,1,1,0,0.4744066304286887
loso_CB_fold0,full,CB,V_raw,A0,T_main,0.000269,0,loso,0,test,7,1,1,0,0.030435023822016
loso_DT_fold1,full,DT,V_raw,A0,T_main,0.000269,0,loso,1,test,9,3,0,0,0.0
loso_DT_fold1,full,DT,V_raw,A0,T_main,0.000269,0,loso,1,test,10,3,0,0,0.0
loso_RF_fold1,full,RF,V_raw,A0,T_main,0.000269,0,loso,1,test,9,3,0,0,0.0133333333333333
loso_RF_fold1,full,RF,V_raw,A0,T_main,0.000269,0,loso,1,test,10,3,0,1,0.5183174603174604
loso_LGBM_fold1,full,LGBM,V_raw,A0,T_main,0.000269,0,loso,1,test,9,3,0,0,4.250606258044256e-06
loso_LGBM_fold1,full,LGBM,V_raw,A0,T_main,0.000269,0,loso,1,test,10,3,0,1,0.6586005440926257
loso_CB_fold1,full,CB,V_raw,A0,T_main,0.000269,0,loso,1,test,9,3,0,0,0.0264144178439828
loso_CB_fold1,full,CB,V_raw,A0,T_main,0.000269,0,loso,1,test,10,3,0,1,0.6288288445529973
loso_DT_fold2,full,DT,V_raw,A0,T_main,0.000269,0,loso,2,test,11,4,0,0,0.3333333333333333
loso_DT_fold2,full,DT,V_raw,A0,T_main,0.000269,0,loso,2,test,12,4,0,0,0.0
loso_DT_fold2,full,DT,V_raw,A0,T_main,0.000269,0,loso,2,test,13,4,0,0,0.0
loso_DT_fold2,full,DT,V_raw,A0,T_main,0.000269,0,loso,2,test,14,4,0,0,0.3333333333333333
loso_DT_fold2,full,DT,V_raw,A0,T_main,0.000269,0,loso,2,test,15,4,0,0,0.3333333333333333
loso_RF_fold2,full,RF,V_raw,A0,T_main,0.000269,0,loso,2,test,11,4,0,0,0.3061065423029921
loso_RF_fold2,full,RF,V_raw,A0,T_main,0.000269,0,loso,2,test,12,4,0,0,0.0957230405043872
loso_RF_fold2,full,RF,V_raw,A0,T_main,0.000269,0,loso,2,test,13,4,0,0,0.189626197274362
loso_RF_fold2,full,RF,V_raw,A0,T_main,0.000269,0,loso,2,test,14,4,0,0,0.3063347688647981
loso_RF_fold2,full,RF,V_raw,A0,T_main,0.000269,0,loso,2,test,15,4,0,0,0.4316130389420272
loso_LGBM_fold2,full,LGBM,V_raw,A0,T_main,0.000269,0,loso,2,test,11,4,0,0,0.0262751379067248
loso_LGBM_fold2,full,LGBM,V_raw,A0,T_main,0.000269,0,loso,2,test,12,4,0,0,0.001832064000255
loso_LGBM_fold2,full,LGBM,V_raw,A0,T_main,0.000269,0,loso,2,test,13,4,0,0,0.0023257053838687
loso_LGBM_fold2,full,LGBM,V_raw,A0,T_main,0.000269,0,loso,2,test,14,4,0,0,0.2348582222589093
loso_LGBM_fold2,full,LGBM,V_raw,A0,T_main,0.000269,0,loso,2,test,15,4,0,0,0.267210894505873
loso_CB_fold2,full,CB,V_raw,A0,T_main,0.000269,0,loso,2,test,11,4,0,0,0.1315975503444947
loso_CB_fold2,full,CB,V_raw,A0,T_main,0.000269,0,loso,2,test,12,4,0,0,0.0092742976036484
loso_CB_fold2,full,CB,V_raw,A0,T_main,0.000269,0,loso,2,test,13,4,0,0,0.022635405832104
loso_CB_fold2,full,CB,V_raw,A0,T_main,0.000269,0,loso,2,test,14,4,0,0,0.1229357812647829
loso_CB_fold2,full,CB,V_raw,A0,T_main,0.000269,0,loso,2,test,15,4,0,0,0.2705101396763846
loso_DT_fold3,full,DT,V_raw,A0,T_main,0.000269,0,loso,3,test,16,5,1,1,1.0
loso_RF_fold3,full,RF,V_raw,A0,T_main,0.000269,0,loso,3,test,16,5,1,1,0.6901879538944053
loso_LGBM_fold3,full,LGBM,V_raw,A0,T_main,0.000269,0,loso,3,test,16,5,1,1,0.9486968486416352
loso_CB_fold3,full,CB,V_raw,A0,T_main,0.000269,0,loso,3,test,16,5,1,1,0.8035283946789129
loso_DT_fold4,full,DT,V_raw,A0,T_main,0.000269,0,loso,4,test,17,6,1,0,0.0
loso_DT_fold4,full,DT,V_raw,A0,T_main,0.000269,0,loso,4,test,18,6,1,0,0.0
loso_RF_fold4,full,RF,V_raw,A0,T_main,0.000269,0,loso,4,test,17,6,1,1,0.7895096150399232
loso_RF_fold4,full,RF,V_raw,A0,T_main,0.000269,0,loso,4,test,18,6,1,1,0.7895096150399232
loso_LGBM_fold4,full,LGBM,V_raw,A0,T_main,0.000269,0,loso,4,test,17,6,1,1,0.9757040532457556
loso_LGBM_fold4,full,LGBM,V_raw,A0,T_main,0.000269,0,loso,4,test,18,6,1,1,0.9757040532457556
loso_CB_fold4,full,CB,V_raw,A0,T_main,0.000269,0,loso,4,test,17,6,1,1,0.9731944288084134
loso_CB_fold4,full,CB,V_raw,A0,T_main,0.000269,0,loso,4,test,18,6,1,1,0.9731944288084134
loso_DT_fold5,full,DT,V_raw,A0,T_main,0.000269,0,loso,5,test,19,7,0,0,0.0
loso_RF_fold5,full,RF,V_raw,A0,T_main,0.000269,0,loso,5,test,19,7,0,0,0.3266666666666666
loso_LGBM_fold5,full,LGBM,V_raw,A0,T_main,0.000269,0,loso,5,test,19,7,0,1,0.6725034759744681
loso_CB_fold5,full,CB,V_raw,A0,T_main,0.000269,0,loso,5,test,19,7,0,1,0.6673613977720242
loso_DT_fold6,full,DT,V_raw,A0,T_main,0.000269,0,loso,6,test,20,8,1,1,1.0
loso_RF_fold6,full,RF,V_raw,A0,T_main,0.000269,0,loso,6,test,20,8,1,1,0.6
loso_LGBM_fold6,full,LGBM,V_raw,A0,T_main,0.000269,0,loso,6,test,20,8,1,1,0.9931961377012488
loso_CB_fold6,full,CB,V_raw,A0,T_main,0.000269,0,loso,6,test,20,8,1,1,0.748184239356392
loso_DT_fold7,full,DT,V_raw,A0,T_main,0.000269,0,loso,7,test,21,9,0,0,0.0
loso_RF_fold7,full,RF,V_raw,A0,T_main,0.000269,0,loso,7,test,21,9,0,0,0.2
loso_LGBM_fold7,full,LGBM,V_raw,A0,T_main,0.000269,0,loso,7,test,21,9,0,0,0.3535980507047975
loso_CB_fold7,full,CB,V_raw,A0,T_main,0.000269,0,loso,7,test,21,9,0,0,0.0931816857817774
loso_DT_fold8,full,DT,V_raw,A0,T_main,0.000269,0,loso,8,test,22,10,1,0,0.3333333333333333
loso_RF_fold8,full,RF,V_raw,A0,T_main,0.000269,0,loso,8,test,22,10,1,1,0.5781908831908832
loso_LGBM_fold8,full,LGBM,V_raw,A0,T_main,0.000269,0,loso,8,test,22,10,1,1,0.7251281696664756
loso_CB_fold8,full,CB,V_raw,A0,T_main,0.000269,0,loso,8,test,22,10,1,1,0.9383066545251736
loso_DT_fold9,full,DT,V_raw,A0,T_main,0.000269,0,loso,9,test,23,11,0,0,0.0
loso_DT_fold9,full,DT,V_raw,A0,T_main,0.000269,0,loso,9,test,24,11,0,0,0.0
loso_DT_fold9,full,DT,V_raw,A0,T_main,0.000269,0,loso,9,test,25,11,1,1,1.0
loso_DT_fold9,full,DT,V_raw,A0,T_main,0.000269,0,loso,9,test,26,11,1,1,1.0
loso_DT_fold9,full,DT,V_raw,A0,T_main,0.000269,0,loso,9,test,27,11,1,1,1.0
loso_DT_fold9,full,DT,V_raw,A0,T_main,0.000269,0,loso,9,test,28,11,1,1,1.0
loso_DT_fold9,full,DT,V_raw,A0,T_main,0.000269,0,loso,9,test,29,11,1,1,1.0
loso_RF_fold9,full,RF,V_raw,A0,T_main,0.000269,0,loso,9,test,23,11,0,0,0.26
loso_RF_fold9,full,RF,V_raw,A0,T_main,0.000269,0,loso,9,test,24,11,0,0,0.3441666666666667
loso_RF_fold9,full,RF,V_raw,A0,T_main,0.000269,0,loso,9,test,25,11,1,1,0.6826111111111111
loso_RF_fold9,full,RF,V_raw,A0,T_main,0.000269,0,loso,9,test,26,11,1,1,0.5681666666666666
loso_RF_fold9,full,RF,V_raw,A0,T_main,0.000269,0,loso,9,test,27,11,1,1,0.5181666666666667
loso_RF_fold9,full,RF,V_raw,A0,T_main,0.000269,0,loso,9,test,28,11,1,1,0.5315
loso_RF_fold9,full,RF,V_raw,A0,T_main,0.000269,0,loso,9,test,29,11,1,1,0.5315
loso_LGBM_fold9,full,LGBM,V_raw,A0,T_main,0.000269,0,loso,9,test,23,11,0,0,0.0101474492953099
loso_LGBM_fold9,full,LGBM,V_raw,A0,T_main,0.000269,0,loso,9,test,24,11,0,0,0.0533628859923888
loso_LGBM_fold9,full,LGBM,V_raw,A0,T_main,0.000269,0,loso,9,test,25,11,1,1,0.6839850482677651
loso_LGBM_fold9,full,LGBM,V_raw,A0,T_main,0.000269,0,loso,9,test,26,11,1,0,0.4439212379791573
loso_LGBM_fold9,full,LGBM,V_raw,A0,T_main,0.000269,0,loso,9,test,27,11,1,0,0.1493923637888057
loso_LGBM_fold9,full,LGBM,V_raw,A0,T_main,0.000269,0,loso,9,test,28,11,1,0,0.0953659247724187
loso_LGBM_fold9,full,LGBM,V_raw,A0,T_main,0.000269,0,loso,9,test,29,11,1,0,0.0953659247724187
loso_CB_fold9,full,CB,V_raw,A0,T_main,0.000269,0,loso,9,test,23,11,0,0,0.0741912579771611
loso_CB_fold9,full,CB,V_raw,A0,T_main,0.000269,0,loso,9,test,24,11,0,0,0.0905800984486385
loso_CB_fold9,full,CB,V_raw,A0,T_main,0.000269,0,loso,9,test,25,11,1,1,0.6991289458059019
loso_CB_fold9,full,CB,V_raw,A0,T_main,0.000269,0,loso,9,test,26,11,1,0,0.3552259982856325
loso_CB_fold9,full,CB,V_raw,A0,T_main,0.000269,0,loso,9,test,27,11,1,0,0.2391597410042002
loso_CB_fold9,full,CB,V_raw,A0,T_main,0.000269,0,loso,9,test,28,11,1,0,0.2187899639153676
loso_CB_fold9,full,CB,V_raw,A0,T_main,0.000269,0,loso,9,test,29,11,1,0,0.2187899639153676
loso_DT_fold10,full,DT,V_raw,A0,T_main,0.000269,0,loso,10,test,30,12,0,1,1.0
loso_RF_fold10,full,RF,V_raw,A0,T_main,0.000269,0,loso,10,test,30,12,0,0,0.4766666666666667
loso_LGBM_fold10,full,LGBM,V_raw,A0,T_main,0.000269,0,loso,10,test,30,12,0,1,0.8393481098718618
loso_CB_fold10,full,CB,V_raw,A0,T_main,0.000269,0,loso,10,test,30,12,0,1,0.7921743754964123
loso_DT_fold11,full,DT,V_raw,A0,T_main,0.000269,0,loso,11,test,31,13,0,0,0.0
loso_RF_fold11,full,RF,V_raw,A0,T_main,0.000269,0,loso,11,test,31,13,0,1,0.7788846524495512
loso_LGBM_fold11,full,LGBM,V_raw,A0,T_main,0.000269,0,loso,11,test,31,13,0,1,0.9999533253332912
loso_CB_fold11,full,CB,V_raw,A0,T_main,0.000269,0,loso,11,test,31,13,0,1,0.9765241019001468
loso_DT_fold12,full,DT,V_raw,A0,T_main,0.000269,0,loso,12,test,32,14,1,0,0.0
loso_RF_fold12,full,RF,V_raw,A0,T_main,0.000269,0,loso,12,test,32,14,1,0,0.2814144205717342
loso_LGBM_fold12,full,LGBM,V_raw,A0,T_main,0.000269,0,loso,12,test,32,14,1,0,0.0262501378326043
loso_CB_fold12,full,CB,V_raw,A0,T_main,0.000269,0,loso,12,test,32,14,1,0,0.0158513746653401
loso_DT_fold13,full,DT,V_raw,A0,T_main,0.000269,0,loso,13,test,33,15,0,1,1.0
loso_DT_fold13,full,DT,V_raw,A0,T_main,0.000269,0,loso,13,test,34,15,0,0,0.0
loso_RF_fold13,full,RF,V_raw,A0,T_main,0.000269,0,loso,13,test,33,15,0,0,0.2106666666666666
loso_RF_fold13,full,RF,V_raw,A0,T_main,0.000269,0,loso,13,test,34,15,0,0,0.01
loso_LGBM_fold13,full,LGBM,V_raw,A0,T_main,0.000269,0,loso,13,test,33,15,0,0,0.0001816037548852
loso_LGBM_fold13,full,LGBM,V_raw,A0,T_main,0.000269,0,loso,13,test,34,15,0,0,2.258400578511681e-08
loso_CB_fold13,full,CB,V_raw,A0,T_main,0.000269,0,loso,13,test,33,15,0,0,0.045198795809808
loso_CB_fold13,full,CB,V_raw,A0,T_main,0.000269,0,loso,13,test,34,15,0,0,0.0015681894447106
loso_DT_fold14,full,DT,V_raw,A0,T_main,0.000269,0,loso,14,test,35,16,1,0,0.0
loso_DT_fold14,full,DT,V_raw,A0,T_main,0.000269,0,loso,14,test,36,16,1,0,0.0
loso_DT_fold14,full,DT,V_raw,A0,T_main,0.000269,0,loso,14,test,37,16,1,1,1.0
loso_RF_fold14,full,RF,V_raw,A0,T_main,0.000269,0,loso,14,test,35,16,1,1,0.6113358075465912
loso_RF_fold14,full,RF,V_raw,A0,T_main,0.000269,0,loso,14,test,36,16,1,0,0.4041825534956182
loso_RF_fold14,full,RF,V_raw,A0,T_main,0.000269,0,loso,14,test,37,16,1,0,0.4955200142756518
loso_LGBM_fold14,full,LGBM,V_raw,A0,T_main,0.000269,0,loso,14,test,35,16,1,0,0.071889411426915
loso_LGBM_fold14,full,LGBM,V_raw,A0,T_main,0.000269,0,loso,14,test,36,16,1,0,0.002197633729315
loso_LGBM_fold14,full,LGBM,V_raw,A0,T_main,0.000269,0,loso,14,test,37,16,1,0,0.0239126557383744
loso_CB_fold14,full,CB,V_raw,A0,T_main,0.000269,0,loso,14,test,35,16,1,1,0.7590405694011064
loso_CB_fold14,full,CB,V_raw,A0,T_main,0.000269,0,loso,14,test,36,16,1,0,0.027133478961487
loso_CB_fold14,full,CB,V_raw,A0,T_main,0.000269,0,loso,14,test,37,16,1,0,0.4376355033942302
loso_DT_fold15,full,DT,V_raw,A0,T_main,0.000269,0,loso,15,test,39,18,0,1,1.0
loso_DT_fold15,full,DT,V_raw,A0,T_main,0.000269,0,loso,15,test,40,18,0,1,1.0
loso_DT_fold15,full,DT,V_raw,A0,T_main,0.000269,0,loso,15,test,41,18,1,1,1.0
loso_RF_fold15,full,RF,V_raw,A0,T_main,0.000269,0,loso,15,test,39,18,0,1,0.8033333333333333
loso_RF_fold15,full,RF,V_raw,A0,T_main,0.000269,0,loso,15,test,40,18,0,1,0.8033333333333333
loso_RF_fold15,full,RF,V_raw,A0,T_main,0.000269,0,loso,15,test,41,18,1,1,0.8033333333333333
loso_LGBM_fold15,full,LGBM,V_raw,A0,T_main,0.000269,0,loso,15,test,39,18,0,1,0.9954385033112436
loso_LGBM_fold15,full,LGBM,V_raw,A0,T_main,0.000269,0,loso,15,test,40,18,0,1,0.9954385033112436
loso_LGBM_fold15,full,LGBM,V_raw,A0,T_main,0.000269,0,loso,15,test,41,18,1,1,0.9954385033112436
loso_CB_fold15,full,CB,V_raw,A0,T_main,0.000269,0,loso,15,test,39,18,0,1,0.9229475955961228
loso_CB_fold15,full,CB,V_raw,A0,T_main,0.000269,0,loso,15,test,40,18,0,1,0.9229475955961228
loso_CB_fold15,full,CB,V_raw,A0,T_main,0.000269,0,loso,15,test,41,18,1,1,0.9229475955961228
loso_DT_fold16,full,DT,V_raw,A0,T_main,0.000269,0,loso,16,test,42,19,0,0,0.0
loso_DT_fold16,full,DT,V_raw,A0,T_main,0.000269,0,loso,16,test,43,19,0,0,0.0
loso_DT_fold16,full,DT,V_raw,A0,T_main,0.000269,0,loso,16,test,44,19,0,0,0.0
loso_DT_fold16,full,DT,V_raw,A0,T_main,0.000269,0,loso,16,test,45,19,1,0,0.0
loso_RF_fold16,full,RF,V_raw,A0,T_main,0.000269,0,loso,16,test,42,19,0,0,0.1102738095238095
loso_RF_fold16,full,RF,V_raw,A0,T_main,0.000269,0,loso,16,test,43,19,0,0,0.4940360314972383
loso_RF_fold16,full,RF,V_raw,A0,T_main,0.000269,0,loso,16,test,44,19,0,0,0.1152896825396825
loso_RF_fold16,full,RF,V_raw,A0,T_main,0.000269,0,loso,16,test,45,19,1,0,0.3125562133944487
loso_LGBM_fold16,full,LGBM,V_raw,A0,T_main,0.000269,0,loso,16,test,42,19,0,0,3.7973007979372165e-05
loso_LGBM_fold16,full,LGBM,V_raw,A0,T_main,0.000269,0,loso,16,test,43,19,0,0,0.0145277747648799
loso_LGBM_fold16,full,LGBM,V_raw,A0,T_main,0.000269,0,loso,16,test,44,19,0,0,4.038956401932467e-05
loso_LGBM_fold16,full,LGBM,V_raw,A0,T_main,0.000269,0,loso,16,test,45,19,1,0,0.1529577025225711
loso_CB_fold16,full,CB,V_raw,A0,T_main,0.000269,0,loso,16,test,42,19,0,0,0.0003141172158182
loso_CB_fold16,full,CB,V_raw,A0,T_main,0.000269,0,loso,16,test,43,19,0,0,0.0585893951154075
loso_CB_fold16,full,CB,V_raw,A0,T_main,0.000269,0,loso,16,test,44,19,0,0,0.003649236505034
loso_CB_fold16,full,CB,V_raw,A0,T_main,0.000269,0,loso,16,test,45,19,1,0,0.0522066197526513
loso_DT_fold17,full,DT,V_raw,A0,T_main,0.000269,0,loso,17,test,46,20,0,1,1.0
loso_DT_fold17,full,DT,V_raw,A0,T_main,0.000269,0,loso,17,test,47,20,0,1,1.0
loso_DT_fold17,full,DT,V_raw,A0,T_main,0.000269,0,loso,17,test,48,20,0,1,1.0
loso_DT_fold17,full,DT,V_raw,A0,T_main,0.000269,0,loso,17,test,49,20,0,1,1.0
loso_DT_fold17,full,DT,V_raw,A0,T_main,0.000269,0,loso,17,test,50,20,0,1,1.0
loso_RF_fold17,full,RF,V_raw,A0,T_main,0.000269,0,loso,17,test,46,20,0,0,0.3977650684200257
loso_RF_fold17,full,RF,V_raw,A0,T_main,0.000269,0,loso,17,test,47,20,0,0,0.4597469743136963
loso_RF_fold17,full,RF,V_raw,A0,T_main,0.000269,0,loso,17,test,48,20,0,1,0.8300742382019771
loso_RF_fold17,full,RF,V_raw,A0,T_main,0.000269,0,loso,17,test,49,20,0,1,0.8340892597201955
loso_RF_fold17,full,RF,V_raw,A0,T_main,0.000269,0,loso,17,test,50,20,0,1,0.835681903187839
loso_LGBM_fold17,full,LGBM,V_raw,A0,T_main,0.000269,0,loso,17,test,46,20,0,0,0.0991825494060288
loso_LGBM_fold17,full,LGBM,V_raw,A0,T_main,0.000269,0,loso,17,test,47,20,0,1,0.5839004054562376
loso_LGBM_fold17,full,LGBM,V_raw,A0,T_main,0.000269,0,loso,17,test,48,20,0,1,0.9941033961139564
loso_LGBM_fold17,full,LGBM,V_raw,A0,T_main,0.000269,0,loso,17,test,49,20,0,1,0.9942544837700444
loso_LGBM_fold17,full,LGBM,V_raw,A0,T_main,0.000269,0,loso,17,test,50,20,0,1,0.9940831745670792
loso_CB_fold17,full,CB,V_raw,A0,T_main,0.000269,0,loso,17,test,46,20,0,0,0.1902234302700354
loso_CB_fold17,full,CB,V_raw,A0,T_main,0.000269,0,loso,17,test,47,20,0,1,0.6185754033867402
loso_CB_fold17,full,CB,V_raw,A0,T_main,0.000269,0,loso,17,test,48,20,0,1,0.9869971913242233
loso_CB_fold17,full,CB,V_raw,A0,T_main,0.000269,0,loso,17,test,49,20,0,1,0.9823835118754488
loso_CB_fold17,full,CB,V_raw,A0,T_main,0.000269,0,loso,17,test,50,20,0,1,0.985201870245536
loso_DT_fold18,full,DT,V_raw,A0,T_main,0.000269,0,loso,18,test,51,21,1,0,0.0
loso_DT_fold18,full,DT,V_raw,A0,T_main,0.000269,0,loso,18,test,52,21,1,0,0.0
loso_DT_fold18,full,DT,V_raw,A0,T_main,0.000269,0,loso,18,test,53,21,1,0,0.0
loso_DT_fold18,full,DT,V_raw,A0,T_main,0.000269,0,loso,18,test,54,21,1,0,0.0
loso_DT_fold18,full,DT,V_raw,A0,T_main,0.000269,0,loso,18,test,55,21,0,0,0.0
loso_RF_fold18,full,RF,V_raw,A0,T_main,0.000269,0,loso,18,test,51,21,1,0,0.3577532035188853
loso_RF_fold18,full,RF,V_raw,A0,T_main,0.000269,0,loso,18,test,52,21,1,0,0.4001734933739578
loso_RF_fold18,full,RF,V_raw,A0,T_main,0.000269,0,loso,18,test,53,21,1,0,0.3901734933739577
loso_RF_fold18,full,RF,V_raw,A0,T_main,0.000269,0,loso,18,test,54,21,1,0,0.3898226161809753
loso_RF_fold18,full,RF,V_raw,A0,T_main,0.000269,0,loso,18,test,55,21,0,0,0.3225777649223941
loso_LGBM_fold18,full,LGBM,V_raw,A0,T_main,0.000269,0,loso,18,test,51,21,1,0,0.0710688317697309
loso_LGBM_fold18,full,LGBM,V_raw,A0,T_main,0.000269,0,loso,18,test,52,21,1,1,0.9958995117109664
loso_LGBM_fold18,full,LGBM,V_raw,A0,T_main,0.000269,0,loso,18,test,53,21,1,1,0.9935397768599228
loso_LGBM_fold18,full,LGBM,V_raw,A0,T_main,0.000269,0,loso,18,test,54,21,1,1,0.9935397768599228
loso_LGBM_fold18,full,LGBM,V_raw,A0,T_main,0.000269,0,loso,18,test,55,21,0,0,0.0018853648060988
loso_CB_fold18,full,CB,V_raw,A0,T_main,0.000269,0,loso,18,test,51,21,1,0,0.1344015695219807
loso_CB_fold18,full,CB,V_raw,A0,T_main,0.000269,0,loso,18,test,52,21,1,1,0.5171182186276335
loso_CB_fold18,full,CB,V_raw,A0,T_main,0.000269,0,loso,18,test,53,21,1,1,0.5096152915073404
loso_CB_fold18,full,CB,V_raw,A0,T_main,0.000269,0,loso,18,test,54,21,1,1,0.5096152915073404
loso_CB_fold18,full,CB,V_raw,A0,T_main,0.000269,0,loso,18,test,55,21,0,0,0.113479254922695
loso_DT_fold19,full,DT,V_raw,A0,T_main,0.000269,0,loso,19,test,56,22,1,1,1.0
loso_DT_fold19,full,DT,V_raw,A0,T_main,0.000269,0,loso,19,test,57,22,1,1,1.0
loso_DT_fold19,full,DT,V_raw,A0,T_main,0.000269,0,loso,19,test,58,22,1,1,1.0
loso_DT_fold19,full,DT,V_raw,A0,T_main,0.000269,0,loso,19,test,59,22,0,1,1.0
loso_DT_fold19,full,DT,V_raw,A0,T_main,0.000269,0,loso,19,test,60,22,0,0,0.0
loso_RF_fold19,full,RF,V_raw,A0,T_main,0.000269,0,loso,19,test,56,22,1,1,0.6166666666666667
loso_RF_fold19,full,RF,V_raw,A0,T_main,0.000269,0,loso,19,test,57,22,1,1,0.7287962962962963
loso_RF_fold19,full,RF,V_raw,A0,T_main,0.000269,0,loso,19,test,58,22,1,0,0.3533333333333333
loso_RF_fold19,full,RF,V_raw,A0,T_main,0.000269,0,loso,19,test,59,22,0,0,0.3133333333333333
loso_RF_fold19,full,RF,V_raw,A0,T_main,0.000269,0,loso,19,test,60,22,0,0,0.2333333333333333
loso_LGBM_fold19,full,LGBM,V_raw,A0,T_main,0.000269,0,loso,19,test,56,22,1,1,0.9546315788674364
loso_LGBM_fold19,full,LGBM,V_raw,A0,T_main,0.000269,0,loso,19,test,57,22,1,1,0.964925161330223
loso_LGBM_fold19,full,LGBM,V_raw,A0,T_main,0.000269,0,loso,19,test,58,22,1,0,0.4965317491993025
loso_LGBM_fold19,full,LGBM,V_raw,A0,T_main,0.000269,0,loso,19,test,59,22,0,0,0.4625763657045066
loso_LGBM_fold19,full,LGBM,V_raw,A0,T_main,0.000269,0,loso,19,test,60,22,0,0,0.0319622218287796
loso_CB_fold19,full,CB,V_raw,A0,T_main,0.000269,0,loso,19,test,56,22,1,1,0.6415186705247026
loso_CB_fold19,full,CB,V_raw,A0,T_main,0.000269,0,loso,19,test,57,22,1,1,0.9276006747661848
loso_CB_fold19,full,CB,V_raw,A0,T_main,0.000269,0,loso,19,test,58,22,1,0,0.1697918779344727
loso_CB_fold19,full,CB,V_raw,A0,T_main,0.000269,0,loso,19,test,59,22,0,0,0.0608021318919439
loso_CB_fold19,full,CB,V_raw,A0,T_main,0.000269,0,loso,19,test,60,22,0,0,0.004503039256812
loso_DT_fold20,full,DT,V_raw,A0,T_main,0.000269,0,loso,20,test,61,24,0,1,1.0
loso_DT_fold20,full,DT,V_raw,A0,T_main,0.000269,0,loso,20,test,62,24,0,1,1.0
loso_DT_fold20,full,DT,V_raw,A0,T_main,0.000269,0,loso,20,test,63,24,1,1,1.0
loso_DT_fold20,full,DT,V_raw,A0,T_main,0.000269,0,loso,20,test,64,24,1,0,0.0
loso_RF_fold20,full,RF,V_raw,A0,T_main,0.000269,0,loso,20,test,61,24,0,0,0.4633333333333333
loso_RF_fold20,full,RF,V_raw,A0,T_main,0.000269,0,loso,20,test,62,24,0,0,0.5
loso_RF_fold20,full,RF,V_raw,A0,T_main,0.000269,0,loso,20,test,63,24,1,0,0.3866666666666666
loso_RF_fold20,full,RF,V_raw,A0,T_main,0.000269,0,loso,20,test,64,24,1,1,0.6338333333333334
loso_LGBM_fold20,full,LGBM,V_raw,A0,T_main,0.000269,0,loso,20,test,61,24,0,1,0.75272369862493
loso_LGBM_fold20,full,LGBM,V_raw,A0,T_main,0.000269,0,loso,20,test,62,24,0,1,0.925693329837204
loso_LGBM_fold20,full,LGBM,V_raw,A0,T_main,0.000269,0,loso,20,test,63,24,1,1,0.9040723064037752
loso_LGBM_fold20,full,LGBM,V_raw,A0,T_main,0.000269,0,loso,20,test,64,24,1,1,0.9789015156973364
loso_CB_fold20,full,CB,V_raw,A0,T_main,0.000269,0,loso,20,test,61,24,0,1,0.7651598546505418
loso_CB_fold20,full,CB,V_raw,A0,T_main,0.000269,0,loso,20,test,62,24,0,1,0.794774275811206
loso_CB_fold20,full,CB,V_raw,A0,T_main,0.000269,0,loso,20,test,63,24,1,0,0.3378989422970712
loso_CB_fold20,full,CB,V_raw,A0,T_main,0.000269,0,loso,20,test,64,24,1,1,0.835370070733999
loso_DT_fold21,full,DT,V_raw,A0,T_main,0.000269,0,loso,21,test,65,25,1,1,1.0
loso_DT_fold21,full,DT,V_raw,A0,T_main,0.000269,0,loso,21,test,66,25,0,1,1.0
loso_DT_fold21,full,DT,V_raw,A0,T_main,0.000269,0,loso,21,test,67,25,0,1,1.0
loso_DT_fold21,full,DT,V_raw,A0,T_main,0.000269,0,loso,21,test,68,25,0,1,1.0
loso_DT_fold21,full,DT,V_raw,A0,T_main,0.000269,0,loso,21,test,69,25,0,0,0.0
loso_DT_fold21,full,DT,V_raw,A0,T_main,0.000269,0,loso,21,test,70,25,0,0,0.0
loso_RF_fold21,full,RF,V_raw,A0,T_main,0.000269,0,loso,21,test,65,25,1,0,0.2445804539039001
loso_RF_fold21,full,RF,V_raw,A0,T_main,0.000269,0,loso,21,test,66,25,0,0,0.2399259972494434
loso_RF_fold21,full,RF,V_raw,A0,T_main,0.000269,0,loso,21,test,67,25,0,0,0.2587533615313917
loso_RF_fold21,full,RF,V_raw,A0,T_main,0.000269,0,loso,21,test,68,25,0,0,0.2445617286029168
loso_RF_fold21,full,RF,V_raw,A0,T_main,0.000269,0,loso,21,test,69,25,0,0,0.1185997350012585
loso_RF_fold21,full,RF,V_raw,A0,T_main,0.000269,0,loso,21,test,70,25,0,0,0.1311674388347195
loso_LGBM_fold21,full,LGBM,V_raw,A0,T_main,0.000269,0,loso,21,test,65,25,1,0,0.0285701346234556
loso_LGBM_fold21,full,LGBM,V_raw,A0,T_main,0.000269,0,loso,21,test,66,25,0,0,0.0255953755248334
loso_LGBM_fold21,full,LGBM,V_raw,A0,T_main,0.000269,0,loso,21,test,67,25,0,0,0.0432982518737314
loso_LGBM_fold21,full,LGBM,V_raw,A0,T_main,0.000269,0,loso,21,test,68,25,0,0,0.0332600709408831
loso_LGBM_fold21,full,LGBM,V_raw,A0,T_main,0.000269,0,loso,21,test,69,25,0,0,0.0008177548806339
loso_LGBM_fold21,full,LGBM,V_raw,A0,T_main,0.000269,0,loso,21,test,70,25,0,0,0.0008575832852345
loso_CB_fold21,full,CB,V_raw,A0,T_main,0.000269,0,loso,21,test,65,25,1,0,0.048023161348383
loso_CB_fold21,full,CB,V_raw,A0,T_main,0.000269,0,loso,21,test,66,25,0,0,0.0487785528685387
loso_CB_fold21,full,CB,V_raw,A0,T_main,0.000269,0,loso,21,test,67,25,0,0,0.0454091421298755
loso_CB_fold21,full,CB,V_raw,A0,T_main,0.000269,0,loso,21,test,68,25,0,0,0.048400017038248
loso_CB_fold21,full,CB,V_raw,A0,T_main,0.000269,0,loso,21,test,69,25,0,0,0.0046311584713578
loso_CB_fold21,full,CB,V_raw,A0,T_main,0.000269,0,loso,21,test,70,25,0,0,0.0045524889357485
loso_DT_fold22,full,DT,V_raw,A0,T_main,0.000269,0,loso,22,test,71,26,1,0,0.0
loso_DT_fold22,full,DT,V_raw,A0,T_main,0.000269,0,loso,22,test,72,26,0,0,0.0
loso_RF_fold22,full,RF,V_raw,A0,T_main,0.000269,0,loso,22,test,71,26,1,0,0.4065277777777777
loso_RF_fold22,full,RF,V_raw,A0,T_main,0.000269,0,loso,22,test,72,26,0,0,0.3837222222222222
loso_LGBM_fold22,full,LGBM,V_raw,A0,T_main,0.000269,0,loso,22,test,71,26,1,0,0.0577817445258076
loso_LGBM_fold22,full,LGBM,V_raw,A0,T_main,0.000269,0,loso,22,test,72,26,0,0,0.2167518257825678
loso_CB_fold22,full,CB,V_raw,A0,T_main,0.000269,0,loso,22,test,71,26,1,0,0.2631004251717836
loso_CB_fold22,full,CB,V_raw,A0,T_main,0.000269,0,loso,22,test,72,26,0,0,0.1579064306599057
loso_DT_fold23,full,DT,V_raw,A0,T_main,0.000269,0,loso,23,test,73,27,0,1,1.0
loso_DT_fold23,full,DT,V_raw,A0,T_main,0.000269,0,loso,23,test,74,27,0,1,1.0
loso_DT_fold23,full,DT,V_raw,A0,T_main,0.000269,0,loso,23,test,75,27,0,1,1.0
loso_DT_fold23,full,DT,V_raw,A0,T_main,0.000269,0,loso,23,test,76,27,0,0,0.0
loso_RF_fold23,full,RF,V_raw,A0,T_main,0.000269,0,loso,23,test,73,27,0,0,0.4266666666666667
loso_RF_fold23,full,RF,V_raw,A0,T_main,0.000269,0,loso,23,test,74,27,0,0,0.3511111111111111
loso_RF_fold23,full,RF,V_raw,A0,T_main,0.000269,0,loso,23,test,75,27,0,0,0.39
loso_RF_fold23,full,RF,V_raw,A0,T_main,0.000269,0,loso,23,test,76,27,0,0,0.0833333333333333
loso_LGBM_fold23,full,LGBM,V_raw,A0,T_main,0.000269,0,loso,23,test,73,27,0,0,0.0168661837706206
loso_LGBM_fold23,full,LGBM,V_raw,A0,T_main,0.000269,0,loso,23,test,74,27,0,0,0.0017646391128746
loso_LGBM_fold23,full,LGBM,V_raw,A0,T_main,0.000269,0,loso,23,test,75,27,0,0,0.0082863284984267
loso_LGBM_fold23,full,LGBM,V_raw,A0,T_main,0.000269,0,loso,23,test,76,27,0,0,4.762469996969753e-07
loso_CB_fold23,full,CB,V_raw,A0,T_main,0.000269,0,loso,23,test,73,27,0,0,0.2424913747415913
loso_CB_fold23,full,CB,V_raw,A0,T_main,0.000269,0,loso,23,test,74,27,0,0,0.1689146757905032
loso_CB_fold23,full,CB,V_raw,A0,T_main,0.000269,0,loso,23,test,75,27,0,0,0.1688178343440897
loso_CB_fold23,full,CB,V_raw,A0,T_main,0.000269,0,loso,23,test,76,27,0,0,0.0150869368367133
loso_DT_fold24,full,DT,V_raw,A0,T_main,0.000269,0,loso,24,test,77,28,0,0,0.0
loso_DT_fold24,full,DT,V_raw,A0,T_main,0.000269,0,loso,24,test,78,28,1,1,1.0
loso_DT_fold24,full,DT,V_raw,A0,T_main,0.000269,0,loso,24,test,79,28,1,1,1.0
loso_DT_fold24,full,DT,V_raw,A0,T_main,0.000269,0,loso,24,test,80,28,1,1,1.0
loso_DT_fold24,full,DT,V_raw,A0,T_main,0.000269,0,loso,24,test,81,28,1,1,1.0
loso_RF_fold24,full,RF,V_raw,A0,T_main,0.000269,0,loso,24,test,77,28,0,1,0.5453103344820777
loso_RF_fold24,full,RF,V_raw,A0,T_main,0.000269,0,loso,24,test,78,28,1,1,0.7696476592802208
loso_RF_fold24,full,RF,V_raw,A0,T_main,0.000269,0,loso,24,test,79,28,1,1,0.7807020415594483
loso_RF_fold24,full,RF,V_raw,A0,T_main,0.000269,0,loso,24,test,80,28,1,1,0.728894754420693
loso_RF_fold24,full,RF,V_raw,A0,T_main,0.000269,0,loso,24,test,81,28,1,1,0.7673655096902391
loso_LGBM_fold24,full,LGBM,V_raw,A0,T_main,0.000269,0,loso,24,test,77,28,0,1,0.9006991294983198
loso_LGBM_fold24,full,LGBM,V_raw,A0,T_main,0.000269,0,loso,24,test,78,28,1,1,0.9999097280974888
loso_LGBM_fold24,full,LGBM,V_raw,A0,T_main,0.000269,0,loso,24,test,79,28,1,1,0.9999711317121202
loso_LGBM_fold24,full,LGBM,V_raw,A0,T_main,0.000269,0,loso,24,test,80,28,1,1,0.9997672514217408
loso_LGBM_fold24,full,LGBM,V_raw,A0,T_main,0.000269,0,loso,24,test,81,28,1,1,0.9999879626492584
loso_CB_fold24,full,CB,V_raw,A0,T_main,0.000269,0,loso,24,test,77,28,0,1,0.5992697542522888
loso_CB_fold24,full,CB,V_raw,A0,T_main,0.000269,0,loso,24,test,78,28,1,1,0.9706116448253842
loso_CB_fold24,full,CB,V_raw,A0,T_main,0.000269,0,loso,24,test,79,28,1,1,0.9768080235946184
loso_CB_fold24,full,CB,V_raw,A0,T_main,0.000269,0,loso,24,test,80,28,1,1,0.961061842781042
loso_CB_fold24,full,CB,V_raw,A0,T_main,0.000269,0,loso,24,test,81,28,1,1,0.9749924550975118
loso_DT_fold25,full,DT,V_raw,A0,T_main,0.000269,0,loso,25,test,82,29,1,1,1.0
loso_RF_fold25,full,RF,V_raw,A0,T_main,0.000269,0,loso,25,test,82,29,1,1,0.519041226152313
loso_LGBM_fold25,full,LGBM,V_raw,A0,T_main,0.000269,0,loso,25,test,82,29,1,1,0.9523406563375028
loso_CB_fold25,full,CB,V_raw,A0,T_main,0.000269,0,loso,25,test,82,29,1,1,0.7650106111899108
loso_DT_fold26,full,DT,V_raw,A0,T_main,0.000269,0,loso,26,test,83,30,0,1,1.0
loso_DT_fold26,full,DT,V_raw,A0,T_main,0.000269,0,loso,26,test,84,30,0,1,1.0
loso_DT_fold26,full,DT,V_raw,A0,T_main,0.000269,0,loso,26,test,85,30,0,1,1.0
loso_DT_fold26,full,DT,V_raw,A0,T_main,0.000269,0,loso,26,test,86,30,1,1,0.75
loso_DT_fold26,full,DT,V_raw,A0,T_main,0.000269,0,loso,26,test,87,30,1,1,0.75
loso_DT_fold26,full,DT,V_raw,A0,T_main,0.000269,0,loso,26,test,88,30,1,1,0.75
loso_RF_fold26,full,RF,V_raw,A0,T_main,0.000269,0,loso,26,test,83,30,0,1,0.76125
loso_RF_fold26,full,RF,V_raw,A0,T_main,0.000269,0,loso,26,test,84,30,0,1,0.84
loso_RF_fold26,full,RF,V_raw,A0,T_main,0.000269,0,loso,26,test,85,30,0,1,0.7933333333333333
loso_RF_fold26,full,RF,V_raw,A0,T_main,0.000269,0,loso,26,test,86,30,1,1,0.58
loso_RF_fold26,full,RF,V_raw,A0,T_main,0.000269,0,loso,26,test,87,30,1,1,0.58
loso_RF_fold26,full,RF,V_raw,A0,T_main,0.000269,0,loso,26,test,88,30,1,1,0.58
loso_LGBM_fold26,full,LGBM,V_raw,A0,T_main,0.000269,0,loso,26,test,83,30,0,1,0.9332454456669762
loso_LGBM_fold26,full,LGBM,V_raw,A0,T_main,0.000269,0,loso,26,test,84,30,0,1,0.9970012278336958
loso_LGBM_fold26,full,LGBM,V_raw,A0,T_main,0.000269,0,loso,26,test,85,30,0,1,0.9977179815470308
loso_LGBM_fold26,full,LGBM,V_raw,A0,T_main,0.000269,0,loso,26,test,86,30,1,1,0.9967701771576236
loso_LGBM_fold26,full,LGBM,V_raw,A0,T_main,0.000269,0,loso,26,test,87,30,1,1,0.9967701771576236
loso_LGBM_fold26,full,LGBM,V_raw,A0,T_main,0.000269,0,loso,26,test,88,30,1,1,0.9967701771576236
loso_CB_fold26,full,CB,V_raw,A0,T_main,0.000269,0,loso,26,test,83,30,0,1,0.9840272654390388
loso_CB_fold26,full,CB,V_raw,A0,T_main,0.000269,0,loso,26,test,84,30,0,1,0.9914795143476716
loso_CB_fold26,full,CB,V_raw,A0,T_main,0.000269,0,loso,26,test,85,30,0,1,0.9902153085853952
loso_CB_fold26,full,CB,V_raw,A0,T_main,0.000269,0,loso,26,test,86,30,1,1,0.9215610478161268
loso_CB_fold26,full,CB,V_raw,A0,T_main,0.000269,0,loso,26,test,87,30,1,1,0.9215610478161268
loso_CB_fold26,full,CB,V_raw,A0,T_main,0.000269,0,loso,26,test,88,30,1,1,0.9215610478161268
loso_DT_fold27,full,DT,V_raw,A0,T_main,0.000269,0,loso,27,test,89,31,0,0,0.0
loso_DT_fold27,full,DT,V_raw,A0,T_main,0.000269,0,loso,27,test,90,31,0,0,0.0
loso_DT_fold27,full,DT,V_raw,A0,T_main,0.000269,0,loso,27,test,91,31,0,1,1.0
loso_DT_fold27,full,DT,V_raw,A0,T_main,0.000269,0,loso,27,test,92,31,1,1,1.0
loso_DT_fold27,full,DT,V_raw,A0,T_main,0.000269,0,loso,27,test,93,31,1,1,1.0
loso_DT_fold27,full,DT,V_raw,A0,T_main,0.000269,0,loso,27,test,94,31,1,1,1.0
loso_DT_fold27,full,DT,V_raw,A0,T_main,0.000269,0,loso,27,test,95,31,1,1,1.0
loso_DT_fold27,full,DT,V_raw,A0,T_main,0.000269,0,loso,27,test,96,31,1,1,1.0
loso_DT_fold27,full,DT,V_raw,A0,T_main,0.000269,0,loso,27,test,97,31,1,1,1.0
loso_DT_fold27,full,DT,V_raw,A0,T_main,0.000269,0,loso,27,test,98,31,1,1,1.0
loso_RF_fold27,full,RF,V_raw,A0,T_main,0.000269,0,loso,27,test,89,31,0,0,0.0933333333333333
loso_RF_fold27,full,RF,V_raw,A0,T_main,0.000269,0,loso,27,test,90,31,0,0,0.3533333333333333
loso_RF_fold27,full,RF,V_raw,A0,T_main,0.000269,0,loso,27,test,91,31,0,0,0.4333333333333333
loso_RF_fold27,full,RF,V_raw,A0,T_main,0.000269,0,loso,27,test,92,31,1,1,0.5333333333333333
loso_RF_fold27,full,RF,V_raw,A0,T_main,0.000269,0,loso,27,test,93,31,1,1,0.7316190476190477
loso_RF_fold27,full,RF,V_raw,A0,T_main,0.000269,0,loso,27,test,94,31,1,1,0.6466190476190478
loso_RF_fold27,full,RF,V_raw,A0,T_main,0.000269,0,loso,27,test,95,31,1,1,0.6176666666666668
loso_RF_fold27,full,RF,V_raw,A0,T_main,0.000269,0,loso,27,test,96,31,1,1,0.6076666666666668
loso_RF_fold27,full,RF,V_raw,A0,T_main,0.000269,0,loso,27,test,97,31,1,1,0.6110000000000001
loso_RF_fold27,full,RF,V_raw,A0,T_main,0.000269,0,loso,27,test,98,31,1,1,0.7316190476190477
loso_LGBM_fold27,full,LGBM,V_raw,A0,T_main,0.000269,0,loso,27,test,89,31,0,0,0.0158031850325177
loso_LGBM_fold27,full,LGBM,V_raw,A0,T_main,0.000269,0,loso,27,test,90,31,0,0,0.024247068328653
loso_LGBM_fold27,full,LGBM,V_raw,A0,T_main,0.000269,0,loso,27,test,91,31,0,0,0.3960132507808063
loso_LGBM_fold27,full,LGBM,V_raw,A0,T_main,0.000269,0,loso,27,test,92,31,1,0,0.4270860919812821
loso_LGBM_fold27,full,LGBM,V_raw,A0,T_main,0.000269,0,loso,27,test,93,31,1,1,0.9751938182442972
loso_LGBM_fold27,full,LGBM,V_raw,A0,T_main,0.000269,0,loso,27,test,94,31,1,1,0.960597854960121
loso_LGBM_fold27,full,LGBM,V_raw,A0,T_main,0.000269,0,loso,27,test,95,31,1,1,0.9375781077619324
loso_LGBM_fold27,full,LGBM,V_raw,A0,T_main,0.000269,0,loso,27,test,96,31,1,1,0.8812217856046989
loso_LGBM_fold27,full,LGBM,V_raw,A0,T_main,0.000269,0,loso,27,test,97,31,1,1,0.8812217856046989
loso_LGBM_fold27,full,LGBM,V_raw,A0,T_main,0.000269,0,loso,27,test,98,31,1,1,0.9751938182442972
loso_CB_fold27,full,CB,V_raw,A0,T_main,0.000269,0,loso,27,test,89,31,0,0,0.0162233889186674
loso_CB_fold27,full,CB,V_raw,A0,T_main,0.000269,0,loso,27,test,90,31,0,0,0.0053469488173695
loso_CB_fold27,full,CB,V_raw,A0,T_main,0.000269,0,loso,27,test,91,31,0,0,0.1705218648722544
loso_CB_fold27,full,CB,V_raw,A0,T_main,0.000269,0,loso,27,test,92,31,1,0,0.2891163326398827
loso_CB_fold27,full,CB,V_raw,A0,T_main,0.000269,0,loso,27,test,93,31,1,1,0.9985338603846384
loso_CB_fold27,full,CB,V_raw,A0,T_main,0.000269,0,loso,27,test,94,31,1,1,0.9918123420187308
loso_CB_fold27,full,CB,V_raw,A0,T_main,0.000269,0,loso,27,test,95,31,1,1,0.9918932538572476
loso_CB_fold27,full,CB,V_raw,A0,T_main,0.000269,0,loso,27,test,96,31,1,1,0.9862214465749538
loso_CB_fold27,full,CB,V_raw,A0,T_main,0.000269,0,loso,27,test,97,31,1,1,0.9865086253860452
loso_CB_fold27,full,CB,V_raw,A0,T_main,0.000269,0,loso,27,test,98,31,1,1,0.9985338603846384
loso_DT_fold28,full,DT,V_raw,A0,T_main,0.000269,0,loso,28,test,99,32,0,0,0.0
loso_DT_fold28,full,DT,V_raw,A0,T_main,0.000269,0,loso,28,test,100,32,0,1,1.0
loso_DT_fold28,full,DT,V_raw,A0,T_main,0.000269,0,loso,28,test,101,32,0,1,1.0
loso_DT_fold28,full,DT,V_raw,A0,T_main,0.000269,0,loso,28,test,102,32,0,1,1.0
loso_DT_fold28,full,DT,V_raw,A0,T_main,0.000269,0,loso,28,test,103,32,0,0,0.0
loso_DT_fold28,full,DT,V_raw,A0,T_main,0.000269,0,loso,28,test,104,32,0,0,0.0
loso_DT_fold28,full,DT,V_raw,A0,T_main,0.000269,0,loso,28,test,105,32,0,1,1.0
loso_DT_fold28,full,DT,V_raw,A0,T_main,0.000269,0,loso,28,test,106,32,0,1,1.0
loso_DT_fold28,full,DT,V_raw,A0,T_main,0.000269,0,loso,28,test,107,32,0,1,1.0
loso_DT_fold28,full,DT,V_raw,A0,T_main,0.000269,0,loso,28,test,108,32,0,0,0.0
loso_DT_fold28,full,DT,V_raw,A0,T_main,0.000269,0,loso,28,test,109,32,0,0,0.0
loso_DT_fold28,full,DT,V_raw,A0,T_main,0.000269,0,loso,28,test,110,32,0,1,1.0
loso_DT_fold28,full,DT,V_raw,A0,T_main,0.000269,0,loso,28,test,111,32,0,1,1.0
loso_DT_fold28,full,DT,V_raw,A0,T_main,0.000269,0,loso,28,test,112,32,0,1,1.0
loso_DT_fold28,full,DT,V_raw,A0,T_main,0.000269,0,loso,28,test,113,32,0,0,0.0
loso_DT_fold28,full,DT,V_raw,A0,T_main,0.000269,0,loso,28,test,114,32,0,0,0.0
loso_DT_fold28,full,DT,V_raw,A0,T_main,0.000269,0,loso,28,test,115,32,0,1,1.0
loso_DT_fold28,full,DT,V_raw,A0,T_main,0.000269,0,loso,28,test,116,32,1,1,1.0
loso_DT_fold28,full,DT,V_raw,A0,T_main,0.000269,0,loso,28,test,117,32,1,1,1.0
loso_DT_fold28,full,DT,V_raw,A0,T_main,0.000269,0,loso,28,test,118,32,1,0,0.0
loso_RF_fold28,full,RF,V_raw,A0,T_main,0.000269,0,loso,28,test,99,32,0,0,0.02
loso_RF_fold28,full,RF,V_raw,A0,T_main,0.000269,0,loso,28,test,100,32,0,1,0.7070496396391964
loso_RF_fold28,full,RF,V_raw,A0,T_main,0.000269,0,loso,28,test,101,32,0,1,0.7721143165623262
loso_RF_fold28,full,RF,V_raw,A0,T_main,0.000269,0,loso,28,test,102,32,0,1,0.7617532054512152
loso_RF_fold28,full,RF,V_raw,A0,T_main,0.000269,0,loso,28,test,103,32,0,1,0.7181586120021115
loso_RF_fold28,full,RF,V_raw,A0,T_main,0.000269,0,loso,28,test,104,32,0,0,0.02
loso_RF_fold28,full,RF,V_raw,A0,T_main,0.000269,0,loso,28,test,105,32,0,1,0.711776768127834
loso_RF_fold28,full,RF,V_raw,A0,T_main,0.000269,0,loso,28,test,106,32,0,1,0.7694080614411096
loso_RF_fold28,full,RF,V_raw,A0,T_main,0.000269,0,loso,28,test,107,32,0,1,0.7621580614411096
loso_RF_fold28,full,RF,V_raw,A0,T_main,0.000269,0,loso,28,test,108,32,0,1,0.6630164594449974
loso_RF_fold28,full,RF,V_raw,A0,T_main,0.000269,0,loso,28,test,109,32,0,0,0.01
loso_RF_fold28,full,RF,V_raw,A0,T_main,0.000269,0,loso,28,test,110,32,0,1,0.7237440840836409
loso_RF_fold28,full,RF,V_raw,A0,T_main,0.000269,0,loso,28,test,111,32,0,1,0.7993643165623264
loso_RF_fold28,full,RF,V_raw,A0,T_main,0.000269,0,loso,28,test,112,32,0,1,0.7890032054512153
loso_RF_fold28,full,RF,V_raw,A0,T_main,0.000269,0,loso,28,test,113,32,0,1,0.7450673421608417
loso_RF_fold28,full,RF,V_raw,A0,T_main,0.000269,0,loso,28,test,114,32,0,0,0.01
loso_RF_fold28,full,RF,V_raw,A0,T_main,0.000269,0,loso,28,test,115,32,0,1,0.7356934347945006
loso_RF_fold28,full,RF,V_raw,A0,T_main,0.000269,0,loso,28,test,116,32,1,1,0.803880283663332
loso_RF_fold28,full,RF,V_raw,A0,T_main,0.000269,0,loso,28,test,117,32,1,1,0.7966302836633319
loso_RF_fold28,full,RF,V_raw,A0,T_main,0.000269,0,loso,28,test,118,32,1,1,0.7021474118259498
loso_LGBM_fold28,full,LGBM,V_raw,A0,T_main,0.000269,0,loso,28,test,99,32,0,0,0.0061860277748989
loso_LGBM_fold28,full,LGBM,V_raw,A0,T_main,0.000269,0,loso,28,test,100,32,0,1,0.7728203544610588
loso_LGBM_fold28,full,LGBM,V_raw,A0,T_main,0.000269,0,loso,28,test,101,32,0,1,0.9803554617239664
loso_LGBM_fold28,full,LGBM,V_raw,A0,T_main,0.000269,0,loso,28,test,102,32,0,1,0.9801122096629136
loso_LGBM_fold28,full,LGBM,V_raw,A0,T_main,0.000269,0,loso,28,test,103,32,0,1,0.5653944033386795
loso_LGBM_fold28,full,LGBM,V_raw,A0,T_main,0.000269,0,loso,28,test,104,32,0,0,0.0060583470343507
loso_LGBM_fold28,full,LGBM,V_raw,A0,T_main,0.000269,0,loso,28,test,105,32,0,1,0.7617057427193143
loso_LGBM_fold28,full,LGBM,V_raw,A0,T_main,0.000269,0,loso,28,test,106,32,0,1,0.9790919727917304
loso_LGBM_fold28,full,LGBM,V_raw,A0,T_main,0.000269,0,loso,28,test,107,32,0,1,0.9781273043643244
loso_LGBM_fold28,full,LGBM,V_raw,A0,T_main,0.000269,0,loso,28,test,108,32,0,0,0.2751716933222339
loso_LGBM_fold28,full,LGBM,V_raw,A0,T_main,0.000269,0,loso,28,test,109,32,0,0,0.0059474623343794
loso_LGBM_fold28,full,LGBM,V_raw,A0,T_main,0.000269,0,loso,28,test,110,32,0,1,0.7873275933322942
loso_LGBM_fold28,full,LGBM,V_raw,A0,T_main,0.000269,0,loso,28,test,111,32,0,1,0.9884491070805508
loso_LGBM_fold28,full,LGBM,V_raw,A0,T_main,0.000269,0,loso,28,test,112,32,0,1,0.9886678194905054
loso_LGBM_fold28,full,LGBM,V_raw,A0,T_main,0.000269,0,loso,28,test,113,32,0,1,0.69401234576172
loso_LGBM_fold28,full,LGBM,V_raw,A0,T_main,0.000269,0,loso,28,test,114,32,0,0,0.0058246767685644
loso_LGBM_fold28,full,LGBM,V_raw,A0,T_main,0.000269,0,loso,28,test,115,32,0,1,0.7367456624278719
loso_LGBM_fold28,full,LGBM,V_raw,A0,T_main,0.000269,0,loso,28,test,116,32,1,1,0.9876996503153966
loso_LGBM_fold28,full,LGBM,V_raw,A0,T_main,0.000269,0,loso,28,test,117,32,1,1,0.987525941052258
loso_LGBM_fold28,full,LGBM,V_raw,A0,T_main,0.000269,0,loso,28,test,118,32,1,0,0.3474658689352686
loso_CB_fold28,full,CB,V_raw,A0,T_main,0.000269,0,loso,28,test,99,32,0,0,0.0034679306135094
loso_CB_fold28,full,CB,V_raw,A0,T_main,0.000269,0,loso,28,test,100,32,0,1,0.6028549833579917
loso_CB_fold28,full,CB,V_raw,A0,T_main,0.000269,0,loso,28,test,101,32,0,1,0.9500868447371282
loso_CB_fold28,full,CB,V_raw,A0,T_main,0.000269,0,loso,28,test,102,32,0,1,0.9474474932174124
loso_CB_fold28,full,CB,V_raw,A0,T_main,0.000269,0,loso,28,test,103,32,0,1,0.5463007722671516
loso_CB_fold28,full,CB,V_raw,A0,T_main,0.000269,0,loso,28,test,104,32,0,0,0.0031502591460768
loso_CB_fold28,full,CB,V_raw,A0,T_main,0.000269,0,loso,28,test,105,32,0,1,0.561810158516754
loso_CB_fold28,full,CB,V_raw,A0,T_main,0.000269,0,loso,28,test,106,32,0,1,0.9272047885962516
loso_CB_fold28,full,CB,V_raw,A0,T_main,0.000269,0,loso,28,test,107,32,0,1,0.9234529457215184
loso_CB_fold28,full,CB,V_raw,A0,T_main,0.000269,0,loso,28,test,108,32,0,0,0.4250764055700876
loso_CB_fold28,full,CB,V_raw,A0,T_main,0.000269,0,loso,28,test,109,32,0,0,0.0056294048114236
loso_CB_fold28,full,CB,V_raw,A0,T_main,0.000269,0,loso,28,test,110,32,0,1,0.8374222632415708
loso_CB_fold28,full,CB,V_raw,A0,T_main,0.000269,0,loso,28,test,111,32,0,1,0.9881609419316546
loso_CB_fold28,full,CB,V_raw,A0,T_main,0.000269,0,loso,28,test,112,32,0,1,0.9875084351584108
loso_CB_fold28,full,CB,V_raw,A0,T_main,0.000269,0,loso,28,test,113,32,0,1,0.7837055748054704
loso_CB_fold28,full,CB,V_raw,A0,T_main,0.000269,0,loso,28,test,114,32,0,0,0.0051147529117104
loso_CB_fold28,full,CB,V_raw,A0,T_main,0.000269,0,loso,28,test,115,32,0,1,0.8131043089665788
loso_CB_fold28,full,CB,V_raw,A0,T_main,0.000269,0,loso,28,test,116,32,1,1,0.9824103251789652
loso_CB_fold28,full,CB,V_raw,A0,T_main,0.000269,0,loso,28,test,117,32,1,1,0.9814468253435976
loso_CB_fold28,full,CB,V_raw,A0,T_main,0.000269,0,loso,28,test,118,32,1,1,0.689908041494445
loso_DT_fold29,full,DT,V_raw,A0,T_main,0.000269,0,loso,29,test,119,33,0,0,0.0
loso_DT_fold29,full,DT,V_raw,A0,T_main,0.000269,0,loso,29,test,120,33,1,0,0.0
loso_DT_fold29,full,DT,V_raw,A0,T_main,0.000269,0,loso,29,test,121,33,1,0,0.0
loso_DT_fold29,full,DT,V_raw,A0,T_main,0.000269,0,loso,29,test,122,33,0,0,0.0
loso_RF_fold29,full,RF,V_raw,A0,T_main,0.000269,0,loso,29,test,119,33,0,0,0.04
loso_RF_fold29,full,RF,V_raw,A0,T_main,0.000269,0,loso,29,test,120,33,1,0,0.3658333333333333
loso_RF_fold29,full,RF,V_raw,A0,T_main,0.000269,0,loso,29,test,121,33,1,0,0.2425
loso_RF_fold29,full,RF,V_raw,A0,T_main,0.000269,0,loso,29,test,122,33,0,0,0.1533333333333333
loso_LGBM_fold29,full,LGBM,V_raw,A0,T_main,0.000269,0,loso,29,test,119,33,0,0,0.0027986951084646
loso_LGBM_fold29,full,LGBM,V_raw,A0,T_main,0.000269,0,loso,29,test,120,33,1,0,0.1759603578535519
loso_LGBM_fold29,full,LGBM,V_raw,A0,T_main,0.000269,0,loso,29,test,121,33,1,0,0.0668902547686965
loso_LGBM_fold29,full,LGBM,V_raw,A0,T_main,0.000269,0,loso,29,test,122,33,0,0,0.0130133894295307
loso_CB_fold29,full,CB,V_raw,A0,T_main,0.000269,0,loso,29,test,119,33,0,0,0.0020114332860155
loso_CB_fold29,full,CB,V_raw,A0,T_main,0.000269,0,loso,29,test,120,33,1,0,0.3862217308094424
loso_CB_fold29,full,CB,V_raw,A0,T_main,0.000269,0,loso,29,test,121,33,1,0,0.1226504165114987
loso_CB_fold29,full,CB,V_raw,A0,T_main,0.000269,0,loso,29,test,122,33,0,0,0.0012003997350091
loso_DT_fold30,full,DT,V_raw,A0,T_main,0.000269,0,loso,30,test,123,34,0,0,0.0
loso_DT_fold30,full,DT,V_raw,A0,T_main,0.000269,0,loso,30,test,124,34,0,1,1.0
loso_DT_fold30,full,DT,V_raw,A0,T_main,0.000269,0,loso,30,test,125,34,1,1,1.0
loso_DT_fold30,full,DT,V_raw,A0,T_main,0.000269,0,loso,30,test,126,34,1,1,1.0
loso_DT_fold30,full,DT,V_raw,A0,T_main,0.000269,0,loso,30,test,127,34,1,1,1.0
loso_DT_fold30,full,DT,V_raw,A0,T_main,0.000269,0,loso,30,test,128,34,0,1,1.0
loso_RF_fold30,full,RF,V_raw,A0,T_main,0.000269,0,loso,30,test,123,34,0,0,0.1373327582240625
loso_RF_fold30,full,RF,V_raw,A0,T_main,0.000269,0,loso,30,test,124,34,0,1,0.627180207637577
loso_RF_fold30,full,RF,V_raw,A0,T_main,0.000269,0,loso,30,test,125,34,1,1,0.8858529896980099
loso_RF_fold30,full,RF,V_raw,A0,T_main,0.000269,0,loso,30,test,126,34,1,1,0.8819686181825057
loso_RF_fold30,full,RF,V_raw,A0,T_main,0.000269,0,loso,30,test,127,34,1,1,0.8153062041139462
loso_RF_fold30,full,RF,V_raw,A0,T_main,0.000269,0,loso,30,test,128,34,0,1,0.6418160285487707
loso_LGBM_fold30,full,LGBM,V_raw,A0,T_main,0.000269,0,loso,30,test,123,34,0,0,0.0090871119581183
loso_LGBM_fold30,full,LGBM,V_raw,A0,T_main,0.000269,0,loso,30,test,124,34,0,0,0.3276975901375002
loso_LGBM_fold30,full,LGBM,V_raw,A0,T_main,0.000269,0,loso,30,test,125,34,1,1,0.943217235997085
loso_LGBM_fold30,full,LGBM,V_raw,A0,T_main,0.000269,0,loso,30,test,126,34,1,1,0.9788480145981794
loso_LGBM_fold30,full,LGBM,V_raw,A0,T_main,0.000269,0,loso,30,test,127,34,1,1,0.9441899357638956
loso_LGBM_fold30,full,LGBM,V_raw,A0,T_main,0.000269,0,loso,30,test,128,34,0,0,0.178048237609144
loso_CB_fold30,full,CB,V_raw,A0,T_main,0.000269,0,loso,30,test,123,34,0,0,0.0085017955445012
loso_CB_fold30,full,CB,V_raw,A0,T_main,0.000269,0,loso,30,test,124,34,0,0,0.1707327107683909
loso_CB_fold30,full,CB,V_raw,A0,T_main,0.000269,0,loso,30,test,125,34,1,1,0.9966760191484308
loso_CB_fold30,full,CB,V_raw,A0,T_main,0.000269,0,loso,30,test,126,34,1,1,0.9993246778985418
loso_CB_fold30,full,CB,V_raw,A0,T_main,0.000269,0,loso,30,test,127,34,1,1,0.99914812347852
loso_CB_fold30,full,CB,V_raw,A0,T_main,0.000269,0,loso,30,test,128,34,0,0,0.4490992675963845
loso_DT_fold31,full,DT,V_raw,A0,T_main,0.000269,0,loso,31,test,129,35,0,0,0.0
loso_DT_fold31,full,DT,V_raw,A0,T_main,0.000269,0,loso,31,test,130,35,0,0,0.0
loso_DT_fold31,full,DT,V_raw,A0,T_main,0.000269,0,loso,31,test,131,35,0,0,0.0
loso_DT_fold31,full,DT,V_raw,A0,T_main,0.000269,0,loso,31,test,132,35,0,0,0.0
loso_DT_fold31,full,DT,V_raw,A0,T_main,0.000269,0,loso,31,test,133,35,0,0,0.0
loso_RF_fold31,full,RF,V_raw,A0,T_main,0.000269,0,loso,31,test,129,35,0,0,0.0188280423280423
loso_RF_fold31,full,RF,V_raw,A0,T_main,0.000269,0,loso,31,test,130,35,0,0,0.4111491101491103
loso_RF_fold31,full,RF,V_raw,A0,T_main,0.000269,0,loso,31,test,131,35,0,0,0.3164457671957672
loso_RF_fold31,full,RF,V_raw,A0,T_main,0.000269,0,loso,31,test,132,35,0,0,0.3398777056277056
loso_RF_fold31,full,RF,V_raw,A0,T_main,0.000269,0,loso,31,test,133,35,0,0,0.1298892496392496
loso_LGBM_fold31,full,LGBM,V_raw,A0,T_main,0.000269,0,loso,31,test,129,35,0,0,1.6264339969188434e-08
loso_LGBM_fold31,full,LGBM,V_raw,A0,T_main,0.000269,0,loso,31,test,130,35,0,0,0.0034299935156214
loso_LGBM_fold31,full,LGBM,V_raw,A0,T_main,0.000269,0,loso,31,test,131,35,0,0,0.0002319268771838
loso_LGBM_fold31,full,LGBM,V_raw,A0,T_main,0.000269,0,loso,31,test,132,35,0,0,0.0014339803082339
loso_LGBM_fold31,full,LGBM,V_raw,A0,T_main,0.000269,0,loso,31,test,133,35,0,0,1.6063619373540209e-06
loso_CB_fold31,full,CB,V_raw,A0,T_main,0.000269,0,loso,31,test,129,35,0,0,0.0055984557284398
loso_CB_fold31,full,CB,V_raw,A0,T_main,0.000269,0,loso,31,test,130,35,0,0,0.3054643708483626
loso_CB_fold31,full,CB,V_raw,A0,T_main,0.000269,0,loso,31,test,131,35,0,0,0.2554260639239998
loso_CB_fold31,full,CB,V_raw,A0,T_main,0.000269,0,loso,31,test,132,35,0,0,0.255054649444588
loso_CB_fold31,full,CB,V_raw,A0,T_main,0.000269,0,loso,31,test,133,35,0,0,0.0261370337863394
loso_DT_fold32,full,DT,V_raw,A0,T_main,0.000269,0,loso,32,test,134,36,1,0,0.3333333333333333
loso_DT_fold32,full,DT,V_raw,A0,T_main,0.000269,0,loso,32,test,135,36,1,0,0.3333333333333333
loso_DT_fold32,full,DT,V_raw,A0,T_main,0.000269,0,loso,32,test,136,36,1,0,0.3333333333333333
loso_DT_fold32,full,DT,V_raw,A0,T_main,0.000269,0,loso,32,test,137,36,0,0,0.3333333333333333
loso_DT_fold32,full,DT,V_raw,A0,T_main,0.000269,0,loso,32,test,138,36,0,0,0.3333333333333333
loso_DT_fold32,full,DT,V_raw,A0,T_main,0.000269,0,loso,32,test,139,36,0,0,0.0
loso_DT_fold32,full,DT,V_raw,A0,T_main,0.000269,0,loso,32,test,140,36,0,0,0.0
loso_DT_fold32,full,DT,V_raw,A0,T_main,0.000269,0,loso,32,test,141,36,0,0,0.0
loso_RF_fold32,full,RF,V_raw,A0,T_main,0.000269,0,loso,32,test,134,36,1,1,0.5699444444444443
loso_RF_fold32,full,RF,V_raw,A0,T_main,0.000269,0,loso,32,test,135,36,1,1,0.6411111111111111
loso_RF_fold32,full,RF,V_raw,A0,T_main,0.000269,0,loso,32,test,136,36,1,1,0.6464444444444445
loso_RF_fold32,full,RF,V_raw,A0,T_main,0.000269,0,loso,32,test,137,36,0,1,0.6464444444444445
loso_RF_fold32,full,RF,V_raw,A0,T_main,0.000269,0,loso,32,test,138,36,0,1,0.6297777777777778
loso_RF_fold32,full,RF,V_raw,A0,T_main,0.000269,0,loso,32,test,139,36,0,0,0.3732777777777777
loso_RF_fold32,full,RF,V_raw,A0,T_main,0.000269,0,loso,32,test,140,36,0,0,0.2541111111111111
loso_RF_fold32,full,RF,V_raw,A0,T_main,0.000269,0,loso,32,test,141,36,0,0,0.2141111111111111
loso_LGBM_fold32,full,LGBM,V_raw,A0,T_main,0.000269,0,loso,32,test,134,36,1,0,0.3407449251913092
loso_LGBM_fold32,full,LGBM,V_raw,A0,T_main,0.000269,0,loso,32,test,135,36,1,1,0.9426871127835472
loso_LGBM_fold32,full,LGBM,V_raw,A0,T_main,0.000269,0,loso,32,test,136,36,1,1,0.9426871127835472
loso_LGBM_fold32,full,LGBM,V_raw,A0,T_main,0.000269,0,loso,32,test,137,36,0,1,0.9426871127835472
loso_LGBM_fold32,full,LGBM,V_raw,A0,T_main,0.000269,0,loso,32,test,138,36,0,1,0.8034476622604736
loso_LGBM_fold32,full,LGBM,V_raw,A0,T_main,0.000269,0,loso,32,test,139,36,0,0,0.0145130299154726
loso_LGBM_fold32,full,LGBM,V_raw,A0,T_main,0.000269,0,loso,32,test,140,36,0,0,0.0145130299154726
loso_LGBM_fold32,full,LGBM,V_raw,A0,T_main,0.000269,0,loso,32,test,141,36,0,0,0.006789946892852
loso_CB_fold32,full,CB,V_raw,A0,T_main,0.000269,0,loso,32,test,134,36,1,0,0.4180165983408612
loso_CB_fold32,full,CB,V_raw,A0,T_main,0.000269,0,loso,32,test,135,36,1,1,0.7694660829843792
loso_CB_fold32,full,CB,V_raw,A0,T_main,0.000269,0,loso,32,test,136,36,1,1,0.8086826193808156
loso_CB_fold32,full,CB,V_raw,A0,T_main,0.000269,0,loso,32,test,137,36,0,1,0.7740882392878526
loso_CB_fold32,full,CB,V_raw,A0,T_main,0.000269,0,loso,32,test,138,36,0,1,0.745872033742112
loso_CB_fold32,full,CB,V_raw,A0,T_main,0.000269,0,loso,32,test,139,36,0,0,0.0700376080293673
loso_CB_fold32,full,CB,V_raw,A0,T_main,0.000269,0,loso,32,test,140,36,0,0,0.0540897758091616
loso_CB_fold32,full,CB,V_raw,A0,T_main,0.000269,0,loso,32,test,141,36,0,0,0.0597992187200186
loso_DT_fold33,full,DT,V_raw,A0,T_main,0.000269,0,loso,33,test,142,37,1,0,0.0
loso_DT_fold33,full,DT,V_raw,A0,T_main,0.000269,0,loso,33,test,143,37,1,0,0.0
loso_DT_fold33,full,DT,V_raw,A0,T_main,0.000269,0,loso,33,test,144,37,1,0,0.0
loso_DT_fold33,full,DT,V_raw,A0,T_main,0.000269,0,loso,33,test,145,37,1,0,0.0
loso_RF_fold33,full,RF,V_raw,A0,T_main,0.000269,0,loso,33,test,142,37,1,0,0.2166666666666666
loso_RF_fold33,full,RF,V_raw,A0,T_main,0.000269,0,loso,33,test,143,37,1,0,0.3433333333333333
loso_RF_fold33,full,RF,V_raw,A0,T_main,0.000269,0,loso,33,test,144,37,1,0,0.3133333333333333
loso_RF_fold33,full,RF,V_raw,A0,T_main,0.000269,0,loso,33,test,145,37,1,0,0.2433333333333333
loso_LGBM_fold33,full,LGBM,V_raw,A0,T_main,0.000269,0,loso,33,test,142,37,1,0,0.308952379741481
loso_LGBM_fold33,full,LGBM,V_raw,A0,T_main,0.000269,0,loso,33,test,143,37,1,0,0.4593073682837179
loso_LGBM_fold33,full,LGBM,V_raw,A0,T_main,0.000269,0,loso,33,test,144,37,1,0,0.1442363356980213
loso_LGBM_fold33,full,LGBM,V_raw,A0,T_main,0.000269,0,loso,33,test,145,37,1,0,0.1442363356980213
loso_CB_fold33,full,CB,V_raw,A0,T_main,0.000269,0,loso,33,test,142,37,1,0,0.0947896625261368
loso_CB_fold33,full,CB,V_raw,A0,T_main,0.000269,0,loso,33,test,143,37,1,0,0.4737432402784418
loso_CB_fold33,full,CB,V_raw,A0,T_main,0.000269,0,loso,33,test,144,37,1,0,0.3540761522276189
loso_CB_fold33,full,CB,V_raw,A0,T_main,0.000269,0,loso,33,test,145,37,1,0,0.0274081161683888
loso_DT_fold34,full,DT,V_raw,A0,T_main,0.000269,0,loso,34,test,146,38,1,1,1.0
loso_DT_fold34,full,DT,V_raw,A0,T_main,0.000269,0,loso,34,test,147,38,1,0,0.0
loso_DT_fold34,full,DT,V_raw,A0,T_main,0.000269,0,loso,34,test,148,38,1,0,0.0
loso_DT_fold34,full,DT,V_raw,A0,T_main,0.000269,0,loso,34,test,149,38,1,0,0.0
loso_DT_fold34,full,DT,V_raw,A0,T_main,0.000269,0,loso,34,test,150,38,1,0,0.0
loso_DT_fold34,full,DT,V_raw,A0,T_main,0.000269,0,loso,34,test,151,38,1,0,0.0
loso_RF_fold34,full,RF,V_raw,A0,T_main,0.000269,0,loso,34,test,146,38,1,1,0.7373105939848912
loso_RF_fold34,full,RF,V_raw,A0,T_main,0.000269,0,loso,34,test,147,38,1,1,0.5061558732737926
loso_RF_fold34,full,RF,V_raw,A0,T_main,0.000269,0,loso,34,test,148,38,1,1,0.5061558732737926
loso_RF_fold34,full,RF,V_raw,A0,T_main,0.000269,0,loso,34,test,149,38,1,1,0.5061558732737926
loso_RF_fold34,full,RF,V_raw,A0,T_main,0.000269,0,loso,34,test,150,38,1,1,0.5061558732737926
loso_RF_fold34,full,RF,V_raw,A0,T_main,0.000269,0,loso,34,test,151,38,1,1,0.5032662471136746
loso_LGBM_fold34,full,LGBM,V_raw,A0,T_main,0.000269,0,loso,34,test,146,38,1,1,0.9983076852661152
loso_LGBM_fold34,full,LGBM,V_raw,A0,T_main,0.000269,0,loso,34,test,147,38,1,1,0.7990493898597545
loso_LGBM_fold34,full,LGBM,V_raw,A0,T_main,0.000269,0,loso,34,test,148,38,1,1,0.7990493898597545
loso_LGBM_fold34,full,LGBM,V_raw,A0,T_main,0.000269,0,loso,34,test,149,38,1,1,0.7990493898597545
loso_LGBM_fold34,full,LGBM,V_raw,A0,T_main,0.000269,0,loso,34,test,150,38,1,1,0.7990493898597545
loso_LGBM_fold34,full,LGBM,V_raw,A0,T_main,0.000269,0,loso,34,test,151,38,1,1,0.7990493898597545
loso_CB_fold34,full,CB,V_raw,A0,T_main,0.000269,0,loso,34,test,146,38,1,1,0.9404352583208754
loso_CB_fold34,full,CB,V_raw,A0,T_main,0.000269,0,loso,34,test,147,38,1,1,0.6301741185462512
loso_CB_fold34,full,CB,V_raw,A0,T_main,0.000269,0,loso,34,test,148,38,1,1,0.6301741185462512
loso_CB_fold34,full,CB,V_raw,A0,T_main,0.000269,0,loso,34,test,149,38,1,1,0.6301741185462512
loso_CB_fold34,full,CB,V_raw,A0,T_main,0.000269,0,loso,34,test,150,38,1,1,0.6301741185462512
loso_CB_fold34,full,CB,V_raw,A0,T_main,0.000269,0,loso,34,test,151,38,1,1,0.614555695902066
loso_DT_fold35,full,DT,V_raw,A0,T_main,0.000269,0,loso,35,test,152,39,0,0,0.0
loso_RF_fold35,full,RF,V_raw,A0,T_main,0.000269,0,loso,35,test,152,39,0,0,0.1133333333333333
loso_LGBM_fold35,full,LGBM,V_raw,A0,T_main,0.000269,0,loso,35,test,152,39,0,0,0.0369878608315249
loso_CB_fold35,full,CB,V_raw,A0,T_main,0.000269,0,loso,35,test,152,39,0,0,0.0400604354574608
loso_DT_fold36,full,DT,V_raw,A0,T_main,0.000269,0,loso,36,test,153,40,1,1,1.0
loso_DT_fold36,full,DT,V_raw,A0,T_main,0.000269,0,loso,36,test,154,40,1,1,1.0
loso_DT_fold36,full,DT,V_raw,A0,T_main,0.000269,0,loso,36,test,155,40,1,1,1.0
loso_DT_fold36,full,DT,V_raw,A0,T_main,0.000269,0,loso,36,test,156,40,1,1,1.0
loso_DT_fold36,full,DT,V_raw,A0,T_main,0.000269,0,loso,36,test,157,40,1,1,1.0
loso_DT_fold36,full,DT,V_raw,A0,T_main,0.000269,0,loso,36,test,158,40,1,1,1.0
loso_DT_fold36,full,DT,V_raw,A0,T_main,0.000269,0,loso,36,test,159,40,1,1,1.0
loso_DT_fold36,full,DT,V_raw,A0,T_main,0.000269,0,loso,36,test,160,40,1,1,1.0
loso_DT_fold36,full,DT,V_raw,A0,T_main,0.000269,0,loso,36,test,161,40,1,1,1.0
loso_DT_fold36,full,DT,V_raw,A0,T_main,0.000269,0,loso,36,test,162,40,1,1,1.0
loso_RF_fold36,full,RF,V_raw,A0,T_main,0.000269,0,loso,36,test,153,40,1,1,0.6212949625513675
loso_RF_fold36,full,RF,V_raw,A0,T_main,0.000269,0,loso,36,test,154,40,1,1,0.6343476604429164
loso_RF_fold36,full,RF,V_raw,A0,T_main,0.000269,0,loso,36,test,155,40,1,1,0.6424841516500085
loso_RF_fold36,full,RF,V_raw,A0,T_main,0.000269,0,loso,36,test,156,40,1,1,0.6426320837815038
loso_RF_fold36,full,RF,V_raw,A0,T_main,0.000269,0,loso,36,test,157,40,1,1,0.643243194892615
loso_RF_fold36,full,RF,V_raw,A0,T_main,0.000269,0,loso,36,test,158,40,1,1,0.6324016326624502
loso_RF_fold36,full,RF,V_raw,A0,T_main,0.000269,0,loso,36,test,159,40,1,1,0.6582233716073538
loso_RF_fold36,full,RF,V_raw,A0,T_main,0.000269,0,loso,36,test,160,40,1,1,0.6460225285552974
loso_RF_fold36,full,RF,V_raw,A0,T_main,0.000269,0,loso,36,test,161,40,1,1,0.6469220742644205
loso_RF_fold36,full,RF,V_raw,A0,T_main,0.000269,0,loso,36,test,162,40,1,1,0.6441998520421983
loso_LGBM_fold36,full,LGBM,V_raw,A0,T_main,0.000269,0,loso,36,test,153,40,1,0,0.0041427813383104
loso_LGBM_fold36,full,LGBM,V_raw,A0,T_main,0.000269,0,loso,36,test,154,40,1,1,0.9338733461980148
loso_LGBM_fold36,full,LGBM,V_raw,A0,T_main,0.000269,0,loso,36,test,155,40,1,1,0.9780022279060336
loso_LGBM_fold36,full,LGBM,V_raw,A0,T_main,0.000269,0,loso,36,test,156,40,1,1,0.9859747684812432
loso_LGBM_fold36,full,LGBM,V_raw,A0,T_main,0.000269,0,loso,36,test,157,40,1,1,0.9859747684812432
loso_LGBM_fold36,full,LGBM,V_raw,A0,T_main,0.000269,0,loso,36,test,158,40,1,0,0.0098865301283041
loso_LGBM_fold36,full,LGBM,V_raw,A0,T_main,0.000269,0,loso,36,test,159,40,1,1,0.775290594208054
loso_LGBM_fold36,full,LGBM,V_raw,A0,T_main,0.000269,0,loso,36,test,160,40,1,1,0.828321435954007
loso_LGBM_fold36,full,LGBM,V_raw,A0,T_main,0.000269,0,loso,36,test,161,40,1,1,0.9171398815700892
loso_LGBM_fold36,full,LGBM,V_raw,A0,T_main,0.000269,0,loso,36,test,162,40,1,1,0.9171398815700892
loso_CB_fold36,full,CB,V_raw,A0,T_main,0.000269,0,loso,36,test,153,40,1,0,0.1682932748271644
loso_CB_fold36,full,CB,V_raw,A0,T_main,0.000269,0,loso,36,test,154,40,1,1,0.7065554614197038
loso_CB_fold36,full,CB,V_raw,A0,T_main,0.000269,0,loso,36,test,155,40,1,1,0.6421693311087369
loso_CB_fold36,full,CB,V_raw,A0,T_main,0.000269,0,loso,36,test,156,40,1,1,0.6990566761640238
loso_CB_fold36,full,CB,V_raw,A0,T_main,0.000269,0,loso,36,test,157,40,1,1,0.7321576936210403
loso_CB_fold36,full,CB,V_raw,A0,T_main,0.000269,0,loso,36,test,158,40,1,0,0.156616604558942
loso_CB_fold36,full,CB,V_raw,A0,T_main,0.000269,0,loso,36,test,159,40,1,1,0.6047398641544967
loso_CB_fold36,full,CB,V_raw,A0,T_main,0.000269,0,loso,36,test,160,40,1,1,0.6197809789817913
loso_CB_fold36,full,CB,V_raw,A0,T_main,0.000269,0,loso,36,test,161,40,1,1,0.6197809789817913
loso_CB_fold36,full,CB,V_raw,A0,T_main,0.000269,0,loso,36,test,162,40,1,1,0.63093077584399
loso_DT_fold37,full,DT,V_raw,A0,T_main,0.000269,0,loso,37,test,163,41,0,0,0.0
loso_DT_fold37,full,DT,V_raw,A0,T_main,0.000269,0,loso,37,test,164,41,1,1,1.0
loso_DT_fold37,full,DT,V_raw,A0,T_main,0.000269,0,loso,37,test,165,41,1,1,1.0
loso_DT_fold37,full,DT,V_raw,A0,T_main,0.000269,0,loso,37,test,166,41,1,1,1.0
loso_DT_fold37,full,DT,V_raw,A0,T_main,0.000269,0,loso,37,test,167,41,1,1,1.0
loso_DT_fold37,full,DT,V_raw,A0,T_main,0.000269,0,loso,37,test,168,41,0,0,0.0
loso_DT_fold37,full,DT,V_raw,A0,T_main,0.000269,0,loso,37,test,169,41,0,0,0.0
loso_RF_fold37,full,RF,V_raw,A0,T_main,0.000269,0,loso,37,test,163,41,0,1,0.6115079365079366
loso_RF_fold37,full,RF,V_raw,A0,T_main,0.000269,0,loso,37,test,164,41,1,1,0.6881746031746032
loso_RF_fold37,full,RF,V_raw,A0,T_main,0.000269,0,loso,37,test,165,41,1,1,0.7037301587301589
loso_RF_fold37,full,RF,V_raw,A0,T_main,0.000269,0,loso,37,test,166,41,1,1,0.6990634920634922
loso_RF_fold37,full,RF,V_raw,A0,T_main,0.000269,0,loso,37,test,167,41,1,1,0.6457301587301588
loso_RF_fold37,full,RF,V_raw,A0,T_main,0.000269,0,loso,37,test,168,41,0,1,0.5821666666666667
loso_RF_fold37,full,RF,V_raw,A0,T_main,0.000269,0,loso,37,test,169,41,0,0,0.2433333333333333
loso_LGBM_fold37,full,LGBM,V_raw,A0,T_main,0.000269,0,loso,37,test,163,41,0,1,0.6923239722490221
loso_LGBM_fold37,full,LGBM,V_raw,A0,T_main,0.000269,0,loso,37,test,164,41,1,1,0.9737590911439594
loso_LGBM_fold37,full,LGBM,V_raw,A0,T_main,0.000269,0,loso,37,test,165,41,1,1,0.9935870557861058
loso_LGBM_fold37,full,LGBM,V_raw,A0,T_main,0.000269,0,loso,37,test,166,41,1,1,0.9740515348476616
loso_LGBM_fold37,full,LGBM,V_raw,A0,T_main,0.000269,0,loso,37,test,167,41,1,1,0.7605736145404913
loso_LGBM_fold37,full,LGBM,V_raw,A0,T_main,0.000269,0,loso,37,test,168,41,0,0,0.4089852432457701
loso_LGBM_fold37,full,LGBM,V_raw,A0,T_main,0.000269,0,loso,37,test,169,41,0,0,0.0015600489475393
loso_CB_fold37,full,CB,V_raw,A0,T_main,0.000269,0,loso,37,test,163,41,0,1,0.746803559200684
loso_CB_fold37,full,CB,V_raw,A0,T_main,0.000269,0,loso,37,test,164,41,1,1,0.8407260451331993
loso_CB_fold37,full,CB,V_raw,A0,T_main,0.000269,0,loso,37,test,165,41,1,1,0.869686011664188
loso_CB_fold37,full,CB,V_raw,A0,T_main,0.000269,0,loso,37,test,166,41,1,1,0.8355177798769451
loso_CB_fold37,full,CB,V_raw,A0,T_main,0.000269,0,loso,37,test,167,41,1,1,0.8084972505980831
loso_CB_fold37,full,CB,V_raw,A0,T_main,0.000269,0,loso,37,test,168,41,0,1,0.5531502814766055
loso_CB_fold37,full,CB,V_raw,A0,T_main,0.000269,0,loso,37,test,169,41,0,0,0.0801525868666421
loso_DT_fold38,full,DT,V_raw,A0,T_main,0.000269,0,loso,38,test,171,43,0,0,0.0
loso_DT_fold38,full,DT,V_raw,A0,T_main,0.000269,0,loso,38,test,172,43,0,1,1.0
loso_DT_fold38,full,DT,V_raw,A0,T_main,0.000269,0,loso,38,test,173,43,0,1,1.0
loso_DT_fold38,full,DT,V_raw,A0,T_main,0.000269,0,loso,38,test,174,43,0,1,1.0
loso_RF_fold38,full,RF,V_raw,A0,T_main,0.000269,0,loso,38,test,171,43,0,0,0.0258796651201946
loso_RF_fold38,full,RF,V_raw,A0,T_main,0.000269,0,loso,38,test,172,43,0,1,0.6464822765202519
loso_RF_fold38,full,RF,V_raw,A0,T_main,0.000269,0,loso,38,test,173,43,0,1,0.6545378320758075
loso_RF_fold38,full,RF,V_raw,A0,T_main,0.000269,0,loso,38,test,174,43,0,1,0.6545378320758075
loso_LGBM_fold38,full,LGBM,V_raw,A0,T_main,0.000269,0,loso,38,test,171,43,0,0,4.55106983966615e-08
loso_LGBM_fold38,full,LGBM,V_raw,A0,T_main,0.000269,0,loso,38,test,172,43,0,0,0.0239912338352716
loso_LGBM_fold38,full,LGBM,V_raw,A0,T_main,0.000269,0,loso,38,test,173,43,0,0,0.1909666729584064
loso_LGBM_fold38,full,LGBM,V_raw,A0,T_main,0.000269,0,loso,38,test,174,43,0,0,0.1909666729584064
loso_CB_fold38,full,CB,V_raw,A0,T_main,0.000269,0,loso,38,test,171,43,0,0,0.0008695439284389
loso_CB_fold38,full,CB,V_raw,A0,T_main,0.000269,0,loso,38,test,172,43,0,1,0.8415710816695517
loso_CB_fold38,full,CB,V_raw,A0,T_main,0.000269,0,loso,38,test,173,43,0,1,0.8954773562885144
loso_CB_fold38,full,CB,V_raw,A0,T_main,0.000269,0,loso,38,test,174,43,0,1,0.8990838383817928
loso_DT_fold39,full,DT,V_raw,A0,T_main,0.000269,0,loso,39,test,175,44,1,1,1.0
loso_DT_fold39,full,DT,V_raw,A0,T_main,0.000269,0,loso,39,test,176,44,1,1,1.0
loso_DT_fold39,full,DT,V_raw,A0,T_main,0.000269,0,loso,39,test,177,44,1,1,1.0
loso_RF_fold39,full,RF,V_raw,A0,T_main,0.000269,0,loso,39,test,175,44,1,0,0.4915027119129806
loso_RF_fold39,full,RF,V_raw,A0,T_main,0.000269,0,loso,39,test,176,44,1,1,0.6183862096774264
loso_RF_fold39,full,RF,V_raw,A0,T_main,0.000269,0,loso,39,test,177,44,1,1,0.6628353887663113
loso_LGBM_fold39,full,LGBM,V_raw,A0,T_main,0.000269,0,loso,39,test,175,44,1,0,0.1503532886860214
loso_LGBM_fold39,full,LGBM,V_raw,A0,T_main,0.000269,0,loso,39,test,176,44,1,1,0.9848623945688286
loso_LGBM_fold39,full,LGBM,V_raw,A0,T_main,0.000269,0,loso,39,test,177,44,1,1,0.9998276672352076
loso_CB_fold39,full,CB,V_raw,A0,T_main,0.000269,0,loso,39,test,175,44,1,0,0.0851318936333608
loso_CB_fold39,full,CB,V_raw,A0,T_main,0.000269,0,loso,39,test,176,44,1,0,0.3825792943681077
loso_CB_fold39,full,CB,V_raw,A0,T_main,0.000269,0,loso,39,test,177,44,1,1,0.653959403565983
loso_DT_fold40,full,DT,V_raw,A0,T_main,0.000269,0,loso,40,test,178,45,1,0,0.0
loso_DT_fold40,full,DT,V_raw,A0,T_main,0.000269,0,loso,40,test,179,45,1,0,0.0
loso_DT_fold40,full,DT,V_raw,A0,T_main,0.000269,0,loso,40,test,180,45,1,0,0.0
loso_DT_fold40,full,DT,V_raw,A0,T_main,0.000269,0,loso,40,test,181,45,0,0,0.0
loso_RF_fold40,full,RF,V_raw,A0,T_main,0.000269,0,loso,40,test,178,45,1,1,0.5673333333333332
loso_RF_fold40,full,RF,V_raw,A0,T_main,0.000269,0,loso,40,test,179,45,1,1,0.6406666666666666
loso_RF_fold40,full,RF,V_raw,A0,T_main,0.000269,0,loso,40,test,180,45,1,1,0.5806666666666667
loso_RF_fold40,full,RF,V_raw,A0,T_main,0.000269,0,loso,40,test,181,45,0,1,0.5473333333333333
loso_LGBM_fold40,full,LGBM,V_raw,A0,T_main,0.000269,0,loso,40,test,178,45,1,1,0.9473453486435656
loso_LGBM_fold40,full,LGBM,V_raw,A0,T_main,0.000269,0,loso,40,test,179,45,1,1,0.9979870851065116
loso_LGBM_fold40,full,LGBM,V_raw,A0,T_main,0.000269,0,loso,40,test,180,45,1,1,0.9440542764667508
loso_LGBM_fold40,full,LGBM,V_raw,A0,T_main,0.000269,0,loso,40,test,181,45,0,1,0.9440542764667508
loso_CB_fold40,full,CB,V_raw,A0,T_main,0.000269,0,loso,40,test,178,45,1,1,0.7673104807368794
loso_CB_fold40,full,CB,V_raw,A0,T_main,0.000269,0,loso,40,test,179,45,1,1,0.9616117793143192
loso_CB_fold40,full,CB,V_raw,A0,T_main,0.000269,0,loso,40,test,180,45,1,1,0.8695817818090967
loso_CB_fold40,full,CB,V_raw,A0,T_main,0.000269,0,loso,40,test,181,45,0,1,0.8524807813363523
loso_DT_fold41,full,DT,V_raw,A0,T_main,0.000269,0,loso,41,test,182,46,1,0,0.0
loso_RF_fold41,full,RF,V_raw,A0,T_main,0.000269,0,loso,41,test,182,46,1,1,0.5352777777777779
loso_LGBM_fold41,full,LGBM,V_raw,A0,T_main,0.000269,0,loso,41,test,182,46,1,1,0.9571315247623248
loso_CB_fold41,full,CB,V_raw,A0,T_main,0.000269,0,loso,41,test,182,46,1,1,0.629917778897293
loso_DT_fold42,full,DT,V_raw,A0,T_main,0.000269,0,loso,42,test,183,47,0,0,0.0
loso_DT_fold42,full,DT,V_raw,A0,T_main,0.000269,0,loso,42,test,184,47,1,0,0.0
loso_DT_fold42,full,DT,V_raw,A0,T_main,0.000269,0,loso,42,test,185,47,1,1,0.6666666666666666
loso_DT_fold42,full,DT,V_raw,A0,T_main,0.000269,0,loso,42,test,186,47,1,0,0.0
loso_DT_fold42,full,DT,V_raw,A0,T_main,0.000269,0,loso,42,test,187,47,0,0,0.0
loso_RF_fold42,full,RF,V_raw,A0,T_main,0.000269,0,loso,42,test,183,47,0,0,0.0353968253968254
loso_RF_fold42,full,RF,V_raw,A0,T_main,0.000269,0,loso,42,test,184,47,1,0,0.1798186711117745
loso_RF_fold42,full,RF,V_raw,A0,T_main,0.000269,0,loso,42,test,185,47,1,0,0.3363786624513428
loso_RF_fold42,full,RF,V_raw,A0,T_main,0.000269,0,loso,42,test,186,47,1,0,0.1730682761921676
loso_RF_fold42,full,RF,V_raw,A0,T_main,0.000269,0,loso,42,test,187,47,0,0,0.0707380242496521
loso_LGBM_fold42,full,LGBM,V_raw,A0,T_main,0.000269,0,loso,42,test,183,47,0,0,0.0001807621890157
loso_LGBM_fold42,full,LGBM,V_raw,A0,T_main,0.000269,0,loso,42,test,184,47,1,0,0.0077914702814419
loso_LGBM_fold42,full,LGBM,V_raw,A0,T_main,0.000269,0,loso,42,test,185,47,1,0,0.3556674291549465
loso_LGBM_fold42,full,LGBM,V_raw,A0,T_main,0.000269,0,loso,42,test,186,47,1,0,0.0010098011242011
loso_LGBM_fold42,full,LGBM,V_raw,A0,T_main,0.000269,0,loso,42,test,187,47,0,0,9.104882758140338e-05
loso_CB_fold42,full,CB,V_raw,A0,T_main,0.000269,0,loso,42,test,183,47,0,0,0.0050664134994425
loso_CB_fold42,full,CB,V_raw,A0,T_main,0.000269,0,loso,42,test,184,47,1,0,0.0101532399553603
loso_CB_fold42,full,CB,V_raw,A0,T_main,0.000269,0,loso,42,test,185,47,1,0,0.0889255469347466
loso_CB_fold42,full,CB,V_raw,A0,T_main,0.000269,0,loso,42,test,186,47,1,0,0.0076318776142935
loso_CB_fold42,full,CB,V_raw,A0,T_main,0.000269,0,loso,42,test,187,47,0,0,0.0005320066644053
loso_DT_fold43,full,DT,V_raw,A0,T_main,0.000269,0,loso,43,test,194,49,0,1,1.0
loso_DT_fold43,full,DT,V_raw,A0,T_main,0.000269,0,loso,43,test,195,49,1,0,0.0
loso_DT_fold43,full,DT,V_raw,A0,T_main,0.000269,0,loso,43,test,196,49,1,0,0.0
loso_DT_fold43,full,DT,V_raw,A0,T_main,0.000269,0,loso,43,test,197,49,1,0,0.0
loso_DT_fold43,full,DT,V_raw,A0,T_main,0.000269,0,loso,43,test,198,49,0,0,0.0
loso_RF_fold43,full,RF,V_raw,A0,T_main,0.000269,0,loso,43,test,194,49,0,0,0.3410954415954416
loso_RF_fold43,full,RF,V_raw,A0,T_main,0.000269,0,loso,43,test,195,49,1,0,0.4761039220930841
loso_RF_fold43,full,RF,V_raw,A0,T_main,0.000269,0,loso,43,test,196,49,1,0,0.4830957709399025
loso_RF_fold43,full,RF,V_raw,A0,T_main,0.000269,0,loso,43,test,197,49,1,0,0.3675576115684098
loso_RF_fold43,full,RF,V_raw,A0,T_main,0.000269,0,loso,43,test,198,49,0,0,0.1304208009625966
loso_LGBM_fold43,full,LGBM,V_raw,A0,T_main,0.000269,0,loso,43,test,194,49,0,0,0.2250886459072932
loso_LGBM_fold43,full,LGBM,V_raw,A0,T_main,0.000269,0,loso,43,test,195,49,1,1,0.831153796455
loso_LGBM_fold43,full,LGBM,V_raw,A0,T_main,0.000269,0,loso,43,test,196,49,1,1,0.7294827007848296
loso_LGBM_fold43,full,LGBM,V_raw,A0,T_main,0.000269,0,loso,43,test,197,49,1,1,0.649127661650715
loso_LGBM_fold43,full,LGBM,V_raw,A0,T_main,0.000269,0,loso,43,test,198,49,0,0,0.0030689379177027
loso_CB_fold43,full,CB,V_raw,A0,T_main,0.000269,0,loso,43,test,194,49,0,0,0.4424026030068863
loso_CB_fold43,full,CB,V_raw,A0,T_main,0.000269,0,loso,43,test,195,49,1,1,0.5835970401510864
loso_CB_fold43,full,CB,V_raw,A0,T_main,0.000269,0,loso,43,test,196,49,1,1,0.6903358153993543
loso_CB_fold43,full,CB,V_raw,A0,T_main,0.000269,0,loso,43,test,197,49,1,0,0.3643830147354081
loso_CB_fold43,full,CB,V_raw,A0,T_main,0.000269,0,loso,43,test,198,49,0,0,0.0094447844699733
loso_DT_fold44,full,DT,V_raw,A0,T_main,0.000269,0,loso,44,test,199,50,1,0,0.0
loso_DT_fold44,full,DT,V_raw,A0,T_main,0.000269,0,loso,44,test,200,50,0,0,0.0
loso_DT_fold44,full,DT,V_raw,A0,T_main,0.000269,0,loso,44,test,201,50,0,0,0.0
loso_DT_fold44,full,DT,V_raw,A0,T_main,0.000269,0,loso,44,test,202,50,0,0,0.0
loso_RF_fold44,full,RF,V_raw,A0,T_main,0.000269,0,loso,44,test,199,50,1,1,0.5728009459462345
loso_RF_fold44,full,RF,V_raw,A0,T_main,0.000269,0,loso,44,test,200,50,0,1,0.5551163102319249
loso_RF_fold44,full,RF,V_raw,A0,T_main,0.000269,0,loso,44,test,201,50,0,1,0.5729616221551439
loso_RF_fold44,full,RF,V_raw,A0,T_main,0.000269,0,loso,44,test,202,50,0,0,0.3773388872625352
loso_LGBM_fold44,full,LGBM,V_raw,A0,T_main,0.000269,0,loso,44,test,199,50,1,1,0.6011721479767217
loso_LGBM_fold44,full,LGBM,V_raw,A0,T_main,0.000269,0,loso,44,test,200,50,0,0,0.2489552698204814
loso_LGBM_fold44,full,LGBM,V_raw,A0,T_main,0.000269,0,loso,44,test,201,50,0,1,0.9280688943552136
loso_LGBM_fold44,full,LGBM,V_raw,A0,T_main,0.000269,0,loso,44,test,202,50,0,1,0.7741183315124948
loso_CB_fold44,full,CB,V_raw,A0,T_main,0.000269,0,loso,44,test,199,50,1,1,0.6151418545847042
loso_CB_fold44,full,CB,V_raw,A0,T_main,0.000269,0,loso,44,test,200,50,0,1,0.6671695380451941
loso_CB_fold44,full,CB,V_raw,A0,T_main,0.000269,0,loso,44,test,201,50,0,1,0.6989358489804195
loso_CB_fold44,full,CB,V_raw,A0,T_main,0.000269,0,loso,44,test,202,50,0,0,0.1089332930443595
loso_DT_fold45,full,DT,V_raw,A0,T_main,0.000269,0,loso,45,test,203,51,1,1,1.0
loso_DT_fold45,full,DT,V_raw,A0,T_main,0.000269,0,loso,45,test,204,51,0,1,1.0
loso_DT_fold45,full,DT,V_raw,A0,T_main,0.000269,0,loso,45,test,205,51,1,0,0.0
loso_RF_fold45,full,RF,V_raw,A0,T_main,0.000269,0,loso,45,test,203,51,1,1,0.8186111111111113
loso_RF_fold45,full,RF,V_raw,A0,T_main,0.000269,0,loso,45,test,204,51,0,1,0.6633333333333334
loso_RF_fold45,full,RF,V_raw,A0,T_main,0.000269,0,loso,45,test,205,51,1,0,0.0833333333333333
loso_LGBM_fold45,full,LGBM,V_raw,A0,T_main,0.000269,0,loso,45,test,203,51,1,1,0.9840390938937982
loso_LGBM_fold45,full,LGBM,V_raw,A0,T_main,0.000269,0,loso,45,test,204,51,0,1,0.6750265169657691
loso_LGBM_fold45,full,LGBM,V_raw,A0,T_main,0.000269,0,loso,45,test,205,51,1,0,0.0032252018930585
loso_CB_fold45,full,CB,V_raw,A0,T_main,0.000269,0,loso,45,test,203,51,1,1,0.9829429856018974
loso_CB_fold45,full,CB,V_raw,A0,T_main,0.000269,0,loso,45,test,204,51,0,1,0.8458876113337402
loso_CB_fold45,full,CB,V_raw,A0,T_main,0.000269,0,loso,45,test,205,51,1,0,0.0186787768436135
loso_DT_fold46,full,DT,V_raw,A0,T_main,0.000269,0,loso,46,test,206,53,0,1,1.0
loso_RF_fold46,full,RF,V_raw,A0,T_main,0.000269,0,loso,46,test,206,53,0,0,0.4366666666666666
loso_LGBM_fold46,full,LGBM,V_raw,A0,T_main,0.000269,0,loso,46,test,206,53,0,0,0.4360306984437933
loso_CB_fold46,full,CB,V_raw,A0,T_main,0.000269,0,loso,46,test,206,53,0,0,0.2556664948117624
loso_DT_fold47,full,DT,V_raw,A0,T_main,0.000269,0,loso,47,test,207,54,0,1,1.0
loso_DT_fold47,full,DT,V_raw,A0,T_main,0.000269,0,loso,47,test,208,54,0,1,1.0
loso_DT_fold47,full,DT,V_raw,A0,T_main,0.000269,0,loso,47,test,209,54,0,1,1.0
loso_DT_fold47,full,DT,V_raw,A0,T_main,0.000269,0,loso,47,test,210,54,0,1,1.0
loso_DT_fold47,full,DT,V_raw,A0,T_main,0.000269,0,loso,47,test,211,54,1,1,1.0
loso_DT_fold47,full,DT,V_raw,A0,T_main,0.000269,0,loso,47,test,212,54,1,1,1.0
loso_DT_fold47,full,DT,V_raw,A0,T_main,0.000269,0,loso,47,test,213,54,0,1,1.0
loso_DT_fold47,full,DT,V_raw,A0,T_main,0.000269,0,loso,47,test,214,54,0,1,1.0
loso_DT_fold47,full,DT,V_raw,A0,T_main,0.000269,0,loso,47,test,215,54,0,1,1.0
loso_DT_fold47,full,DT,V_raw,A0,T_main,0.000269,0,loso,47,test,216,54,1,1,1.0
loso_DT_fold47,full,DT,V_raw,A0,T_main,0.000269,0,loso,47,test,217,54,1,1,1.0
loso_DT_fold47,full,DT,V_raw,A0,T_main,0.000269,0,loso,47,test,218,54,1,1,1.0
loso_DT_fold47,full,DT,V_raw,A0,T_main,0.000269,0,loso,47,test,219,54,0,1,1.0
loso_DT_fold47,full,DT,V_raw,A0,T_main,0.000269,0,loso,47,test,220,54,0,1,1.0
loso_DT_fold47,full,DT,V_raw,A0,T_main,0.000269,0,loso,47,test,221,54,0,1,1.0
loso_DT_fold47,full,DT,V_raw,A0,T_main,0.000269,0,loso,47,test,222,54,0,1,1.0
loso_DT_fold47,full,DT,V_raw,A0,T_main,0.000269,0,loso,47,test,223,54,1,1,1.0
loso_DT_fold47,full,DT,V_raw,A0,T_main,0.000269,0,loso,47,test,224,54,1,1,1.0
loso_RF_fold47,full,RF,V_raw,A0,T_main,0.000269,0,loso,47,test,207,54,0,1,0.7291301524723626
loso_RF_fold47,full,RF,V_raw,A0,T_main,0.000269,0,loso,47,test,208,54,0,1,0.7763944167366268
loso_RF_fold47,full,RF,V_raw,A0,T_main,0.000269,0,loso,47,test,209,54,0,1,0.7934096923809346
loso_RF_fold47,full,RF,V_raw,A0,T_main,0.000269,0,loso,47,test,210,54,0,1,0.8646152969575072
loso_RF_fold47,full,RF,V_raw,A0,T_main,0.000269,0,loso,47,test,211,54,1,1,0.8952128945551046
loso_RF_fold47,full,RF,V_raw,A0,T_main,0.000269,0,loso,47,test,212,54,1,1,0.9004689109401534
loso_RF_fold47,full,RF,V_raw,A0,T_main,0.000269,0,loso,47,test,213,54,0,1,0.7291301524723626
loso_RF_fold47,full,RF,V_raw,A0,T_main,0.000269,0,loso,47,test,214,54,0,1,0.7763944167366268
loso_RF_fold47,full,RF,V_raw,A0,T_main,0.000269,0,loso,47,test,215,54,0,1,0.7934096923809346
loso_RF_fold47,full,RF,V_raw,A0,T_main,0.000269,0,loso,47,test,216,54,1,1,0.8646152969575072
loso_RF_fold47,full,RF,V_raw,A0,T_main,0.000269,0,loso,47,test,217,54,1,1,0.8952128945551046
loso_RF_fold47,full,RF,V_raw,A0,T_main,0.000269,0,loso,47,test,218,54,1,1,0.9004689109401534
loso_RF_fold47,full,RF,V_raw,A0,T_main,0.000269,0,loso,47,test,219,54,0,1,0.7291301524723626
loso_RF_fold47,full,RF,V_raw,A0,T_main,0.000269,0,loso,47,test,220,54,0,1,0.7763944167366268
loso_RF_fold47,full,RF,V_raw,A0,T_main,0.000269,0,loso,47,test,221,54,0,1,0.7934096923809346
loso_RF_fold47,full,RF,V_raw,A0,T_main,0.000269,0,loso,47,test,222,54,0,1,0.8646152969575072
loso_RF_fold47,full,RF,V_raw,A0,T_main,0.000269,0,loso,47,test,223,54,1,1,0.8952128945551046
loso_RF_fold47,full,RF,V_raw,A0,T_main,0.000269,0,loso,47,test,224,54,1,1,0.9004689109401534
loso_LGBM_fold47,full,LGBM,V_raw,A0,T_main,0.000269,0,loso,47,test,207,54,0,1,0.8163317200831061
loso_LGBM_fold47,full,LGBM,V_raw,A0,T_main,0.000269,0,loso,47,test,208,54,0,1,0.9194729040593144
loso_LGBM_fold47,full,LGBM,V_raw,A0,T_main,0.000269,0,loso,47,test,209,54,0,1,0.9237454379537996
loso_LGBM_fold47,full,LGBM,V_raw,A0,T_main,0.000269,0,loso,47,test,210,54,0,1,0.984391871626584
loso_LGBM_fold47,full,LGBM,V_raw,A0,T_main,0.000269,0,loso,47,test,211,54,1,1,0.993865965093618
loso_LGBM_fold47,full,LGBM,V_raw,A0,T_main,0.000269,0,loso,47,test,212,54,1,1,0.993865965093618
loso_LGBM_fold47,full,LGBM,V_raw,A0,T_main,0.000269,0,loso,47,test,213,54,0,1,0.8163317200831061
loso_LGBM_fold47,full,LGBM,V_raw,A0,T_main,0.000269,0,loso,47,test,214,54,0,1,0.9194729040593144
loso_LGBM_fold47,full,LGBM,V_raw,A0,T_main,0.000269,0,loso,47,test,215,54,0,1,0.9237454379537996
loso_LGBM_fold47,full,LGBM,V_raw,A0,T_main,0.000269,0,loso,47,test,216,54,1,1,0.984391871626584
loso_LGBM_fold47,full,LGBM,V_raw,A0,T_main,0.000269,0,loso,47,test,217,54,1,1,0.993865965093618
loso_LGBM_fold47,full,LGBM,V_raw,A0,T_main,0.000269,0,loso,47,test,218,54,1,1,0.993865965093618
loso_LGBM_fold47,full,LGBM,V_raw,A0,T_main,0.000269,0,loso,47,test,219,54,0,1,0.8163317200831061
loso_LGBM_fold47,full,LGBM,V_raw,A0,T_main,0.000269,0,loso,47,test,220,54,0,1,0.9194729040593144
loso_LGBM_fold47,full,LGBM,V_raw,A0,T_main,0.000269,0,loso,47,test,221,54,0,1,0.9237454379537996
loso_LGBM_fold47,full,LGBM,V_raw,A0,T_main,0.000269,0,loso,47,test,222,54,0,1,0.984391871626584
loso_LGBM_fold47,full,LGBM,V_raw,A0,T_main,0.000269,0,loso,47,test,223,54,1,1,0.993865965093618
loso_LGBM_fold47,full,LGBM,V_raw,A0,T_main,0.000269,0,loso,47,test,224,54,1,1,0.993865965093618
loso_CB_fold47,full,CB,V_raw,A0,T_main,0.000269,0,loso,47,test,207,54,0,1,0.95995620126781
loso_CB_fold47,full,CB,V_raw,A0,T_main,0.000269,0,loso,47,test,208,54,0,1,0.9928822982887552
loso_CB_fold47,full,CB,V_raw,A0,T_main,0.000269,0,loso,47,test,209,54,0,1,0.9923918571540838
loso_CB_fold47,full,CB,V_raw,A0,T_main,0.000269,0,loso,47,test,210,54,0,1,0.9902935651804256
loso_CB_fold47,full,CB,V_raw,A0,T_main,0.000269,0,loso,47,test,211,54,1,1,0.9992672069473
loso_CB_fold47,full,CB,V_raw,A0,T_main,0.000269,0,loso,47,test,212,54,1,1,0.9989531079682584
loso_CB_fold47,full,CB,V_raw,A0,T_main,0.000269,0,loso,47,test,213,54,0,1,0.95995620126781
loso_CB_fold47,full,CB,V_raw,A0,T_main,0.000269,0,loso,47,test,214,54,0,1,0.9928822982887552
loso_CB_fold47,full,CB,V_raw,A0,T_main,0.000269,0,loso,47,test,215,54,0,1,0.9923918571540838
loso_CB_fold47,full,CB,V_raw,A0,T_main,0.000269,0,loso,47,test,216,54,1,1,0.9902935651804256
loso_CB_fold47,full,CB,V_raw,A0,T_main,0.000269,0,loso,47,test,217,54,1,1,0.9992672069473
loso_CB_fold47,full,CB,V_raw,A0,T_main,0.000269,0,loso,47,test,218,54,1,1,0.9989531079682584
loso_CB_fold47,full,CB,V_raw,A0,T_main,0.000269,0,loso,47,test,219,54,0,1,0.95995620126781
loso_CB_fold47,full,CB,V_raw,A0,T_main,0.000269,0,loso,47,test,220,54,0,1,0.9928822982887552
loso_CB_fold47,full,CB,V_raw,A0,T_main,0.000269,0,loso,47,test,221,54,0,1,0.9923918571540838
loso_CB_fold47,full,CB,V_raw,A0,T_main,0.000269,0,loso,47,test,222,54,0,1,0.9902935651804256
loso_CB_fold47,full,CB,V_raw,A0,T_main,0.000269,0,loso,47,test,223,54,1,1,0.9992672069473
loso_CB_fold47,full,CB,V_raw,A0,T_main,0.000269,0,loso,47,test,224,54,1,1,0.9989531079682584
loso_DT_fold48,full,DT,V_raw,A0,T_main,0.000269,0,loso,48,test,225,55,1,1,1.0
loso_DT_fold48,full,DT,V_raw,A0,T_main,0.000269,0,loso,48,test,226,55,1,1,1.0
loso_DT_fold48,full,DT,V_raw,A0,T_main,0.000269,0,loso,48,test,227,55,1,1,1.0
loso_DT_fold48,full,DT,V_raw,A0,T_main,0.000269,0,loso,48,test,228,55,1,1,1.0
loso_RF_fold48,full,RF,V_raw,A0,T_main,0.000269,0,loso,48,test,225,55,1,1,0.8122222222222222
loso_RF_fold48,full,RF,V_raw,A0,T_main,0.000269,0,loso,48,test,226,55,1,1,0.8088888888888889
loso_RF_fold48,full,RF,V_raw,A0,T_main,0.000269,0,loso,48,test,227,55,1,1,0.7155555555555555
loso_RF_fold48,full,RF,V_raw,A0,T_main,0.000269,0,loso,48,test,228,55,1,1,0.7122222222222222
loso_LGBM_fold48,full,LGBM,V_raw,A0,T_main,0.000269,0,loso,48,test,225,55,1,1,0.9406129263110996
loso_LGBM_fold48,full,LGBM,V_raw,A0,T_main,0.000269,0,loso,48,test,226,55,1,1,0.9406129263110996
loso_LGBM_fold48,full,LGBM,V_raw,A0,T_main,0.000269,0,loso,48,test,227,55,1,1,0.896793712519754
loso_LGBM_fold48,full,LGBM,V_raw,A0,T_main,0.000269,0,loso,48,test,228,55,1,1,0.8408595410774823
loso_CB_fold48,full,CB,V_raw,A0,T_main,0.000269,0,loso,48,test,225,55,1,1,0.8200596352301824
loso_CB_fold48,full,CB,V_raw,A0,T_main,0.000269,0,loso,48,test,226,55,1,1,0.8380118091287555
loso_CB_fold48,full,CB,V_raw,A0,T_main,0.000269,0,loso,48,test,227,55,1,1,0.776687602412322
loso_CB_fold48,full,CB,V_raw,A0,T_main,0.000269,0,loso,48,test,228,55,1,1,0.8186147317422037
